ISO-10303-21;
HEADER;
FILE_DESCRIPTION (( 'STEP AP214' ),
    '1' );
FILE_NAME ('YH0700000_光笔样件.STEP',
    '2022-03-26T03:04:44',
    ( 'China' ),
    ( 'Home' ),
    'SwSTEP 2.0',
    'SolidWorks 2016',
    '' );
FILE_SCHEMA (( 'AUTOMOTIVE_DESIGN' ));
ENDSEC;

DATA;
#1 = VERTEX_POINT ( 'NONE', #1553 ) ;
#2 = ORIENTED_EDGE ( 'NONE', *, *, #7627, .F. ) ;
#3 =( LENGTH_UNIT ( ) NAMED_UNIT ( * ) SI_UNIT ( .MILLI., .METRE. ) );
#4 = LINE ( 'NONE', #6782, #7225 ) ;
#5 = CARTESIAN_POINT ( 'NONE',  ( 100.0000000000000300, -45.00000000000000000, 10.00000000000000000 ) ) ;
#6 = EDGE_CURVE ( 'NONE', #698, #6837, #370, .T. ) ;
#7 = EDGE_LOOP ( 'NONE', ( #585, #3359, #7300, #3279 ) ) ;
#8 = DIRECTION ( 'NONE',  ( -0.0000000000000000000, 0.0000000000000000000, 1.000000000000000000 ) ) ;
#9 = DIRECTION ( 'NONE',  ( 1.000000000000000000, 0.0000000000000000000, 0.0000000000000000000 ) ) ;
#10 = CARTESIAN_POINT ( 'NONE',  ( 0.0000000000000000000, 0.0000000000000000000, 50.00000000000000000 ) ) ;
#11 = CIRCLE ( 'NONE', #6993, 2.500000000000002200 ) ;
#12 = CARTESIAN_POINT ( 'NONE',  ( 50.00000000000000000, -0.5000000000000002200, 0.0000000000000000000 ) ) ;
#13 = ORIENTED_EDGE ( 'NONE', *, *, #1509, .F. ) ;
#14 = ORIENTED_EDGE ( 'NONE', *, *, #7311, .T. ) ;
#15 = CARTESIAN_POINT ( 'NONE',  ( -67.65000000000000600, -23.00000000000000000, 6.000000000000000000 ) ) ;
#16 = ADVANCED_FACE ( 'NONE', ( #4472 ), #5761, .F. ) ;
#17 = AXIS2_PLACEMENT_3D ( 'NONE', #1565, #2739, #3933 ) ;
#18 = CARTESIAN_POINT ( 'NONE',  ( -89.99999999999991500, 75.00000000000000000, 10.00000000000000000 ) ) ;
#19 = CARTESIAN_POINT ( 'NONE',  ( -30.68489076841715500, -3.757815326172823200E-015, 46.07477892059625900 ) ) ;
#20 = EDGE_CURVE ( 'NONE', #6209, #3335, #5993, .T. ) ;
#21 = ORIENTED_EDGE ( 'NONE', *, *, #5769, .T. ) ;
#22 = VERTEX_POINT ( 'NONE', #5156 ) ;
#23 = CARTESIAN_POINT ( 'NONE',  ( 45.00000000000000700, -68.00000000000000000, 6.000000000000000000 ) ) ;
#24 = DIRECTION ( 'NONE',  ( -1.000000000000000000, 0.0000000000000000000, -0.0000000000000000000 ) ) ;
#25 = CARTESIAN_POINT ( 'NONE',  ( -34.50245047955376500, -4.225331554252558300E-015, 53.51438774526344100 ) ) ;
#26 = CARTESIAN_POINT ( 'NONE',  ( 0.0000000000000000000, 0.0000000000000000000, 12.00000000000000200 ) ) ;
#27 = AXIS2_PLACEMENT_3D ( 'NONE', #3521, #5285, #7061 ) ;
#28 = EDGE_LOOP ( 'NONE', ( #1785, #7840 ) ) ;
#29 = VECTOR ( 'NONE', #1569, 1000.000000000000000 ) ;
#30 = VERTEX_POINT ( 'NONE', #5796 ) ;
#31 = AXIS2_PLACEMENT_3D ( 'NONE', #6221, #2588, #3207 ) ;
#32 = ORIENTED_EDGE ( 'NONE', *, *, #2735, .T. ) ;
#33 = EDGE_CURVE ( 'NONE', #2240, #6562, #4007, .T. ) ;
#34 = DIRECTION ( 'NONE',  ( -1.000000000000000000, 0.0000000000000000000, 0.0000000000000000000 ) ) ;
#35 = DIRECTION ( 'NONE',  ( -1.000000000000000000, 0.0000000000000000000, 0.0000000000000000000 ) ) ;
#36 = CARTESIAN_POINT ( 'NONE',  ( -14.99999999999999600, -10.00000000000000000, 16.00000000000000000 ) ) ;
#37 = CIRCLE ( 'NONE', #6590, 9.999999999999998200 ) ;
#38 = CYLINDRICAL_SURFACE ( 'NONE', #203, 1.650000000000005700 ) ;
#39 = EDGE_LOOP ( 'NONE', ( #2764, #3865, #5754, #6166 ) ) ;
#40 = EDGE_LOOP ( 'NONE', ( #2800, #7624 ) ) ;
#41 = CARTESIAN_POINT ( 'NONE',  ( -5.000000000000011500, -55.00000000000000000, 0.0000000000000000000 ) ) ;
#42 = EDGE_CURVE ( 'NONE', #7127, #2759, #5808, .T. ) ;
#43 = DIRECTION ( 'NONE',  ( 0.0000000000000000000, -1.000000000000000000, 0.0000000000000000000 ) ) ;
#44 = AXIS2_PLACEMENT_3D ( 'NONE', #5305, #1696, #6571 ) ;
#45 = DIRECTION ( 'NONE',  ( 1.000000000000000000, 0.0000000000000000000, 0.0000000000000000000 ) ) ;
#46 = FACE_OUTER_BOUND ( 'NONE', #2920, .T. ) ;
#47 = ORIENTED_EDGE ( 'NONE', *, *, #3612, .T. ) ;
#48 = DIRECTION ( 'NONE',  ( 0.0000000000000000000, 0.0000000000000000000, -1.000000000000000000 ) ) ;
#49 = ORIENTED_EDGE ( 'NONE', *, *, #7768, .F. ) ;
#50 = SHAPE_REPRESENTATION_RELATIONSHIP ( 'NONE' , 'NONE' ,  #7592, #2325 ) ;
#51 = DIRECTION ( 'NONE',  ( -0.0000000000000000000, -0.0000000000000000000, 1.000000000000000000 ) ) ;
#52 = DIRECTION ( 'NONE',  ( 1.000000000000000000, 0.0000000000000000000, 0.0000000000000000000 ) ) ;
#53 = CARTESIAN_POINT ( 'NONE',  ( -17.37044324410520300, -2.127265771866420400E-015, 26.78495389014887400 ) ) ;
#54 = DIRECTION ( 'NONE',  ( -1.000000000000000000, 0.0000000000000000000, 0.0000000000000000000 ) ) ;
#55 = FACE_OUTER_BOUND ( 'NONE', #2488, .T. ) ;
#56 = CIRCLE ( 'NONE', #1333, 2.100000000000004500 ) ;
#57 = ORIENTED_EDGE ( 'NONE', *, *, #3510, .F. ) ;
#58 = EDGE_CURVE ( 'NONE', #556, #3517, #2778, .T. ) ;
#59 = AXIS2_PLACEMENT_3D ( 'NONE', #1964, #4417, #93 ) ;
#60 = ORIENTED_EDGE ( 'NONE', *, *, #7088, .T. ) ;
#61 = ADVANCED_FACE ( 'NONE', ( #5897 ), #1329, .F. ) ;
#62 =( LENGTH_UNIT ( ) NAMED_UNIT ( * ) SI_UNIT ( .MILLI., .METRE. ) );
#63 = VECTOR ( 'NONE', #2597, 1000.000000000000000 ) ;
#64 = CARTESIAN_POINT ( 'NONE',  ( -66.00000000000000000, -10.00000000000000000, 0.0000000000000000000 ) ) ;
#65 = LINE ( 'NONE', #6418, #5595 ) ;
#66 = ORIENTED_EDGE ( 'NONE', *, *, #1680, .F. ) ;
#67 = DIRECTION ( 'NONE',  ( -1.000000000000000000, -0.0000000000000000000, -0.0000000000000000000 ) ) ;
#68 = DIRECTION ( 'NONE',  ( -0.0000000000000000000, -0.0000000000000000000, 1.000000000000000000 ) ) ;
#69 = AXIS2_PLACEMENT_3D ( 'NONE', #2893, #5269, #2867 ) ;
#70 = EDGE_CURVE ( 'NONE', #1394, #7666, #7399, .T. ) ;
#71 = AXIS2_PLACEMENT_3D ( 'NONE', #6867, #108, #5016 ) ;
#72 = DIRECTION ( 'NONE',  ( 1.000000000000000000, 0.0000000000000000000, 0.0000000000000000000 ) ) ;
#73 = VECTOR ( 'NONE', #1411, 1000.000000000000000 ) ;
#74 = FACE_BOUND ( 'NONE', #6054, .T. ) ;
#75 = ORIENTED_EDGE ( 'NONE', *, *, #4649, .F. ) ;
#76 = ORIENTED_EDGE ( 'NONE', *, *, #7726, .F. ) ;
#77 = DIRECTION ( 'NONE',  ( -0.0000000000000000000, -0.0000000000000000000, 1.000000000000000000 ) ) ;
#78 = VECTOR ( 'NONE', #4884, 1000.000000000000000 ) ;
#79 = LINE ( 'NONE', #1108, #5140 ) ;
#80 = ORIENTED_EDGE ( 'NONE', *, *, #6178, .T. ) ;
#81 = AXIS2_PLACEMENT_3D ( 'NONE', #1815, #6035, #7817 ) ;
#82 = CARTESIAN_POINT ( 'NONE',  ( -89.99999999999991500, 75.00000000000000000, 0.0000000000000000000 ) ) ;
#83 = ADVANCED_FACE ( 'NONE', ( #1129 ), #4951, .F. ) ;
#84 = VERTEX_POINT ( 'NONE', #7083 ) ;
#85 = EDGE_CURVE ( 'NONE', #7047, #3181, #4654, .T. ) ;
#86 = CARTESIAN_POINT ( 'NONE',  ( -13.00000000000000200, 0.0000000000000000000, 20.00000000000000000 ) ) ;
#87 = VERTEX_POINT ( 'NONE', #1012 ) ;
#88 = DIRECTION ( 'NONE',  ( 1.000000000000000000, 0.0000000000000000000, 0.0000000000000000000 ) ) ;
#89 = FACE_BOUND ( 'NONE', #2110, .T. ) ;
#90 = ORIENTED_EDGE ( 'NONE', *, *, #261, .T. ) ;
#91 = ORIENTED_EDGE ( 'NONE', *, *, #7431, .T. ) ;
#92 = DIRECTION ( 'NONE',  ( -1.000000000000000000, 0.0000000000000000000, 0.0000000000000000000 ) ) ;
#93 = DIRECTION ( 'NONE',  ( -1.000000000000000000, 0.0000000000000000000, 0.0000000000000000000 ) ) ;
#94 = DIRECTION ( 'NONE',  ( 1.000000000000000000, 0.0000000000000000000, 0.0000000000000000000 ) ) ;
#95 = ORIENTED_EDGE ( 'NONE', *, *, #869, .T. ) ;
#96 = EDGE_CURVE ( 'NONE', #4241, #3031, #4199, .T. ) ;
#97 = AXIS2_PLACEMENT_3D ( 'NONE', #5537, #4332, #6123 ) ;
#98 = CIRCLE ( 'NONE', #2335, 8.000000000000000000 ) ;
#99 = CARTESIAN_POINT ( 'NONE',  ( 70.00000000000000000, -14.49999999999999800, 0.0000000000000000000 ) ) ;
#100 = VERTEX_POINT ( 'NONE', #4754 ) ;
#101 = CARTESIAN_POINT ( 'NONE',  ( 75.00000000000000000, -7.500000000000000000, 0.0000000000000000000 ) ) ;
#102 = ADVANCED_FACE ( 'NONE', ( #1714 ), #3062, .F. ) ;
#103 = DIRECTION ( 'NONE',  ( -0.0000000000000000000, -0.0000000000000000000, -1.000000000000000000 ) ) ;
#104 = DIRECTION ( 'NONE',  ( -1.000000000000000000, 0.0000000000000000000, 0.0000000000000000000 ) ) ;
#105 = ORIENTED_EDGE ( 'NONE', *, *, #3923, .T. ) ;
#106 = EDGE_CURVE ( 'NONE', #387, #1768, #7489, .T. ) ;
#107 = AXIS2_PLACEMENT_3D ( 'NONE', #6844, #5070, #7514 ) ;
#108 = DIRECTION ( 'NONE',  ( -0.0000000000000000000, 0.0000000000000000000, 1.000000000000000000 ) ) ;
#109 = DIRECTION ( 'NONE',  ( 0.0000000000000000000, 0.0000000000000000000, -1.000000000000000000 ) ) ;
#110 = DIRECTION ( 'NONE',  ( -0.0000000000000000000, -0.0000000000000000000, -1.000000000000000000 ) ) ;
#111 = DIRECTION ( 'NONE',  ( -0.0000000000000000000, -0.0000000000000000000, 1.000000000000000000 ) ) ;
#112 = ORIENTED_EDGE ( 'NONE', *, *, #7846, .T. ) ;
#113 = ORIENTED_EDGE ( 'NONE', *, *, #7726, .T. ) ;
#114 = DIRECTION ( 'NONE',  ( 0.0000000000000000000, 0.0000000000000000000, 1.000000000000000000 ) ) ;
#115 = AXIS2_PLACEMENT_3D ( 'NONE', #2121, #302, #4564 ) ;
#116 = EDGE_CURVE ( 'NONE', #356, #7580, #2677, .T. ) ;
#117 = CYLINDRICAL_SURFACE ( 'NONE', #2844, 15.00000000000000200 ) ;
#118 = DIRECTION ( 'NONE',  ( -0.0000000000000000000, -0.0000000000000000000, -1.000000000000000000 ) ) ;
#119 = VERTEX_POINT ( 'NONE', #4041 ) ;
#120 = DIRECTION ( 'NONE',  ( -0.0000000000000000000, -0.0000000000000000000, -1.000000000000000000 ) ) ;
#121 = EDGE_LOOP ( 'NONE', ( #2639, #4506, #6477, #1909 ) ) ;
#122 = DIRECTION ( 'NONE',  ( -1.000000000000000000, 0.0000000000000000000, -0.0000000000000000000 ) ) ;
#123 = VERTEX_POINT ( 'NONE', #437 ) ;
#124 = PLANE ( 'NONE',  #212 ) ;
#125 = AXIS2_PLACEMENT_3D ( 'NONE', #4519, #7524, #4494 ) ;
#126 = ORIENTED_EDGE ( 'NONE', *, *, #1509, .T. ) ;
#127 = DIRECTION ( 'NONE',  ( 0.0000000000000000000, 0.0000000000000000000, 1.000000000000000000 ) ) ;
#128 = CARTESIAN_POINT ( 'NONE',  ( -8.000000000000001800, -2.761211797361968100E-015, 18.00000000000000000 ) ) ;
#129 = EDGE_CURVE ( 'NONE', #3396, #2930, #3822, .T. ) ;
#130 = CARTESIAN_POINT ( 'NONE',  ( 54.00000000000000700, -55.00000000000000000, 6.000000000000000000 ) ) ;
#131 = DIRECTION ( 'NONE',  ( 0.0000000000000000000, 0.0000000000000000000, -1.000000000000000000 ) ) ;
#132 = LINE ( 'NONE', #6935, #4252 ) ;
#133 = DIRECTION ( 'NONE',  ( 1.000000000000000000, 0.0000000000000000000, 0.0000000000000000000 ) ) ;
#134 = VERTEX_POINT ( 'NONE', #5894 ) ;
#135 = CARTESIAN_POINT ( 'NONE',  ( -66.00000000000000000, 3.000000000000000900, 0.0000000000000000000 ) ) ;
#136 = ORIENTED_EDGE ( 'NONE', *, *, #33, .T. ) ;
#137 = DIRECTION ( 'NONE',  ( -1.000000000000000000, 0.0000000000000000000, 0.0000000000000000000 ) ) ;
#138 = ADVANCED_FACE ( 'NONE', ( #7200 ), #7772, .F. ) ;
#139 = CARTESIAN_POINT ( 'NONE',  ( 10.97371110333803700, -28.23236583858654600, 195.0000000000000000 ) ) ;
#140 = EDGE_CURVE ( 'NONE', #3401, #387, #2582, .T. ) ;
#141 = ORIENTED_EDGE ( 'NONE', *, *, #2726, .T. ) ;
#142 = CARTESIAN_POINT ( 'NONE',  ( 14.99999999999999300, 5.999999999999998200, 16.00000000000000000 ) ) ;
#143 = VECTOR ( 'NONE', #456, 1000.000000000000000 ) ;
#144 = EDGE_LOOP ( 'NONE', ( #6940, #4330, #7065, #7886 ) ) ;
#145 = DIRECTION ( 'NONE',  ( 0.0000000000000000000, 0.0000000000000000000, -1.000000000000000000 ) ) ;
#146 = DIRECTION ( 'NONE',  ( -0.0000000000000000000, -0.0000000000000000000, -1.000000000000000000 ) ) ;
#147 = VECTOR ( 'NONE', #4251, 1000.000000000000000 ) ;
#148 = ORIENTED_EDGE ( 'NONE', *, *, #3988, .T. ) ;
#149 = EDGE_CURVE ( 'NONE', #1635, #206, #6186, .T. ) ;
#150 = DIRECTION ( 'NONE',  ( 0.0000000000000000000, 0.0000000000000000000, -1.000000000000000000 ) ) ;
#151 = AXIS2_PLACEMENT_3D ( 'NONE', #7841, #611, #4344 ) ;
#152 = DIRECTION ( 'NONE',  ( 0.0000000000000000000, 0.0000000000000000000, 1.000000000000000000 ) ) ;
#153 = CARTESIAN_POINT ( 'NONE',  ( -42.90000000000000600, 68.00000000000000000, 0.0000000000000000000 ) ) ;
#154 = CIRCLE ( 'NONE', #2752, 1.999999999999994900 ) ;
#155 = CARTESIAN_POINT ( 'NONE',  ( -58.00000000000000000, 55.00000000000000000, 6.000000000000000000 ) ) ;
#156 = LINE ( 'NONE', #5681, #3991 ) ;
#157 = ORIENTED_EDGE ( 'NONE', *, *, #1539, .F. ) ;
#158 = DIRECTION ( 'NONE',  ( -1.000000000000000000, 0.0000000000000000000, 0.0000000000000000000 ) ) ;
#159 = ORIENTED_EDGE ( 'NONE', *, *, #3510, .T. ) ;
#160 = CARTESIAN_POINT ( 'NONE',  ( -51.35000000000000100, -10.00000000000000000, 6.000000000000000000 ) ) ;
#161 = CARTESIAN_POINT ( 'NONE',  ( 60.10000000000000100, -55.00000000000000000, 6.000000000000000000 ) ) ;
#162 = CARTESIAN_POINT ( 'NONE',  ( -80.00000000000001400, -50.00000000000000000, 10.00000000000000000 ) ) ;
#163 = DIRECTION ( 'NONE',  ( -1.000000000000000000, 0.0000000000000000000, 0.0000000000000000000 ) ) ;
#164 = VECTOR ( 'NONE', #1709, 1000.000000000000000 ) ;
#165 = EDGE_CURVE ( 'NONE', #363, #606, #5233, .T. ) ;
#166 = AXIS2_PLACEMENT_3D ( 'NONE', #2378, #4221, #3636 ) ;
#167 = CIRCLE ( 'NONE', #339, 17.00000000000000000 ) ;
#168 = ORIENTED_EDGE ( 'NONE', *, *, #6490, .F. ) ;
#169 = CARTESIAN_POINT ( 'NONE',  ( 17.37044324410519600, 34.74088648821042800, 26.78495389014887700 ) ) ;
#170 = CIRCLE ( 'NONE', #2266, 1.650000000000000400 ) ;
#171 = PLANE ( 'NONE',  #5143 ) ;
#172 = LINE ( 'NONE', #6423, #1605 ) ;
#173 = CYLINDRICAL_SURFACE ( 'NONE', #3007, 1.650000000000000400 ) ;
#174 = AXIS2_PLACEMENT_3D ( 'NONE', #1564, #4581, #1621 ) ;
#175 = CARTESIAN_POINT ( 'NONE',  ( 0.0000000000000000000, 0.0000000000000000000, 30.00000000000000000 ) ) ;
#176 = CIRCLE ( 'NONE', #5427, 8.000000000000000000 ) ;
#177 = DIRECTION ( 'NONE',  ( -1.000000000000000000, 0.0000000000000000000, 0.0000000000000000000 ) ) ;
#178 = ADVANCED_FACE ( 'NONE', ( #950 ), #6620, .F. ) ;
#179 = FACE_BOUND ( 'NONE', #1161, .T. ) ;
#180 = CARTESIAN_POINT ( 'NONE',  ( 53.00000000000000700, -55.00000000000000000, 0.0000000000000000000 ) ) ;
#181 = DIRECTION ( 'NONE',  ( -0.0000000000000000000, -0.0000000000000000000, -1.000000000000000000 ) ) ;
#182 = CIRCLE ( 'NONE', #2464, 3.999999999999996400 ) ;
#183 = ORIENTED_EDGE ( 'NONE', *, *, #4649, .T. ) ;
#184 = CARTESIAN_POINT ( 'NONE',  ( -110.7024920923811900, 45.00000000000000000, 5.000000000000000000 ) ) ;
#185 = AXIS2_PLACEMENT_3D ( 'NONE', #86, #1985, #6191 ) ;
#186 = VERTEX_POINT ( 'NONE', #1039 ) ;
#187 = CARTESIAN_POINT ( 'NONE',  ( -57.00000000000000700, -10.00000000000000000, 6.000000000000000000 ) ) ;
#188 = DIRECTION ( 'NONE',  ( -0.0000000000000000000, -0.0000000000000000000, -1.000000000000000000 ) ) ;
#189 = VECTOR ( 'NONE', #670, 1000.000000000000000 ) ;
#190 = DIRECTION ( 'NONE',  ( 1.000000000000000000, 0.0000000000000000000, 0.0000000000000000000 ) ) ;
#191 = ORIENTED_EDGE ( 'NONE', *, *, #226, .T. ) ;
#192 = PRESENTATION_LAYER_ASSIGNMENT (  '', '', ( #3380 ) ) ;
#193 = EDGE_CURVE ( 'NONE', #2984, #1961, #4566, .T. ) ;
#194 = CARTESIAN_POINT ( 'NONE',  ( -5.000000000000011500, -35.00000000000000000, 0.0000000000000000000 ) ) ;
#195 = VERTEX_POINT ( 'NONE', #1746 ) ;
#196 = LINE ( 'NONE', #4846, #6476 ) ;
#197 = ORIENTED_EDGE ( 'NONE', *, *, #7046, .T. ) ;
#198 = CARTESIAN_POINT ( 'NONE',  ( -66.00000000000000000, 3.000000000000000900, 10.00000000000000000 ) ) ;
#199 = ORIENTED_EDGE ( 'NONE', *, *, #2219, .T. ) ;
#200 = CARTESIAN_POINT ( 'NONE',  ( 0.0000000000000000000, 13.00000000000000200, 10.00000000000000000 ) ) ;
#201 = DIRECTION ( 'NONE',  ( -0.0000000000000000000, -0.0000000000000000000, 1.000000000000000000 ) ) ;
#202 = EDGE_CURVE ( 'NONE', #967, #4233, #3631, .T. ) ;
#203 = AXIS2_PLACEMENT_3D ( 'NONE', #5325, #2925, #431 ) ;
#204 = DIRECTION ( 'NONE',  ( -0.0000000000000000000, -0.0000000000000000000, 1.000000000000000000 ) ) ;
#205 = ORIENTED_EDGE ( 'NONE', *, *, #986, .T. ) ;
#206 = VERTEX_POINT ( 'NONE', #5996 ) ;
#207 = CARTESIAN_POINT ( 'NONE',  ( -66.00000000000000000, 3.000000000000000900, 0.0000000000000000000 ) ) ;
#208 = CARTESIAN_POINT ( 'NONE',  ( 0.0000000000000000000, 0.0000000000000000000, 10.00000000000000000 ) ) ;
#209 = DIRECTION ( 'NONE',  ( 1.000000000000000000, 0.0000000000000000000, 0.0000000000000000000 ) ) ;
#210 = EDGE_CURVE ( 'NONE', #6299, #2759, #1606, .T. ) ;
#211 = UNCERTAINTY_MEASURE_WITH_UNIT (LENGTH_MEASURE( 1.000000000000000100E-005 ), #4838, 'distance_accuracy_value', 'NONE');
#212 = AXIS2_PLACEMENT_3D ( 'NONE', #2604, #3903, #6840 ) ;
#213 = CARTESIAN_POINT ( 'NONE',  ( -14.99999999999999600, -2.499999999999999100, 10.00000000000000000 ) ) ;
#214 = ORIENTED_EDGE ( 'NONE', *, *, #740, .T. ) ;
#215 = ORIENTED_EDGE ( 'NONE', *, *, #3819, .F. ) ;
#216 = CARTESIAN_POINT ( 'NONE',  ( 5.000000000000002700, 45.00000000000000000, 10.00000000000000000 ) ) ;
#217 = CARTESIAN_POINT ( 'NONE',  ( -64.35000000000000900, -23.00000000000000000, 6.000000000000000000 ) ) ;
#218 = CARTESIAN_POINT ( 'NONE',  ( 0.0000000000000000000, 0.0000000000000000000, 50.00000000000000000 ) ) ;
#219 = FACE_OUTER_BOUND ( 'NONE', #1187, .T. ) ;
#220 = ADVANCED_FACE ( 'NONE', ( #2384 ), #5429, .F. ) ;
#221 = APPLICATION_CONTEXT ( 'automotive_design' ) ;
#222 = VERTEX_POINT ( 'NONE', #598 ) ;
#223 = ORIENTED_EDGE ( 'NONE', *, *, #643, .T. ) ;
#224 = AXIS2_PLACEMENT_3D ( 'NONE', #3058, #1838, #2380 ) ;
#225 = CARTESIAN_POINT ( 'NONE',  ( 0.0000000000000000000, 0.0000000000000000000, 18.00000000000000000 ) ) ;
#226 = EDGE_CURVE ( 'NONE', #5155, #3395, #7013, .T. ) ;
#227 = AXIS2_PLACEMENT_3D ( 'NONE', #4226, #6666, #7881 ) ;
#228 = DIRECTION ( 'NONE',  ( -0.0000000000000000000, -0.0000000000000000000, 1.000000000000000000 ) ) ;
#229 = CARTESIAN_POINT ( 'NONE',  ( -9.999999999999998200, 7.000000000000000900, 16.00000000000000000 ) ) ;
#230 = ORIENTED_EDGE ( 'NONE', *, *, #6994, .F. ) ;
#231 = LINE ( 'NONE', #3555, #5281 ) ;
#232 = ORIENTED_EDGE ( 'NONE', *, *, #6236, .T. ) ;
#233 = ORIENTED_EDGE ( 'NONE', *, *, #7716, .T. ) ;
#234 = CARTESIAN_POINT ( 'NONE',  ( 0.0000000000000000000, -13.00000000000000200, 10.00000000000000000 ) ) ;
#235 = CARTESIAN_POINT ( 'NONE',  ( -10.99999999999999600, 0.9999999999999967800, 31.00000000000000000 ) ) ;
#236 = DIRECTION ( 'NONE',  ( -0.0000000000000000000, -0.0000000000000000000, 1.000000000000000000 ) ) ;
#237 = CIRCLE ( 'NONE', #7628, 4.000000000000003600 ) ;
#238 = VERTEX_POINT ( 'NONE', #1150 ) ;
#239 = DIRECTION ( 'NONE',  ( 0.0000000000000000000, 0.0000000000000000000, 1.000000000000000000 ) ) ;
#240 = ORIENTED_EDGE ( 'NONE', *, *, #4114, .T. ) ;
#241 = DIRECTION ( 'NONE',  ( -0.0000000000000000000, -0.0000000000000000000, -1.000000000000000000 ) ) ;
#242 = DIRECTION ( 'NONE',  ( 0.0000000000000000000, 0.0000000000000000000, 1.000000000000000000 ) ) ;
#243 = CARTESIAN_POINT ( 'NONE',  ( -66.00000000000000000, 3.000000000000000900, 10.00000000000000000 ) ) ;
#244 = LINE ( 'NONE', #2258, #4918 ) ;
#245 = LINE ( 'NONE', #5201, #4919 ) ;
#246 = VERTEX_POINT ( 'NONE', #3015 ) ;
#247 = LINE ( 'NONE', #213, #3327 ) ;
#248 =( REPRESENTATION_RELATIONSHIP ('NONE','NONE', #2360, #2289 ) REPRESENTATION_RELATIONSHIP_WITH_TRANSFORMATION ( #461 )SHAPE_REPRESENTATION_RELATIONSHIP( ) );
#249 = SHAPE_REPRESENTATION_RELATIONSHIP ( 'NONE' , 'NONE' ,  #4902, #810 ) ;
#250 = EDGE_CURVE ( 'NONE', #6165, #4669, #764, .T. ) ;
#251 = AXIS2_PLACEMENT_3D ( 'NONE', #7796, #2356, #7746 ) ;
#252 = DIRECTION ( 'NONE',  ( 1.000000000000000000, 0.0000000000000000000, 0.0000000000000000000 ) ) ;
#253 = FACE_OUTER_BOUND ( 'NONE', #6339, .T. ) ;
#254 = EDGE_LOOP ( 'NONE', ( #1455, #4419 ) ) ;
#255 = CARTESIAN_POINT ( 'NONE',  ( -49.00000000000000000, 42.00000000000000000, 0.0000000000000000000 ) ) ;
#256 = ORIENTED_EDGE ( 'NONE', *, *, #4512, .T. ) ;
#257 = DIRECTION ( 'NONE',  ( -0.0000000000000000000, -0.0000000000000000000, 1.000000000000000000 ) ) ;
#258 = LINE ( 'NONE', #4674, #4086 ) ;
#259 = CIRCLE ( 'NONE', #5298, 1.650000000000000400 ) ;
#260 = ORIENTED_EDGE ( 'NONE', *, *, #3696, .T. ) ;
#261 = EDGE_CURVE ( 'NONE', #3395, #5155, #1995, .T. ) ;
#262 = DIRECTION ( 'NONE',  ( -1.000000000000000000, 0.0000000000000000000, 0.0000000000000000000 ) ) ;
#263 = ADVANCED_FACE ( 'NONE', ( #6644 ), #6376, .F. ) ;
#264 = AXIS2_PLACEMENT_3D ( 'NONE', #995, #5284, #5844 ) ;
#265 = DIRECTION ( 'NONE',  ( 0.7071067811865471300, 0.0000000000000000000, 0.7071067811865479100 ) ) ;
#266 = DIRECTION ( 'NONE',  ( 0.0000000000000000000, 0.0000000000000000000, -1.000000000000000000 ) ) ;
#267 = CYLINDRICAL_SURFACE ( 'NONE', #4411, 3.999999999999996400 ) ;
#268 = DIRECTION ( 'NONE',  ( -0.0000000000000000000, -0.0000000000000000000, -1.000000000000000000 ) ) ;
#269 = FACE_BOUND ( 'NONE', #2690, .T. ) ;
#270 = ORIENTED_EDGE ( 'NONE', *, *, #7639, .T. ) ;
#271 = DIRECTION ( 'NONE',  ( 0.0000000000000000000, 0.0000000000000000000, -1.000000000000000000 ) ) ;
#272 = DIRECTION ( 'NONE',  ( 0.0000000000000000000, 0.0000000000000000000, -1.000000000000000000 ) ) ;
#273 = EDGE_LOOP ( 'NONE', ( #3538, #5332, #3371, #7177 ) ) ;
#274 = DIRECTION ( 'NONE',  ( -1.000000000000000000, 0.0000000000000000000, 0.0000000000000000000 ) ) ;
#275 = ADVANCED_FACE ( 'NONE', ( #2194 ), #173, .F. ) ;
#276 = AXIS2_PLACEMENT_3D ( 'NONE', #5303, #1577, #1661 ) ;
#277 = EDGE_CURVE ( 'NONE', #5141, #6136, #570, .T. ) ;
#278 = LINE ( 'NONE', #5096, #567 ) ;
#279 = CIRCLE ( 'NONE', #1470, 8.000000000000000000 ) ;
#280 = ORIENTED_EDGE ( 'NONE', *, *, #6284, .T. ) ;
#281 = CARTESIAN_POINT ( 'NONE',  ( -89.99999999999991500, 75.00000000000000000, 5.000000000000000000 ) ) ;
#282 = DIRECTION ( 'NONE',  ( -0.0000000000000000000, -0.0000000000000000000, -1.000000000000000000 ) ) ;
#283 = CIRCLE ( 'NONE', #2605, 1.999999999999994900 ) ;
#284 = EDGE_LOOP ( 'NONE', ( #1322, #6681 ) ) ;
#285 = AXIS2_PLACEMENT_3D ( 'NONE', #5353, #7185, #4167 ) ;
#286 = DIRECTION ( 'NONE',  ( -1.000000000000000000, 0.0000000000000000000, -0.0000000000000000000 ) ) ;
#287 = EDGE_LOOP ( 'NONE', ( #4625, #6478, #6895, #7421 ) ) ;
#288 = CARTESIAN_POINT ( 'NONE',  ( 17.00000000000000000, 2.081899558550500300E-015, 10.00000000000000000 ) ) ;
#289 = CARTESIAN_POINT ( 'NONE',  ( 47.90000000000000600, -14.49999999999999800, 6.000000000000000000 ) ) ;
#290 = ORIENTED_EDGE ( 'NONE', *, *, #478, .F. ) ;
#291 = CARTESIAN_POINT ( 'NONE',  ( -62.00000000000000000, 55.00000000000000000, 6.000000000000000000 ) ) ;
#292 = CARTESIAN_POINT ( 'NONE',  ( 0.0000000000000000000, 0.0000000000000000000, 10.00000000000000000 ) ) ;
#293 = ORIENTED_EDGE ( 'NONE', *, *, #2426, .T. ) ;
#294 = VERTEX_POINT ( 'NONE', #7217 ) ;
#295 = DIRECTION ( 'NONE',  ( 0.0000000000000000000, 0.0000000000000000000, 1.000000000000000000 ) ) ;
#296 = DIRECTION ( 'NONE',  ( -0.0000000000000000000, 1.000000000000000000, 0.0000000000000000000 ) ) ;
#297 = PLANE ( 'NONE',  #7266 ) ;
#298 = EDGE_CURVE ( 'NONE', #6584, #1365, #7672, .T. ) ;
#299 = DIRECTION ( 'NONE',  ( 1.000000000000000000, 0.0000000000000000000, 0.0000000000000000000 ) ) ;
#300 = ORIENTED_EDGE ( 'NONE', *, *, #5799, .T. ) ;
#301 = ORIENTED_EDGE ( 'NONE', *, *, #5786, .F. ) ;
#302 = DIRECTION ( 'NONE',  ( -0.0000000000000000000, 0.0000000000000000000, -1.000000000000000000 ) ) ;
#303 = ADVANCED_FACE ( 'NONE', ( #1185 ), #4809, .F. ) ;
#304 = CARTESIAN_POINT ( 'NONE',  ( 37.09401076758507500, 74.18802153517023600, 58.00000000000000000 ) ) ;
#305 = CARTESIAN_POINT ( 'NONE',  ( 1.650000000000000100, 13.00000000000000200, 20.00000000000000000 ) ) ;
#306 = DIRECTION ( 'NONE',  ( 0.0000000000000000000, 0.0000000000000000000, 1.000000000000000000 ) ) ;
#307 = ORIENTED_EDGE ( 'NONE', *, *, #3966, .T. ) ;
#308 = EDGE_CURVE ( 'NONE', #2759, #6767, #5856, .T. ) ;
#309 = DIRECTION ( 'NONE',  ( -1.000000000000000000, 0.0000000000000000000, -0.0000000000000000000 ) ) ;
#310 = FACE_BOUND ( 'NONE', #1104, .T. ) ;
#311 = B_SPLINE_CURVE_WITH_KNOTS ( 'NONE', 3,
 ( #6986, #2718, #3409, #349, #965, #1572, #3561 ),
 .UNSPECIFIED., .F., .F.,
 ( 4, 1, 1, 1, 4 ),
 ( 0.0000000000000000000, 0.2764183078687363300, 0.4965080727076163200, 0.6879633799459912200, 1.000000000000000000 ),
 .UNSPECIFIED. ) ;
#312 = CARTESIAN_POINT ( 'NONE',  ( -59.99999999999999300, 30.00000000000000000, 10.00000000000000000 ) ) ;
#313 = ORIENTED_EDGE ( 'NONE', *, *, #4157, .T. ) ;
#314 = CARTESIAN_POINT ( 'NONE',  ( -69.99999999999998600, 75.00000000000000000, 10.00000000000000000 ) ) ;
#315 = ORIENTED_EDGE ( 'NONE', *, *, #7741, .F. ) ;
#316 = CARTESIAN_POINT ( 'NONE',  ( 0.0000000000000000000, 0.0000000000000000000, 30.00000000000000400 ) ) ;
#317 = EDGE_CURVE ( 'NONE', #356, #1879, #1742, .T. ) ;
#318 = DIRECTION ( 'NONE',  ( 1.000000000000000000, 0.0000000000000000000, 0.0000000000000000000 ) ) ;
#319 = DIRECTION ( 'NONE',  ( -1.000000000000000000, 0.0000000000000000000, 0.0000000000000000000 ) ) ;
#320 = FACE_OUTER_BOUND ( 'NONE', #6415, .T. ) ;
#321 = EDGE_LOOP ( 'NONE', ( #4175, #5183 ) ) ;
#322 = VERTEX_POINT ( 'NONE', #6125 ) ;
#323 = DIRECTION ( 'NONE',  ( -0.0000000000000000000, -0.0000000000000000000, 1.000000000000000000 ) ) ;
#324 = ORIENTED_EDGE ( 'NONE', *, *, #1269, .T. ) ;
#325 = LINE ( 'NONE', #6185, #5003 ) ;
#326 = ORIENTED_EDGE ( 'NONE', *, *, #4570, .F. ) ;
#327 = AXIS2_PLACEMENT_3D ( 'NONE', #4851, #1772, #540 ) ;
#328 = VERTEX_POINT ( 'NONE', #4880 ) ;
#329 = DIRECTION ( 'NONE',  ( 1.000000000000000000, 0.0000000000000000000, 0.0000000000000000000 ) ) ;
#330 = EDGE_CURVE ( 'NONE', #4142, #6358, #2341, .T. ) ;
#331 = AXIS2_PLACEMENT_3D ( 'NONE', #4177, #469, #1067 ) ;
#332 = CARTESIAN_POINT ( 'NONE',  ( -99.99999999999997200, -64.99999999999992900, 0.0000000000000000000 ) ) ;
#333 = CARTESIAN_POINT ( 'NONE',  ( 54.00000000000000700, -0.4999999999999996700, 6.000000000000000000 ) ) ;
#334 = FACE_OUTER_BOUND ( 'NONE', #2558, .T. ) ;
#335 = EDGE_LOOP ( 'NONE', ( #7545, #7852, #1468, #3493 ) ) ;
#336 = CYLINDRICAL_SURFACE ( 'NONE', #227, 2.099999999999997900 ) ;
#337 = ORIENTED_EDGE ( 'NONE', *, *, #4200, .F. ) ;
#338 = ADVANCED_FACE ( 'NONE', ( #5383 ), #1089, .F. ) ;
#339 = AXIS2_PLACEMENT_3D ( 'NONE', #1237, #4916, #5493 ) ;
#340 = CARTESIAN_POINT ( 'NONE',  ( 45.00000000000000700, -42.00000000000000000, -0.0000000000000000000 ) ) ;
#341 = DIRECTION ( 'NONE',  ( -0.0000000000000000000, -0.0000000000000000000, -1.000000000000000000 ) ) ;
#342 = STYLED_ITEM ( 'NONE', ( #6157 ), #810 ) ;
#343 = DIRECTION ( 'NONE',  ( -9.251858538542979000E-017, 1.000000000000000000, 0.0000000000000000000 ) ) ;
#344 = EDGE_CURVE ( 'NONE', #5445, #7654, #3025, .T. ) ;
#345 = CIRCLE ( 'NONE', #4290, 4.000000000000003600 ) ;
#346 = CYLINDRICAL_SURFACE ( 'NONE', #2453, 2.500000000000002200 ) ;
#347 = DIRECTION ( 'NONE',  ( -0.0000000000000000000, -0.0000000000000000000, 1.000000000000000000 ) ) ;
#348 = ORIENTED_EDGE ( 'NONE', *, *, #2363, .T. ) ;
#349 = CARTESIAN_POINT ( 'NONE',  ( 24.36811466635144500, 0.0000000000000000000, 35.84315225237544700 ) ) ;
#351 = DIRECTION ( 'NONE',  ( -0.0000000000000000000, -0.0000000000000000000, 1.000000000000000000 ) ) ;
#350 = SURFACE_STYLE_FILL_AREA ( #1157 ) ;
#352 = DIRECTION ( 'NONE',  ( 1.000000000000000000, 0.0000000000000000000, 0.0000000000000000000 ) ) ;
#353 = LINE ( 'NONE', #5424, #5687 ) ;
#354 = SURFACE_STYLE_FILL_AREA ( #6771 ) ;
#355 = ORIENTED_EDGE ( 'NONE', *, *, #4303, .T. ) ;
#356 = VERTEX_POINT ( 'NONE', #4355 ) ;
#357 = EDGE_CURVE ( 'NONE', #6314, #2922, #2152, .T. ) ;
#358 = AXIS2_PLACEMENT_3D ( 'NONE', #6488, #1656, #3483 ) ;
#359 = DIRECTION ( 'NONE',  ( -1.000000000000000000, 0.0000000000000000000, 0.0000000000000000000 ) ) ;
#360 = LINE ( 'NONE', #314, #6629 ) ;
#361 = PRODUCT_DEFINITION_SHAPE ( 'NONE', 'NONE',  #7893 ) ;
#362 = CYLINDRICAL_SURFACE ( 'NONE', #4836, 1.650000000000000400 ) ;
#363 = VERTEX_POINT ( 'NONE', #4933 ) ;
#364 = CARTESIAN_POINT ( 'NONE',  ( 46.00000000000000000, -14.49999999999999800, -0.0000000000000000000 ) ) ;
#365 = SHAPE_DEFINITION_REPRESENTATION ( #1890, #7592 ) ;
#366 = CIRCLE ( 'NONE', #1449, 9.999999999999994700 ) ;
#367 = EDGE_CURVE ( 'NONE', #741, #3639, #1486, .T. ) ;
#368 = AXIS2_PLACEMENT_3D ( 'NONE', #7618, #5790, #894 ) ;
#369 = FACE_OUTER_BOUND ( 'NONE', #7715, .T. ) ;
#370 = CIRCLE ( 'NONE', #6588, 6.000000000000000900 ) ;
#371 = CARTESIAN_POINT ( 'NONE',  ( 79.99999999999997200, 35.00000000000000000, 0.0000000000000000000 ) ) ;
#372 = CARTESIAN_POINT ( 'NONE',  ( -53.00000000000000700, 55.00000000000000000, 10.00000000000000000 ) ) ;
#373 = EDGE_LOOP ( 'NONE', ( #4306, #3851, #4296, #3673 ) ) ;
#374 = DIRECTION ( 'NONE',  ( -1.000000000000000000, 0.0000000000000000000, 0.0000000000000000000 ) ) ;
#375 = LINE ( 'NONE', #5651, #3447 ) ;
#376 = DIRECTION ( 'NONE',  ( 0.0000000000000000000, 0.0000000000000000000, 1.000000000000000000 ) ) ;
#377 = CARTESIAN_POINT ( 'NONE',  ( -11.64999999999999900, 7.000000000000000900, 16.00000000000000000 ) ) ;
#378 = FACE_OUTER_BOUND ( 'NONE', #6991, .T. ) ;
#379 = VERTEX_POINT ( 'NONE', #7302 ) ;
#380 = CIRCLE ( 'NONE', #416, 3.999999999999996400 ) ;
#381 = AXIS2_PLACEMENT_3D ( 'NONE', #6699, #6784, #652 ) ;
#382 = ORIENTED_EDGE ( 'NONE', *, *, #2578, .F. ) ;
#383 = EDGE_CURVE ( 'NONE', #7654, #5445, #1769, .T. ) ;
#384 = AXIS2_PLACEMENT_3D ( 'NONE', #1218, #4780, #2993 ) ;
#385 = DIRECTION ( 'NONE',  ( 1.000000000000000000, 0.0000000000000000000, 0.0000000000000000000 ) ) ;
#386 = ADVANCED_FACE ( 'NONE', ( #3594 ), #6153, .F. ) ;
#387 = VERTEX_POINT ( 'NONE', #4309 ) ;
#388 = DIRECTION ( 'NONE',  ( 1.000000000000000000, 0.0000000000000000000, 0.0000000000000000000 ) ) ;
#389 = ORIENTED_EDGE ( 'NONE', *, *, #1832, .T. ) ;
#390 = AXIS2_PLACEMENT_3D ( 'NONE', #1245, #716, #3081 ) ;
#391 = DIRECTION ( 'NONE',  ( 0.0000000000000000000, 0.0000000000000000000, -1.000000000000000000 ) ) ;
#392 = CIRCLE ( 'NONE', #3322, 2.099999999999997900 ) ;
#393 = EDGE_CURVE ( 'NONE', #6559, #7803, #2825, .T. ) ;
#394 = ORIENTED_EDGE ( 'NONE', *, *, #4586, .F. ) ;
#395 = VERTEX_POINT ( 'NONE', #6759 ) ;
#396 = PLANE ( 'NONE',  #5633 ) ;
#397 = CARTESIAN_POINT ( 'NONE',  ( -45.00000000000000700, 55.00000000000000000, 0.0000000000000000000 ) ) ;
#398 = CARTESIAN_POINT ( 'NONE',  ( 45.00000000000000700, -68.00000000000000000, 10.00000000000000000 ) ) ;
#399 = SPHERICAL_SURFACE ( 'NONE', #6148, 2.000000000000002200 ) ;
#400 = DIRECTION ( 'NONE',  ( -1.000000000000000000, 0.0000000000000000000, 0.0000000000000000000 ) ) ;
#401 = VERTEX_POINT ( 'NONE', #702 ) ;
#402 = ORIENTED_EDGE ( 'NONE', *, *, #6116, .T. ) ;
#403 = CARTESIAN_POINT ( 'NONE',  ( 72.10000000000000900, -0.5000000000000000000, 0.0000000000000000000 ) ) ;
#404 = PRODUCT_DEFINITION_FORMATION_WITH_SPECIFIED_SOURCE ( '任何', '', #7007, .NOT_KNOWN. ) ;
#405 = EDGE_CURVE ( 'NONE', #1481, #1940, #1953, .T. ) ;
#406 = DIRECTION ( 'NONE',  ( -1.000000000000000000, 0.0000000000000000000, 0.0000000000000000000 ) ) ;
#407 = AXIS2_PLACEMENT_3D ( 'NONE', #7103, #488, #1032 ) ;
#408 = CARTESIAN_POINT ( 'NONE',  ( -14.65000000000000200, 0.0000000000000000000, 20.00000000000000000 ) ) ;
#409 = CARTESIAN_POINT ( 'NONE',  ( -99.99999999999997200, -64.99999999999992900, 10.00000000000000000 ) ) ;
#410 = VERTEX_POINT ( 'NONE', #3257 ) ;
#411 = ORIENTED_EDGE ( 'NONE', *, *, #3787, .T. ) ;
#412 = CARTESIAN_POINT ( 'NONE',  ( 34.10000000000000900, -55.00000000000000000, 10.00000000000000000 ) ) ;
#413 = VECTOR ( 'NONE', #5614, 1000.000000000000000 ) ;
#414 = PLANE ( 'NONE',  #7657 ) ;
#415 = EDGE_CURVE ( 'NONE', #294, #5797, #7636, .T. ) ;
#416 = AXIS2_PLACEMENT_3D ( 'NONE', #2253, #5899, #1638 ) ;
#417 = ORIENTED_EDGE ( 'NONE', *, *, #1379, .F. ) ;
#418 = VERTEX_POINT ( 'NONE', #3935 ) ;
#419 = CARTESIAN_POINT ( 'NONE',  ( -11.65000000000000200, -6.999999999999999100, 16.00000000000000000 ) ) ;
#420 = ADVANCED_FACE ( 'NONE', ( #6042 ), #1446, .F. ) ;
#421 = DIRECTION ( 'NONE',  ( 1.000000000000000000, 0.0000000000000000000, -0.0000000000000000000 ) ) ;
#422 = DIRECTION ( 'NONE',  ( 0.0000000000000000000, 0.0000000000000000000, 1.000000000000000000 ) ) ;
#423 = DIRECTION ( 'NONE',  ( 0.0000000000000000000, 0.0000000000000000000, -1.000000000000000000 ) ) ;
#424 = LINE ( 'NONE', #5, #3491 ) ;
#425 = ORIENTED_EDGE ( 'NONE', *, *, #7704, .F. ) ;
#426 = ORIENTED_EDGE ( 'NONE', *, *, #5654, .T. ) ;
#427 = AXIS2_PLACEMENT_3D ( 'NONE', #7486, #5728, #760 ) ;
#428 = EDGE_CURVE ( 'NONE', #6852, #1665, #132, .T. ) ;
#429 = STYLED_ITEM ( 'NONE', ( #4733 ), #6800 ) ;
#430 = DIRECTION ( 'NONE',  ( 0.0000000000000000000, 0.0000000000000000000, -1.000000000000000000 ) ) ;
#431 = DIRECTION ( 'NONE',  ( 1.000000000000000000, 0.0000000000000000000, 0.0000000000000000000 ) ) ;
#432 = ADVANCED_FACE ( 'NONE', ( #2635 ), #720, .F. ) ;
#433 = CIRCLE ( 'NONE', #3900, 3.999999999999996400 ) ;
#434 = ORIENTED_EDGE ( 'NONE', *, *, #7768, .T. ) ;
#435 = CARTESIAN_POINT ( 'NONE',  ( -32.00000000000000700, 55.00000000000000000, 6.000000000000000000 ) ) ;
#436 = ORIENTED_EDGE ( 'NONE', *, *, #2774, .F. ) ;
#437 = CARTESIAN_POINT ( 'NONE',  ( 42.90000000000000600, -42.00000000000000000, 10.00000000000000000 ) ) ;
#438 = AXIS2_PLACEMENT_3D ( 'NONE', #5318, #4110, #5268 ) ;
#439 = DIRECTION ( 'NONE',  ( 1.000000000000000000, 0.0000000000000000000, 0.0000000000000000000 ) ) ;
#440 = LINE ( 'NONE', #4560, #3236 ) ;
#441 = ORIENTED_EDGE ( 'NONE', *, *, #1110, .T. ) ;
#442 = EDGE_CURVE ( 'NONE', #6354, #867, #6600, .T. ) ;
#443 = DIRECTION ( 'NONE',  ( -0.0000000000000000000, 1.000000000000000000, -0.0000000000000000000 ) ) ;
#444 = ORIENTED_EDGE ( 'NONE', *, *, #1301, .F. ) ;
#445 = DIRECTION ( 'NONE',  ( -0.0000000000000000000, -0.0000000000000000000, -1.000000000000000000 ) ) ;
#446 = FACE_OUTER_BOUND ( 'NONE', #4253, .T. ) ;
#447 = FACE_OUTER_BOUND ( 'NONE', #4568, .T. ) ;
#448 = ORIENTED_EDGE ( 'NONE', *, *, #4467, .T. ) ;
#449 = DIRECTION ( 'NONE',  ( -0.0000000000000000000, -0.0000000000000000000, -1.000000000000000000 ) ) ;
#450 = AXIS2_PLACEMENT_3D ( 'NONE', #7863, #6680, #4238 ) ;
#451 = ORIENTED_EDGE ( 'NONE', *, *, #226, .F. ) ;
#452 = AXIS2_PLACEMENT_3D ( 'NONE', #6194, #1880, #4363 ) ;
#453 = DIRECTION ( 'NONE',  ( 1.000000000000000000, 9.251858538542975300E-017, 0.0000000000000000000 ) ) ;
#454 = EDGE_CURVE ( 'NONE', #4393, #4928, #6420, .T. ) ;
#455 = CIRCLE ( 'NONE', #987, 2.100000000000001000 ) ;
#456 = DIRECTION ( 'NONE',  ( -0.0000000000000000000, -0.0000000000000000000, 1.000000000000000000 ) ) ;
#457 = FACE_OUTER_BOUND ( 'NONE', #3020, .T. ) ;
#458 = ORIENTED_EDGE ( 'NONE', *, *, #4490, .T. ) ;
#459 = DIRECTION ( 'NONE',  ( 0.0000000000000000000, 0.0000000000000000000, -1.000000000000000000 ) ) ;
#460 = SURFACE_SIDE_STYLE ('',( #6517 ) ) ;
#461 = ITEM_DEFINED_TRANSFORMATION ( 'NONE', 'NONE', #452,  #7414 ) ;
#462 = DIRECTION ( 'NONE',  ( -0.0000000000000000000, -0.0000000000000000000, -1.000000000000000000 ) ) ;
#463 = VECTOR ( 'NONE', #886, 1000.000000000000000 ) ;
#464 = ADVANCED_FACE ( 'NONE', ( #5005 ), #2432, .T. ) ;
#465 = VECTOR ( 'NONE', #2129, 1000.000000000000000 ) ;
#466 = ORIENTED_EDGE ( 'NONE', *, *, #5616, .T. ) ;
#467 = EDGE_CURVE ( 'NONE', #7251, #2654, #7250, .T. ) ;
#468 = AXIS2_PLACEMENT_3D ( 'NONE', #1850, #601, #2438 ) ;
#469 = DIRECTION ( 'NONE',  ( 0.0000000000000000000, 0.0000000000000000000, -1.000000000000000000 ) ) ;
#470 = VERTEX_POINT ( 'NONE', #3331 ) ;
#471 = DIRECTION ( 'NONE',  ( -1.000000000000000000, 0.0000000000000000000, 0.0000000000000000000 ) ) ;
#472 = CARTESIAN_POINT ( 'NONE',  ( 45.00000000000000000, -10.00000000000000000, 0.0000000000000000000 ) ) ;
#473 = FACE_OUTER_BOUND ( 'NONE', #5820, .T. ) ;
#474 = ORIENTED_EDGE ( 'NONE', *, *, #149, .T. ) ;
#475 = ADVANCED_FACE ( 'NONE', ( #7828, #991, #7058 ), #7536, .F. ) ;
#476 = CARTESIAN_POINT ( 'NONE',  ( -13.00000000000000200, 0.0000000000000000000, 10.00000000000000000 ) ) ;
#477 = EDGE_LOOP ( 'NONE', ( #2790, #6404 ) ) ;
#478 = EDGE_CURVE ( 'NONE', #5659, #3929, #7721, .T. ) ;
#479 = AXIS2_PLACEMENT_3D ( 'NONE', #3530, #5266, #1078 ) ;
#480 = PLANE ( 'NONE',  #6848 ) ;
#481 = EDGE_LOOP ( 'NONE', ( #3506, #981 ) ) ;
#482 = CARTESIAN_POINT ( 'NONE',  ( 45.00000000000000700, -68.00000000000000000, -0.0000000000000000000 ) ) ;
#483 = CIRCLE ( 'NONE', #7702, 2.099999999999997900 ) ;
#484 = ORIENTED_EDGE ( 'NONE', *, *, #2578, .T. ) ;
#485 = CARTESIAN_POINT ( 'NONE',  ( 54.00000000000000700, -0.4999999999999996700, 0.0000000000000000000 ) ) ;
#486 = ORIENTED_EDGE ( 'NONE', *, *, #5736, .F. ) ;
#487 = DIRECTION ( 'NONE',  ( -0.0000000000000000000, -0.0000000000000000000, 1.000000000000000000 ) ) ;
#488 = DIRECTION ( 'NONE',  ( -0.0000000000000000000, -0.0000000000000000000, -1.000000000000000000 ) ) ;
#489 = VECTOR ( 'NONE', #1834, 1000.000000000000000 ) ;
#490 = AXIS2_PLACEMENT_3D ( 'NONE', #7349, #2507, #6174 ) ;
#491 = EDGE_CURVE ( 'NONE', #6675, #7631, #6973, .T. ) ;
#492 = DIRECTION ( 'NONE',  ( 0.0000000000000000000, 1.000000000000000000, 0.0000000000000000000 ) ) ;
#493 = ORIENTED_EDGE ( 'NONE', *, *, #513, .F. ) ;
#494 = DIRECTION ( 'NONE',  ( -0.0000000000000000000, -0.0000000000000000000, -1.000000000000000000 ) ) ;
#495 = VECTOR ( 'NONE', #3457, 1000.000000000000000 ) ;
#496 = CARTESIAN_POINT ( 'NONE',  ( -99.99999999999998600, 9.999999999999994700, 10.00000000000000000 ) ) ;
#497 = DIRECTION ( 'NONE',  ( 1.000000000000000000, 0.0000000000000000000, 0.0000000000000000000 ) ) ;
#498 = ORIENTED_EDGE ( 'NONE', *, *, #1015, .F. ) ;
#499 = ORIENTED_EDGE ( 'NONE', *, *, #1852, .T. ) ;
#500 = EDGE_CURVE ( 'NONE', #6786, #7634, #4610, .T. ) ;
#501 = VERTEX_POINT ( 'NONE', #6890 ) ;
#502 = CARTESIAN_POINT ( 'NONE',  ( 52.10000000000000100, -0.5000000000000002200, 10.00000000000000000 ) ) ;
#503 = EDGE_LOOP ( 'NONE', ( #4193, #5470 ) ) ;
#504 = CARTESIAN_POINT ( 'NONE',  ( 79.99999999999997200, 29.99999999999999600, 10.00000000000000000 ) ) ;
#505 = CARTESIAN_POINT ( 'NONE',  ( 24.99999999999999300, 15.00000000000000000, 4.000000000000000000 ) ) ;
#506 = DIRECTION ( 'NONE',  ( -0.0000000000000000000, -0.0000000000000000000, 1.000000000000000000 ) ) ;
#507 = PRODUCT ( 'YH0700000_光笔样件', 'YH0700000_光笔样件', '', ( #4465 ) ) ;
#508 = FACE_OUTER_BOUND ( 'NONE', #1916, .T. ) ;
#509 = DIRECTION ( 'NONE',  ( 0.0000000000000000000, 0.0000000000000000000, 1.000000000000000000 ) ) ;
#510 = DIRECTION ( 'NONE',  ( 1.000000000000000000, 0.0000000000000000000, 0.0000000000000000000 ) ) ;
#511 = ORIENTED_EDGE ( 'NONE', *, *, #1459, .T. ) ;
#512 = ORIENTED_EDGE ( 'NONE', *, *, #7132, .T. ) ;
#513 = EDGE_CURVE ( 'NONE', #5888, #4675, #4906, .T. ) ;
#514 = CARTESIAN_POINT ( 'NONE',  ( 11.35000000000000100, 0.0000000000000000000, 20.00000000000000000 ) ) ;
#515 = ADVANCED_FACE ( 'NONE', ( #2526 ), #3679, .F. ) ;
#516 = AXIS2_PLACEMENT_3D ( 'NONE', #207, #3853, #3168 ) ;
#517 = CARTESIAN_POINT ( 'NONE',  ( -11.64999999999999900, 7.000000000000000900, 16.00000000000000000 ) ) ;
#518 = DIRECTION ( 'NONE',  ( -0.0000000000000000000, -0.0000000000000000000, -1.000000000000000000 ) ) ;
#519 = CIRCLE ( 'NONE', #6393, 3.999999999999996400 ) ;
#520 = ORIENTED_EDGE ( 'NONE', *, *, #4934, .F. ) ;
#521 = VERTEX_POINT ( 'NONE', #3433 ) ;
#522 = CARTESIAN_POINT ( 'NONE',  ( -13.00000000000000200, 0.0000000000000000000, 20.00000000000000000 ) ) ;
#523 = PLANE ( 'NONE',  #7345 ) ;
#524 = EDGE_CURVE ( 'NONE', #7810, #5563, #5562, .T. ) ;
#525 = AXIS2_PLACEMENT_3D ( 'NONE', #4588, #865, #4712 ) ;
#526 = LINE ( 'NONE', #7664, #143 ) ;
#527 = ORIENTED_EDGE ( 'NONE', *, *, #2715, .T. ) ;
#528 = VERTEX_POINT ( 'NONE', #6960 ) ;
#529 = DIRECTION ( 'NONE',  ( 0.0000000000000000000, -0.0000000000000000000, -1.000000000000000000 ) ) ;
#530 = DIRECTION ( 'NONE',  ( -0.0000000000000000000, 0.0000000000000000000, 1.000000000000000000 ) ) ;
#531 = CIRCLE ( 'NONE', #384, 6.000000000000000900 ) ;
#532 = CIRCLE ( 'NONE', #1844, 10.00000000000000900 ) ;
#533 = ORIENTED_EDGE ( 'NONE', *, *, #3087, .T. ) ;
#534 = EDGE_CURVE ( 'NONE', #1347, #2856, #1478, .T. ) ;
#535 = FACE_BOUND ( 'NONE', #1178, .T. ) ;
#536 = AXIS2_PLACEMENT_3D ( 'NONE', #4021, #4622, #971 ) ;
#537 = ORIENTED_EDGE ( 'NONE', *, *, #7024, .F. ) ;
#538 = CARTESIAN_POINT ( 'NONE',  ( -17.00000000000000000, 0.0000000000000000000, 10.00000000000000000 ) ) ;
#539 = VECTOR ( 'NONE', #190, 1000.000000000000000 ) ;
#540 = DIRECTION ( 'NONE',  ( 1.000000000000000000, 0.0000000000000000000, -0.0000000000000000000 ) ) ;
#541 = CIRCLE ( 'NONE', #3112, 2.099999999999997900 ) ;
#542 = CIRCLE ( 'NONE', #44, 9.999999999999994700 ) ;
#543 = ORIENTED_EDGE ( 'NONE', *, *, #2043, .T. ) ;
#544 = CARTESIAN_POINT ( 'NONE',  ( 0.0000000000000000000, 0.0000000000000000000, 18.00000000000000400 ) ) ;
#545 = ORIENTED_EDGE ( 'NONE', *, *, #2678, .F. ) ;
#546 = DIRECTION ( 'NONE',  ( -1.577021341797097800E-016, 1.000000000000000000, -0.0000000000000000000 ) ) ;
#547 = AXIS2_PLACEMENT_3D ( 'NONE', #3213, #4418, #850 ) ;
#548 = CARTESIAN_POINT ( 'NONE',  ( 77.50000000000000000, -7.500000000000000000, 0.0000000000000000000 ) ) ;
#549 = CARTESIAN_POINT ( 'NONE',  ( 11.00000000000000000, 0.0000000000000000000, 30.00000000000000400 ) ) ;
#550 = CARTESIAN_POINT ( 'NONE',  ( 70.00000000000000000, -14.49999999999999800, 6.000000000000000000 ) ) ;
#551 = LINE ( 'NONE', #3653, #834 ) ;
#552 = EDGE_CURVE ( 'NONE', #3423, #3429, #907, .T. ) ;
#553 = DIRECTION ( 'NONE',  ( -1.000000000000000000, 0.0000000000000000000, 0.0000000000000000000 ) ) ;
#554 = CYLINDRICAL_SURFACE ( 'NONE', #3798, 9.999999999999994700 ) ;
#555 = EDGE_LOOP ( 'NONE', ( #732, #1366 ) ) ;
#556 = VERTEX_POINT ( 'NONE', #2813 ) ;
#557 = ADVANCED_FACE ( 'NONE', ( #6134 ), #1945, .F. ) ;
#558 = CARTESIAN_POINT ( 'NONE',  ( -1.650000000000000100, 13.00000000000000200, 10.00000000000000000 ) ) ;
#559 = CYLINDRICAL_SURFACE ( 'NONE', #3000, 1.649999999999998600 ) ;
#560 = CARTESIAN_POINT ( 'NONE',  ( 58.00000000000000000, -55.00000000000000000, -0.0000000000000000000 ) ) ;
#561 = CIRCLE ( 'NONE', #1979, 1.650000000000000400 ) ;
#562 = ORIENTED_EDGE ( 'NONE', *, *, #3950, .T. ) ;
#563 = DIRECTION ( 'NONE',  ( -0.0000000000000000000, -0.0000000000000000000, 1.000000000000000000 ) ) ;
#564 = CARTESIAN_POINT ( 'NONE',  ( 0.0000000000000000000, -13.00000000000000200, 20.00000000000000000 ) ) ;
#565 = DIRECTION ( 'NONE',  ( -1.000000000000000000, 0.0000000000000000000, -0.0000000000000000000 ) ) ;
#566 = EDGE_CURVE ( 'NONE', #3429, #6937, #2919, .T. ) ;
#567 = VECTOR ( 'NONE', #1453, 1000.000000000000000 ) ;
#568 = UNCERTAINTY_MEASURE_WITH_UNIT (LENGTH_MEASURE( 1.000000000000000100E-005 ), #6133, 'distance_accuracy_value', 'NONE');
#569 = CARTESIAN_POINT ( 'NONE',  ( -79.00000000000000000, -10.00000000000000000, 6.000000000000000000 ) ) ;
#570 = LINE ( 'NONE', #2545, #3445 ) ;
#571 = ORIENTED_EDGE ( 'NONE', *, *, #1395, .T. ) ;
#572 = CARTESIAN_POINT ( 'NONE',  ( 5.000000000000002700, 45.00000000000000000, 5.000000000000000000 ) ) ;
#573 = CYLINDRICAL_SURFACE ( 'NONE', #4501, 6.000000000000000900 ) ;
#574 = EDGE_CURVE ( 'NONE', #6697, #3551, #1278, .T. ) ;
#575 = AXIS2_PLACEMENT_3D ( 'NONE', #6085, #4266, #7284 ) ;
#576 = VECTOR ( 'NONE', #2346, 1000.000000000000000 ) ;
#577 = ORIENTED_EDGE ( 'NONE', *, *, #4347, .T. ) ;
#578 = CARTESIAN_POINT ( 'NONE',  ( 52.10000000000000100, -14.49999999999999800, 10.00000000000000000 ) ) ;
#579 = CIRCLE ( 'NONE', #2885, 4.000000000000003600 ) ;
#580 = VERTEX_POINT ( 'NONE', #6431 ) ;
#581 = ORIENTED_EDGE ( 'NONE', *, *, #5477, .T. ) ;
#582 = DIRECTION ( 'NONE',  ( 1.000000000000000000, 0.0000000000000000000, 0.0000000000000000000 ) ) ;
#583 = CIRCLE ( 'NONE', #5188, 2.099999999999997900 ) ;
#584 = ORIENTED_EDGE ( 'NONE', *, *, #4316, .F. ) ;
#585 = ORIENTED_EDGE ( 'NONE', *, *, #566, .F. ) ;
#586 = EDGE_CURVE ( 'NONE', #7843, #7810, #519, .T. ) ;
#587 = CARTESIAN_POINT ( 'NONE',  ( 14.65000000000000200, 2.020667218593134000E-016, 10.00000000000000000 ) ) ;
#588 = CARTESIAN_POINT ( 'NONE',  ( -59.99999999999999300, 9.999999999999998200, 10.00000000000000000 ) ) ;
#589 = DIRECTION ( 'NONE',  ( -1.000000000000000000, 0.0000000000000000000, 0.0000000000000000000 ) ) ;
#590 = VECTOR ( 'NONE', #7204, 1000.000000000000000 ) ;
#591 = DIRECTION ( 'NONE',  ( 1.000000000000000000, 0.0000000000000000000, 0.0000000000000000000 ) ) ;
#592 = ORIENTED_EDGE ( 'NONE', *, *, #7445, .T. ) ;
#593 = VERTEX_POINT ( 'NONE', #5198 ) ;
#594 = CARTESIAN_POINT ( 'NONE',  ( 50.00000000000000000, -0.5000000000000002200, -0.0000000000000000000 ) ) ;
#595 = ADVANCED_FACE ( 'NONE', ( #1662 ), #7638, .F. ) ;
#596 = AXIS2_PLACEMENT_3D ( 'NONE', #208, #3666, #2685 ) ;
#597 = CIRCLE ( 'NONE', #4871, 1.999999999999997300 ) ;
#598 = CARTESIAN_POINT ( 'NONE',  ( 5.000000000000004400, 60.00000000000000000, 10.00000000000000000 ) ) ;
#599 = ORIENTED_EDGE ( 'NONE', *, *, #4586, .T. ) ;
#600 = DIRECTION ( 'NONE',  ( -1.000000000000000000, 0.0000000000000000000, 0.0000000000000000000 ) ) ;
#601 = DIRECTION ( 'NONE',  ( 0.0000000000000000000, 0.0000000000000000000, 1.000000000000000000 ) ) ;
#602 = CARTESIAN_POINT ( 'NONE',  ( -37.09401076758508300, -74.18802153517016500, 58.00000000000000000 ) ) ;
#603 = SPHERICAL_SURFACE ( 'NONE', #2959, 1.999999999999994900 ) ;
#604 = ORIENTED_EDGE ( 'NONE', *, *, #2873, .F. ) ;
#605 = AXIS2_PLACEMENT_3D ( 'NONE', #3861, #4488, #299 ) ;
#606 = VERTEX_POINT ( 'NONE', #889 ) ;
#607 = CARTESIAN_POINT ( 'NONE',  ( 0.0000000000000000000, 0.0000000000000000000, 0.0000000000000000000 ) ) ;
#608 = AXIS2_PLACEMENT_3D ( 'NONE', #6033, #5452, #582 ) ;
#609 = EDGE_CURVE ( 'NONE', #2930, #3396, #4521, .T. ) ;
#610 = VECTOR ( 'NONE', #68, 1000.000000000000000 ) ;
#611 = DIRECTION ( 'NONE',  ( -0.0000000000000000000, -0.0000000000000000000, -1.000000000000000000 ) ) ;
#612 = DIRECTION ( 'NONE',  ( -0.0000000000000000000, -0.0000000000000000000, -1.000000000000000000 ) ) ;
#613 = DIRECTION ( 'NONE',  ( 0.0000000000000000000, 0.0000000000000000000, 1.000000000000000000 ) ) ;
#614 = ORIENTED_EDGE ( 'NONE', *, *, #405, .F. ) ;
#615 = CARTESIAN_POINT ( 'NONE',  ( -17.00000000000000000, 0.0000000000000000000, 10.00000000000000000 ) ) ;
#616 = ORIENTED_EDGE ( 'NONE', *, *, #6663, .F. ) ;
#617 = ADVANCED_FACE ( 'NONE', ( #3872 ), #5093, .F. ) ;
#618 = EDGE_CURVE ( 'NONE', #6122, #6496, #621, .T. ) ;
#619 = VERTEX_POINT ( 'NONE', #1499 ) ;
#620 = AXIS2_PLACEMENT_3D ( 'NONE', #3813, #5652, #2012 ) ;
#621 = LINE ( 'NONE', #2168, #5375 ) ;
#622 = ORIENTED_EDGE ( 'NONE', *, *, #2688, .T. ) ;
#623 = EDGE_LOOP ( 'NONE', ( #6567, #6593 ) ) ;
#624 = DIRECTION ( 'NONE',  ( -0.0000000000000000000, -0.0000000000000000000, 1.000000000000000000 ) ) ;
#625 = DIRECTION ( 'NONE',  ( -1.000000000000000000, 0.0000000000000000000, 0.0000000000000000000 ) ) ;
#626 = CARTESIAN_POINT ( 'NONE',  ( -70.00000000000000000, -23.00000000000000000, 0.0000000000000000000 ) ) ;
#627 = VECTOR ( 'NONE', #2934, 1000.000000000000000 ) ;
#628 = VERTEX_POINT ( 'NONE', #7661 ) ;
#629 = CARTESIAN_POINT ( 'NONE',  ( 8.000000000000000000, 9.797174393178825700E-016, 0.5000000000000004400 ) ) ;
#630 = EDGE_LOOP ( 'NONE', ( #1412, #3308, #6893, #2011 ) ) ;
#631 = EDGE_CURVE ( 'NONE', #1635, #4331, #4800, .T. ) ;
#632 = AXIS2_PLACEMENT_3D ( 'NONE', #5701, #3329, #3223 ) ;
#633 = ADVANCED_FACE ( 'NONE', ( #6894 ), #7541, .F. ) ;
#634 = VECTOR ( 'NONE', #3860, 1000.000000000000000 ) ;
#635 = LINE ( 'NONE', #4676, #1582 ) ;
#636 = LINE ( 'NONE', #4432, #1201 ) ;
#637 = ORIENTED_EDGE ( 'NONE', *, *, #2490, .T. ) ;
#638 = DIRECTION ( 'NONE',  ( -1.000000000000000000, 0.0000000000000000000, 0.0000000000000000000 ) ) ;
#639 = PLANE ( 'NONE',  #5226 ) ;
#640 = CARTESIAN_POINT ( 'NONE',  ( -54.65000000000001300, -10.00000000000000000, 0.0000000000000000000 ) ) ;
#641 = AXIS2_PLACEMENT_3D ( 'NONE', #3214, #120, #1886 ) ;
#642 = FACE_OUTER_BOUND ( 'NONE', #3446, .T. ) ;
#643 = EDGE_CURVE ( 'NONE', #379, #4233, #231, .T. ) ;
#644 = AXIS2_PLACEMENT_3D ( 'NONE', #1450, #5788, #2116 ) ;
#645 = FACE_OUTER_BOUND ( 'NONE', #2725, .T. ) ;
#646 = ORIENTED_EDGE ( 'NONE', *, *, #106, .T. ) ;
#647 = CARTESIAN_POINT ( 'NONE',  ( 0.0000000000000000000, 13.00000000000000200, 10.00000000000000000 ) ) ;
#648 = ORIENTED_EDGE ( 'NONE', *, *, #7517, .F. ) ;
#649 = DIRECTION ( 'NONE',  ( 0.0000000000000000000, 0.0000000000000000000, -1.000000000000000000 ) ) ;
#650 = DIRECTION ( 'NONE',  ( 1.000000000000000000, 0.0000000000000000000, 0.0000000000000000000 ) ) ;
#651 = FACE_OUTER_BOUND ( 'NONE', #2089, .T. ) ;
#652 = DIRECTION ( 'NONE',  ( 1.000000000000000000, 0.0000000000000000000, 0.0000000000000000000 ) ) ;
#653 = VECTOR ( 'NONE', #6372, 1000.000000000000000 ) ;
#654 = ORIENTED_EDGE ( 'NONE', *, *, #3886, .F. ) ;
#655 = CARTESIAN_POINT ( 'NONE',  ( -58.00000000000000000, 55.00000000000000000, 0.0000000000000000000 ) ) ;
#656 = ADVANCED_FACE ( 'NONE', ( #2047 ), #2983, .F. ) ;
#657 = CARTESIAN_POINT ( 'NONE',  ( 34.50245047955376500, 0.0000000000000000000, 53.51438774526344100 ) ) ;
#658 = EDGE_CURVE ( 'NONE', #4142, #3217, #6792, .T. ) ;
#659 = VECTOR ( 'NONE', #7656, 1000.000000000000000 ) ;
#660 = VECTOR ( 'NONE', #1728, 1000.000000000000000 ) ;
#661 = EDGE_LOOP ( 'NONE', ( #4897, #1058, #5950, #7110 ) ) ;
#662 =( NAMED_UNIT ( * ) SI_UNIT ( $, .STERADIAN. ) SOLID_ANGLE_UNIT ( ) );
#663 = DIRECTION ( 'NONE',  ( 0.0000000000000000000, 0.0000000000000000000, -1.000000000000000000 ) ) ;
#664 = DIRECTION ( 'NONE',  ( -1.000000000000000000, 0.0000000000000000000, 0.0000000000000000000 ) ) ;
#665 = CONICAL_SURFACE ( 'NONE', #679, 8.000000000000000000, 0.7853981633974482800 ) ;
#666 = EDGE_LOOP ( 'NONE', ( #7405, #874 ) ) ;
#667 = EDGE_CURVE ( 'NONE', #1334, #5715, #5186, .T. ) ;
#668 = AXIS2_PLACEMENT_3D ( 'NONE', #6594, #4179, #5923 ) ;
#669 = VERTEX_POINT ( 'NONE', #1651 ) ;
#670 = DIRECTION ( 'NONE',  ( -0.0000000000000000000, -0.0000000000000000000, 1.000000000000000000 ) ) ;
#671 = VERTEX_POINT ( 'NONE', #2270 ) ;
#672 = DIRECTION ( 'NONE',  ( -1.000000000000000000, 0.0000000000000000000, 0.0000000000000000000 ) ) ;
#673 = ADVANCED_FACE ( 'NONE', ( #5943, #5755 ), #3585, .T. ) ;
#674 = VECTOR ( 'NONE', #1527, 1000.000000000000000 ) ;
#675 = DIRECTION ( 'NONE',  ( -1.000000000000000000, 0.0000000000000000000, 0.0000000000000000000 ) ) ;
#676 = EDGE_LOOP ( 'NONE', ( #3192, #2601 ) ) ;
#677 = DIRECTION ( 'NONE',  ( -0.0000000000000000000, -1.000000000000000000, 0.0000000000000000000 ) ) ;
#678 = EDGE_CURVE ( 'NONE', #6934, #2608, #2730, .T. ) ;
#679 = AXIS2_PLACEMENT_3D ( 'NONE', #6497, #2281, #4803 ) ;
#680 = ORIENTED_EDGE ( 'NONE', *, *, #1752, .T. ) ;
#681 = CARTESIAN_POINT ( 'NONE',  ( 5.000000000000002700, 45.00000000000000000, 5.000000000000000000 ) ) ;
#682 = FACE_OUTER_BOUND ( 'NONE', #3277, .T. ) ;
#683 = ORIENTED_EDGE ( 'NONE', *, *, #3398, .F. ) ;
#684 = CARTESIAN_POINT ( 'NONE',  ( 17.00000000000000000, 2.081899558550500300E-015, 10.00000000000000000 ) ) ;
#685 = ORIENTED_EDGE ( 'NONE', *, *, #317, .T. ) ;
#686 = ORIENTED_EDGE ( 'NONE', *, *, #3842, .T. ) ;
#687 = AXIS2_PLACEMENT_3D ( 'NONE', #7105, #4670, #6494 ) ;
#688 = DIRECTION ( 'NONE',  ( -0.0000000000000000000, -0.0000000000000000000, 1.000000000000000000 ) ) ;
#689 = EDGE_CURVE ( 'NONE', #3551, #3858, #6413, .T. ) ;
#690 = AXIS2_PLACEMENT_3D ( 'NONE', #3700, #5518, #3045 ) ;
#691 = ORIENTED_EDGE ( 'NONE', *, *, #3008, .T. ) ;
#692 = CARTESIAN_POINT ( 'NONE',  ( 8.349999999999999600, -6.999999999999999100, 16.00000000000000000 ) ) ;
#693 = EDGE_LOOP ( 'NONE', ( #1186, #2877, #7533, #4378 ) ) ;
#694 = DIRECTION ( 'NONE',  ( -1.000000000000000000, 0.0000000000000000000, 0.0000000000000000000 ) ) ;
#695 = ADVANCED_FACE ( 'NONE', ( #3309 ), #1855, .T. ) ;
#696 = DIRECTION ( 'NONE',  ( -0.0000000000000000000, 1.000000000000000000, -0.0000000000000000000 ) ) ;
#697 = VERTEX_POINT ( 'NONE', #2322 ) ;
#698 = VERTEX_POINT ( 'NONE', #2295 ) ;
#699 = AXIS2_PLACEMENT_3D ( 'NONE', #2509, #6752, #1252 ) ;
#700 = DIRECTION ( 'NONE',  ( 0.0000000000000000000, 0.0000000000000000000, 1.000000000000000000 ) ) ;
#701 = LINE ( 'NONE', #717, #413 ) ;
#702 = CARTESIAN_POINT ( 'NONE',  ( 72.10000000000000900, -14.49999999999999800, 6.000000000000000000 ) ) ;
#703 = FACE_BOUND ( 'NONE', #6824, .T. ) ;
#704 = VERTEX_POINT ( 'NONE', #4710 ) ;
#705 = ORIENTED_EDGE ( 'NONE', *, *, #5361, .T. ) ;
#706 = CARTESIAN_POINT ( 'NONE',  ( -64.35000000000000900, -23.00000000000000000, 0.0000000000000000000 ) ) ;
#707 = PLANE ( 'NONE',  #6326 ) ;
#708 = CARTESIAN_POINT ( 'NONE',  ( -13.00000000000000200, 0.0000000000000000000, 10.00000000000000000 ) ) ;
#709 = ORIENTED_EDGE ( 'NONE', *, *, #6826, .T. ) ;
#710 = ADVANCED_FACE ( 'NONE', ( #3208 ), #3394, .F. ) ;
#711 = DIRECTION ( 'NONE',  ( 0.0000000000000000000, 0.0000000000000000000, 1.000000000000000000 ) ) ;
#712 = ORIENTED_EDGE ( 'NONE', *, *, #2404, .F. ) ;
#713 = ORIENTED_EDGE ( 'NONE', *, *, #1629, .T. ) ;
#714 = EDGE_CURVE ( 'NONE', #6422, #1562, #4996, .T. ) ;
#715 = DIRECTION ( 'NONE',  ( -0.0000000000000000000, -0.0000000000000000000, 1.000000000000000000 ) ) ;
#716 = DIRECTION ( 'NONE',  ( -0.0000000000000000000, -0.0000000000000000000, 1.000000000000000000 ) ) ;
#717 = CARTESIAN_POINT ( 'NONE',  ( -85.00000000000001400, -40.00000000000003600, 0.0000000000000000000 ) ) ;
#718 = ORIENTED_EDGE ( 'NONE', *, *, #2859, .F. ) ;
#719 = LINE ( 'NONE', #7433, #4356 ) ;
#720 = CYLINDRICAL_SURFACE ( 'NONE', #3965, 5.000000000000004400 ) ;
#721 = ORIENTED_EDGE ( 'NONE', *, *, #4660, .T. ) ;
#722 = ORIENTED_EDGE ( 'NONE', *, *, #3488, .T. ) ;
#723 = DIRECTION ( 'NONE',  ( 0.0000000000000000000, 0.0000000000000000000, -1.000000000000000000 ) ) ;
#724 = EDGE_CURVE ( 'NONE', #4497, #134, #6591, .T. ) ;
#725 = DIRECTION ( 'NONE',  ( 0.0000000000000000000, 0.0000000000000000000, -1.000000000000000000 ) ) ;
#726 = AXIS2_PLACEMENT_3D ( 'NONE', #3103, #6686, #7317 ) ;
#727 = DIRECTION ( 'NONE',  ( 0.0000000000000000000, 0.0000000000000000000, -1.000000000000000000 ) ) ;
#728 = PRESENTATION_STYLE_ASSIGNMENT (( #1031 ) ) ;
#729 = ORIENTED_EDGE ( 'NONE', *, *, #6340, .T. ) ;
#730 = CARTESIAN_POINT ( 'NONE',  ( -77.35000000000000900, -10.00000000000000000, 0.0000000000000000000 ) ) ;
#731 = CIRCLE ( 'NONE', #5800, 3.999999999999996400 ) ;
#732 = ORIENTED_EDGE ( 'NONE', *, *, #2018, .F. ) ;
#733 = DIRECTION ( 'NONE',  ( -0.0000000000000000000, 1.000000000000000000, -0.0000000000000000000 ) ) ;
#734 = ADVANCED_FACE ( 'NONE', ( #320 ), #4111, .F. ) ;
#735 = CARTESIAN_POINT ( 'NONE',  ( -6.000000000000000900, 7.347880794884120700E-016, 18.00000000000000400 ) ) ;
#736 = LINE ( 'NONE', #7413, #539 ) ;
#737 = LINE ( 'NONE', #4954, #5494 ) ;
#738 = LINE ( 'NONE', #3769, #6618 ) ;
#739 = ORIENTED_EDGE ( 'NONE', *, *, #6058, .T. ) ;
#740 = EDGE_CURVE ( 'NONE', #1447, #4212, #5658, .T. ) ;
#741 = VERTEX_POINT ( 'NONE', #1109 ) ;
#742 =( LENGTH_UNIT ( ) NAMED_UNIT ( * ) SI_UNIT ( .MILLI., .METRE. ) );
#743 = LINE ( 'NONE', #4814, #4932 ) ;
#744 = CARTESIAN_POINT ( 'NONE',  ( -17.37044324410520300, -9.841292186886458900E-015, 26.78495389014887400 ) ) ;
#745 = LINE ( 'NONE', #514, #6066 ) ;
#746 = ORIENTED_EDGE ( 'NONE', *, *, #4600, .F. ) ;
#747 = CARTESIAN_POINT ( 'NONE',  ( -60.10000000000000100, 55.00000000000000000, 0.0000000000000000000 ) ) ;
#748 = ORIENTED_EDGE ( 'NONE', *, *, #2595, .F. ) ;
#749 = AXIS2_PLACEMENT_3D ( 'NONE', #3775, #727, #4986 ) ;
#750 = AXIS2_PLACEMENT_3D ( 'NONE', #6308, #3323, #6329 ) ;
#751 = DIRECTION ( 'NONE',  ( -1.000000000000000000, 0.0000000000000000000, 0.0000000000000000000 ) ) ;
#752 = VECTOR ( 'NONE', #4739, 1000.000000000000000 ) ;
#753 = PRODUCT_DEFINITION_SHAPE ( 'NONE', 'NONE',  #7895 ) ;
#754 = FACE_OUTER_BOUND ( 'NONE', #6974, .T. ) ;
#755 = ORIENTED_EDGE ( 'NONE', *, *, #5295, .F. ) ;
#756 = CARTESIAN_POINT ( 'NONE',  ( 0.0000000000000000000, 0.0000000000000000000, 0.0000000000000000000 ) ) ;
#757 = CARTESIAN_POINT ( 'NONE',  ( 0.0000000000000000000, 0.0000000000000000000, 30.00000000000000400 ) ) ;
#758 = DIRECTION ( 'NONE',  ( -0.0000000000000000000, -0.0000000000000000000, 1.000000000000000000 ) ) ;
#759 = SURFACE_STYLE_FILL_AREA ( #1267 ) ;
#760 = DIRECTION ( 'NONE',  ( -1.000000000000000000, 0.0000000000000000000, 0.0000000000000000000 ) ) ;
#761 = LINE ( 'NONE', #3959, #5425 ) ;
#762 = DIRECTION ( 'NONE',  ( 0.0000000000000000000, 0.0000000000000000000, -1.000000000000000000 ) ) ;
#763 = CIRCLE ( 'NONE', #5619, 2.099999999999997900 ) ;
#764 = LINE ( 'NONE', #7162, #6843 ) ;
#765 = AXIS2_PLACEMENT_3D ( 'NONE', #906, #3422, #7650 ) ;
#766 = DIRECTION ( 'NONE',  ( -1.000000000000000000, 0.0000000000000000000, 0.0000000000000000000 ) ) ;
#767 = DIRECTION ( 'NONE',  ( -0.0000000000000000000, -0.0000000000000000000, -1.000000000000000000 ) ) ;
#768 = CARTESIAN_POINT ( 'NONE',  ( -42.90000000000000600, 68.00000000000000000, 10.00000000000000000 ) ) ;
#769 = AXIS2_PLACEMENT_3D ( 'NONE', #2340, #391, #1614 ) ;
#770 = ORIENTED_EDGE ( 'NONE', *, *, #6687, .T. ) ;
#771 = EDGE_CURVE ( 'NONE', #6610, #1353, #1176, .T. ) ;
#772 = CYLINDRICAL_SURFACE ( 'NONE', #6025, 3.999999999999996400 ) ;
#773 = FACE_BOUND ( 'NONE', #5293, .T. ) ;
#774 = EDGE_LOOP ( 'NONE', ( #3547, #2400 ) ) ;
#775 = CYLINDRICAL_SURFACE ( 'NONE', #4401, 2.500000000000002200 ) ;
#776 = ORIENTED_EDGE ( 'NONE', *, *, #2324, .F. ) ;
#777 = DIRECTION ( 'NONE',  ( 1.000000000000000000, 0.0000000000000000000, 0.0000000000000000000 ) ) ;
#778 = EDGE_LOOP ( 'NONE', ( #2020, #1075 ) ) ;
#779 = EDGE_CURVE ( 'NONE', #3388, #238, #4244, .T. ) ;
#780 = CIRCLE ( 'NONE', #5592, 4.000000000000003600 ) ;
#781 = VERTEX_POINT ( 'NONE', #485 ) ;
#782 = DIRECTION ( 'NONE',  ( -0.0000000000000000000, -0.0000000000000000000, -1.000000000000000000 ) ) ;
#783 = DIRECTION ( 'NONE',  ( -1.000000000000000000, 0.0000000000000000000, 0.0000000000000000000 ) ) ;
#784 = CARTESIAN_POINT ( 'NONE',  ( 17.00000000000000000, 2.081899558550500300E-015, 30.00000000000000000 ) ) ;
#785 = DIRECTION ( 'NONE',  ( 1.000000000000000000, 0.0000000000000000000, 0.0000000000000000000 ) ) ;
#786 = VERTEX_POINT ( 'NONE', #6635 ) ;
#787 = ORIENTED_EDGE ( 'NONE', *, *, #6922, .F. ) ;
#788 = EDGE_CURVE ( 'NONE', #2880, #7384, #6036, .T. ) ;
#789 = AXIS2_PLACEMENT_3D ( 'NONE', #1315, #6817, #7436 ) ;
#790 = CARTESIAN_POINT ( 'NONE',  ( -5.999999999999996400, 0.9999999999999974500, 31.00000000000000000 ) ) ;
#791 = CARTESIAN_POINT ( 'NONE',  ( 0.0000000000000000000, -13.00000000000000200, 20.00000000000000000 ) ) ;
#792 = CARTESIAN_POINT ( 'NONE',  ( 45.00000000000000000, -10.00000000000000000, 0.0000000000000000000 ) ) ;
#793 = CARTESIAN_POINT ( 'NONE',  ( -13.00000000000000200, 0.0000000000000000000, 20.00000000000000000 ) ) ;
#794 = FACE_OUTER_BOUND ( 'NONE', #4390, .T. ) ;
#795 = VERTEX_POINT ( 'NONE', #2399 ) ;
#796 = ADVANCED_FACE ( 'NONE', ( #2628, #2421 ), #3714, .T. ) ;
#797 = APPLICATION_PROTOCOL_DEFINITION ( 'draft international standard', 'automotive_design', 1998, #6945 ) ;
#798 = CARTESIAN_POINT ( 'NONE',  ( 34.50245047955375800, 69.00490095910758700, 53.51438774526344800 ) ) ;
#799 = EDGE_CURVE ( 'NONE', #6793, #2841, #5847, .T. ) ;
#800 = FACE_BOUND ( 'NONE', #1324, .T. ) ;
#801 = EDGE_LOOP ( 'NONE', ( #7323, #3942, #7794, #3681 ) ) ;
#802 = EDGE_LOOP ( 'NONE', ( #7356, #4882, #141, #5423 ) ) ;
#803 = FACE_OUTER_BOUND ( 'NONE', #3498, .T. ) ;
#804 = DIRECTION ( 'NONE',  ( -0.0000000000000000000, -0.0000000000000000000, 1.000000000000000000 ) ) ;
#805 = EDGE_LOOP ( 'NONE', ( #4704, #6474, #1531, #1555 ) ) ;
#806 = ORIENTED_EDGE ( 'NONE', *, *, #7425, .F. ) ;
#807 = PLANE ( 'NONE',  #2486 ) ;
#808 = CARTESIAN_POINT ( 'NONE',  ( 1.650000000000000100, -13.00000000000000200, 20.00000000000000000 ) ) ;
#809 = EDGE_CURVE ( 'NONE', #5068, #2240, #4048, .T. ) ;
#810 = ADVANCED_BREP_SHAPE_REPRESENTATION ( '', ( #4470, #7414 ), #2395 ) ;
#811 = DIRECTION ( 'NONE',  ( -0.0000000000000000000, -0.0000000000000000000, 1.000000000000000000 ) ) ;
#812 = ORIENTED_EDGE ( 'NONE', *, *, #5689, .F. ) ;
#813 = EDGE_LOOP ( 'NONE', ( #864, #6135 ) ) ;
#814 = CARTESIAN_POINT ( 'NONE',  ( -99.99999999999998600, 64.99999999999991500, 0.0000000000000000000 ) ) ;
#815 = EDGE_LOOP ( 'NONE', ( #1647, #7153 ) ) ;
#816 = CARTESIAN_POINT ( 'NONE',  ( -12.99999999999999800, 15.00000000000000200, 10.00000000000000000 ) ) ;
#817 = SURFACE_STYLE_FILL_AREA ( #6769 ) ;
#818 = APPLICATION_PROTOCOL_DEFINITION ( 'draft international standard', 'automotive_design', 1998, #900 ) ;
#819 = EDGE_CURVE ( 'NONE', #2609, #5403, #1370, .T. ) ;
#820 = AXIS2_PLACEMENT_3D ( 'NONE', #2329, #7187, #2902 ) ;
#821 = VECTOR ( 'NONE', #2946, 1000.000000000000000 ) ;
#822 = VERTEX_POINT ( 'NONE', #615 ) ;
#823 = DIRECTION ( 'NONE',  ( -1.000000000000000000, 0.0000000000000000000, 0.0000000000000000000 ) ) ;
#824 = EDGE_LOOP ( 'NONE', ( #3866, #2753, #6646, #4730 ) ) ;
#825 = CARTESIAN_POINT ( 'NONE',  ( 54.00000000000000700, -14.49999999999999800, 6.000000000000000000 ) ) ;
#826 = LINE ( 'NONE', #2550, #7070 ) ;
#827 = ORIENTED_EDGE ( 'NONE', *, *, #5521, .F. ) ;
#828 = VERTEX_POINT ( 'NONE', #4223 ) ;
#829 = EDGE_CURVE ( 'NONE', #1954, #2807, #7629, .T. ) ;
#830 = CARTESIAN_POINT ( 'NONE',  ( 34.10000000000000900, -55.00000000000000000, 0.0000000000000000000 ) ) ;
#831 = ADVANCED_FACE ( 'NONE', ( #2816 ), #7241, .F. ) ;
#832 = AXIS2_PLACEMENT_3D ( 'NONE', #5129, #5102, #2072 ) ;
#833 = DIRECTION ( 'NONE',  ( 1.000000000000000000, 0.0000000000000000000, 0.0000000000000000000 ) ) ;
#834 = VECTOR ( 'NONE', #1873, 1000.000000000000000 ) ;
#835 = CARTESIAN_POINT ( 'NONE',  ( -45.00000000000000700, 42.00000000000000000, 0.0000000000000000000 ) ) ;
#836 = VECTOR ( 'NONE', #4154, 1000.000000000000000 ) ;
#837 = VECTOR ( 'NONE', #3930, 1000.000000000000000 ) ;
#838 = EDGE_LOOP ( 'NONE', ( #1920, #5360, #168, #6781, #920, #893, #6006, #6371, #5126, #537 ) ) ;
#839 = DIRECTION ( 'NONE',  ( -1.000000000000000000, 0.0000000000000000000, 0.0000000000000000000 ) ) ;
#840 = ORIENTED_EDGE ( 'NONE', *, *, #3097, .T. ) ;
#841 = DIRECTION ( 'NONE',  ( 0.0000000000000000000, 0.0000000000000000000, 1.000000000000000000 ) ) ;
#842 = CARTESIAN_POINT ( 'NONE',  ( 1.040949779275250100E-015, 0.0000000000000000000, 35.00000000000000000 ) ) ;
#843 = AXIS2_PLACEMENT_3D ( 'NONE', #7752, #5279, #1692 ) ;
#844 = CIRCLE ( 'NONE', #2477, 1.650000000000000100 ) ;
#845 = EDGE_CURVE ( 'NONE', #1212, #4219, #988, .T. ) ;
#846 = CIRCLE ( 'NONE', #2237, 37.09401076758509000 ) ;
#847 = EDGE_LOOP ( 'NONE', ( #5095, #2332, #973, #4017 ) ) ;
#848 = CARTESIAN_POINT ( 'NONE',  ( 14.99999999999999300, 10.00000000000000000, 31.00000000000000000 ) ) ;
#849 = FACE_OUTER_BOUND ( 'NONE', #273, .T. ) ;
#850 = DIRECTION ( 'NONE',  ( -1.000000000000000000, 0.0000000000000000000, 0.0000000000000000000 ) ) ;
#851 = LINE ( 'NONE', #7555, #1321 ) ;
#852 = VERTEX_POINT ( 'NONE', #6012 ) ;
#853 = AXIS2_PLACEMENT_3D ( 'NONE', #5195, #5221, #5347 ) ;
#854 = EDGE_CURVE ( 'NONE', #2609, #5797, #4701, .T. ) ;
#855 = CYLINDRICAL_SURFACE ( 'NONE', #4650, 8.000000000000000000 ) ;
#856 = DIRECTION ( 'NONE',  ( 1.000000000000000000, 0.0000000000000000000, 0.0000000000000000000 ) ) ;
#857 = FACE_OUTER_BOUND ( 'NONE', #1825, .T. ) ;
#858 = ORIENTED_EDGE ( 'NONE', *, *, #4813, .T. ) ;
#859 = CARTESIAN_POINT ( 'NONE',  ( -64.35000000000000900, 3.000000000000000900, 10.00000000000000000 ) ) ;
#860 = DIRECTION ( 'NONE',  ( 0.0000000000000000000, 0.0000000000000000000, 1.000000000000000000 ) ) ;
#861 = CIRCLE ( 'NONE', #3042, 17.00000000000000400 ) ;
#862 = CARTESIAN_POINT ( 'NONE',  ( 13.00000000000000200, 0.0000000000000000000, 20.00000000000000000 ) ) ;
#863 = AXIS2_PLACEMENT_3D ( 'NONE', #4534, #7568, #2746 ) ;
#864 = ORIENTED_EDGE ( 'NONE', *, *, #7122, .T. ) ;
#865 = DIRECTION ( 'NONE',  ( -0.0000000000000000000, -0.0000000000000000000, -1.000000000000000000 ) ) ;
#866 = CARTESIAN_POINT ( 'NONE',  ( 6.000000000000000900, 0.0000000000000000000, 12.00000000000000200 ) ) ;
#867 = VERTEX_POINT ( 'NONE', #7876 ) ;
#868 = AXIS2_PLACEMENT_3D ( 'NONE', #4763, #2975, #1020 ) ;
#869 = EDGE_CURVE ( 'NONE', #7760, #4497, #5465, .T. ) ;
#870 = PLANE ( 'NONE',  #1000 ) ;
#871 = ORIENTED_EDGE ( 'NONE', *, *, #3676, .T. ) ;
#872 = ADVANCED_FACE ( 'NONE', ( #7342 ), #3862, .F. ) ;
#873 = APPLICATION_PROTOCOL_DEFINITION ( 'draft international standard', 'automotive_design', 1998, #5762 ) ;
#874 = ORIENTED_EDGE ( 'NONE', *, *, #6434, .T. ) ;
#875 = VERTEX_POINT ( 'NONE', #7373 ) ;
#876 = DIRECTION ( 'NONE',  ( -0.0000000000000000000, -0.0000000000000000000, 1.000000000000000000 ) ) ;
#877 = ORIENTED_EDGE ( 'NONE', *, *, #2298, .F. ) ;
#878 = DIRECTION ( 'NONE',  ( 0.0000000000000000000, 0.0000000000000000000, 1.000000000000000000 ) ) ;
#879 = VERTEX_POINT ( 'NONE', #7447 ) ;
#880 = CARTESIAN_POINT ( 'NONE',  ( -47.10000000000000100, 42.00000000000000000, 0.0000000000000000000 ) ) ;
#881 = EDGE_CURVE ( 'NONE', #7784, #5262, #5178, .T. ) ;
#882 = AXIS2_PLACEMENT_3D ( 'NONE', #4339, #1804, #2411 ) ;
#883 = DIRECTION ( 'NONE',  ( -0.0000000000000000000, -0.0000000000000000000, -1.000000000000000000 ) ) ;
#884 = ORIENTED_EDGE ( 'NONE', *, *, #3183, .T. ) ;
#885 = ORIENTED_EDGE ( 'NONE', *, *, #1209, .T. ) ;
#886 = DIRECTION ( 'NONE',  ( -0.0000000000000000000, -0.0000000000000000000, 1.000000000000000000 ) ) ;
#887 = CARTESIAN_POINT ( 'NONE',  ( -5.000000000000001800, 15.00000000000000000, 3.999999999999999100 ) ) ;
#888 = CARTESIAN_POINT ( 'NONE',  ( 0.0000000000000000000, 0.0000000000000000000, 50.00000000000000000 ) ) ;
#889 = CARTESIAN_POINT ( 'NONE',  ( 14.65000000000000200, 2.020667218593134000E-016, 10.00000000000000000 ) ) ;
#890 = EDGE_CURVE ( 'NONE', #3219, #1481, #2625, .T. ) ;
#891 = AXIS2_PLACEMENT_3D ( 'NONE', #2648, #878, #6877 ) ;
#892 = ORIENTED_EDGE ( 'NONE', *, *, #689, .F. ) ;
#893 = ORIENTED_EDGE ( 'NONE', *, *, #1704, .F. ) ;
#894 = DIRECTION ( 'NONE',  ( -1.000000000000000000, 0.0000000000000000000, 0.0000000000000000000 ) ) ;
#895 = DIRECTION ( 'NONE',  ( 1.000000000000000000, 0.0000000000000000000, 0.0000000000000000000 ) ) ;
#896 = PLANE ( 'NONE',  #7036 ) ;
#897 = CARTESIAN_POINT ( 'NONE',  ( -58.00000000000000000, 55.00000000000000000, 6.000000000000000000 ) ) ;
#898 = LINE ( 'NONE', #4444, #1653 ) ;
#899 = VECTOR ( 'NONE', #7133, 1000.000000000000000 ) ;
#900 = APPLICATION_CONTEXT ( 'automotive_design' ) ;
#901 = VERTEX_POINT ( 'NONE', #3738 ) ;
#902 = ORIENTED_EDGE ( 'NONE', *, *, #6081, .F. ) ;
#903 = AXIS2_PLACEMENT_3D ( 'NONE', #4962, #1895, #6149 ) ;
#904 = DIRECTION ( 'NONE',  ( -1.000000000000000000, 0.0000000000000000000, 0.0000000000000000000 ) ) ;
#905 = EDGE_CURVE ( 'NONE', #3523, #7315, #7528, .T. ) ;
#906 = CARTESIAN_POINT ( 'NONE',  ( 0.0000000000000000000, 13.00000000000000200, 20.00000000000000000 ) ) ;
#907 = CIRCLE ( 'NONE', #5989, 11.00000000000000000 ) ;
#908 = ORIENTED_EDGE ( 'NONE', *, *, #2947, .T. ) ;
#909 = ORIENTED_EDGE ( 'NONE', *, *, #6797, .F. ) ;
#910 = DIRECTION ( 'NONE',  ( -1.000000000000000000, 0.0000000000000000000, 0.0000000000000000000 ) ) ;
#911 = UNCERTAINTY_MEASURE_WITH_UNIT (LENGTH_MEASURE( 1.000000000000000100E-005 ), #742, 'distance_accuracy_value', 'NONE');
#912 = DIRECTION ( 'NONE',  ( -0.0000000000000000000, -0.0000000000000000000, -1.000000000000000000 ) ) ;
#913 = ADVANCED_FACE ( 'NONE', ( #508 ), #4333, .F. ) ;
#914 = CARTESIAN_POINT ( 'NONE',  ( -41.00000000000000700, 68.00000000000000000, 0.0000000000000000000 ) ) ;
#915 = AXIS2_PLACEMENT_3D ( 'NONE', #1454, #5760, #4562 ) ;
#916 = DIRECTION ( 'NONE',  ( -1.000000000000000000, -0.0000000000000000000, -0.0000000000000000000 ) ) ;
#917 = DIRECTION ( 'NONE',  ( 1.000000000000000000, 0.0000000000000000000, 0.0000000000000000000 ) ) ;
#918 = ORIENTED_EDGE ( 'NONE', *, *, #4189, .T. ) ;
#919 = CARTESIAN_POINT ( 'NONE',  ( 50.00000000000000000, -0.5000000000000002200, 6.000000000000000000 ) ) ;
#920 = ORIENTED_EDGE ( 'NONE', *, *, #7148, .T. ) ;
#921 = EDGE_CURVE ( 'NONE', #3458, #6547, #2721, .T. ) ;
#922 = DIRECTION ( 'NONE',  ( 0.0000000000000000000, 0.0000000000000000000, 1.000000000000000000 ) ) ;
#923 = VECTOR ( 'NONE', #546, 1000.000000000000000 ) ;
#924 = FACE_OUTER_BOUND ( 'NONE', #287, .T. ) ;
#925 = ORIENTED_EDGE ( 'NONE', *, *, #70, .T. ) ;
#926 = FACE_OUTER_BOUND ( 'NONE', #3285, .T. ) ;
#927 = EDGE_CURVE ( 'NONE', #6937, #328, #3102, .T. ) ;
#928 = AXIS2_PLACEMENT_3D ( 'NONE', #2682, #2736, #2083 ) ;
#929 = DIRECTION ( 'NONE',  ( 0.0000000000000000000, 1.000000000000000000, -0.0000000000000000000 ) ) ;
#930 = FACE_OUTER_BOUND ( 'NONE', #4642, .T. ) ;
#931 = CYLINDRICAL_SURFACE ( 'NONE', #516, 1.649999999999998600 ) ;
#932 = CIRCLE ( 'NONE', #2795, 17.00000000000000000 ) ;
#933 = LINE ( 'NONE', #2820, #6828 ) ;
#934 = VERTEX_POINT ( 'NONE', #5528 ) ;
#935 = DIRECTION ( 'NONE',  ( -1.000000000000000000, 0.0000000000000000000, 0.0000000000000000000 ) ) ;
#936 = AXIS2_PLACEMENT_3D ( 'NONE', #7033, #5200, #1530 ) ;
#937 = CARTESIAN_POINT ( 'NONE',  ( 0.0000000000000000000, 0.0000000000000000000, 12.00000000000000200 ) ) ;
#938 = ORIENTED_EDGE ( 'NONE', *, *, #6013, .T. ) ;
#939 = VECTOR ( 'NONE', #5171, 1000.000000000000000 ) ;
#940 = DIRECTION ( 'NONE',  ( 1.000000000000000000, 0.0000000000000000000, 0.0000000000000000000 ) ) ;
#941 = CIRCLE ( 'NONE', #1264, 2.099999999999997900 ) ;
#942 = ORIENTED_EDGE ( 'NONE', *, *, #574, .T. ) ;
#943 = DIRECTION ( 'NONE',  ( -1.000000000000000000, 0.0000000000000000000, 0.0000000000000000000 ) ) ;
#944 = CARTESIAN_POINT ( 'NONE',  ( 10.00000000000000200, 7.000000000000000900, 16.00000000000000000 ) ) ;
#945 = AXIS2_PLACEMENT_3D ( 'NONE', #2058, #7458, #2087 ) ;
#946 = EDGE_CURVE ( 'NONE', #418, #4262, #701, .T. ) ;
#947 = AXIS2_PLACEMENT_3D ( 'NONE', #3231, #1480, #1506 ) ;
#948 = LINE ( 'NONE', #5837, #1522 ) ;
#949 = ADVANCED_FACE ( 'NONE', ( #803 ), #6685, .F. ) ;
#950 = FACE_OUTER_BOUND ( 'NONE', #4587, .T. ) ;
#951 = ORIENTED_EDGE ( 'NONE', *, *, #6881, .F. ) ;
#952 = PLANE ( 'NONE',  #3449 ) ;
#953 = DIRECTION ( 'NONE',  ( 1.000000000000000000, 0.0000000000000000000, 0.0000000000000000000 ) ) ;
#954 = DIRECTION ( 'NONE',  ( 1.000000000000000000, 0.0000000000000000000, 0.0000000000000000000 ) ) ;
#955 = LINE ( 'NONE', #5780, #5816 ) ;
#956 = EDGE_LOOP ( 'NONE', ( #2695, #7450 ) ) ;
#957 = AXIS2_PLACEMENT_3D ( 'NONE', #3244, #2650, #6306 ) ;
#958 = CARTESIAN_POINT ( 'NONE',  ( 10.00000000000000000, -6.999999999999999100, 16.00000000000000000 ) ) ;
#959 = LINE ( 'NONE', #4123, #4855 ) ;
#960 = ORIENTED_EDGE ( 'NONE', *, *, #5939, .F. ) ;
#961 = ORIENTED_EDGE ( 'NONE', *, *, #1590, .T. ) ;
#962 = EDGE_LOOP ( 'NONE', ( #7779, #4997 ) ) ;
#963 = ORIENTED_EDGE ( 'NONE', *, *, #2896, .T. ) ;
#964 = DIRECTION ( 'NONE',  ( 0.5000000000000012200, 0.0000000000000000000, 0.8660254037844380400 ) ) ;
#965 = CARTESIAN_POINT ( 'NONE',  ( 30.68489076841715500, 0.0000000000000000000, 46.07477892059625900 ) ) ;
#966 = EDGE_CURVE ( 'NONE', #7610, #4541, #5083, .T. ) ;
#967 = VERTEX_POINT ( 'NONE', #6776 ) ;
#968 = ORIENTED_EDGE ( 'NONE', *, *, #4697, .F. ) ;
#969 = DIRECTION ( 'NONE',  ( 1.000000000000000000, 0.0000000000000000000, 0.0000000000000000000 ) ) ;
#970 = FACE_OUTER_BOUND ( 'NONE', #6443, .T. ) ;
#971 = DIRECTION ( 'NONE',  ( -1.000000000000000000, 0.0000000000000000000, 0.0000000000000000000 ) ) ;
#972 = CARTESIAN_POINT ( 'NONE',  ( 41.00000000000000700, -68.00000000000000000, 6.000000000000000000 ) ) ;
#973 = ORIENTED_EDGE ( 'NONE', *, *, #3338, .T. ) ;
#974 = EDGE_CURVE ( 'NONE', #3688, #5522, #7712, .T. ) ;
#975 = AXIS2_PLACEMENT_3D ( 'NONE', #64, #688, #4947 ) ;
#976 = CARTESIAN_POINT ( 'NONE',  ( 47.10000000000000100, -42.00000000000000000, 6.000000000000000000 ) ) ;
#977 = FACE_OUTER_BOUND ( 'NONE', #4881, .T. ) ;
#978 = ADVANCED_FACE ( 'NONE', ( #219 ), #3670, .F. ) ;
#979 = ORIENTED_EDGE ( 'NONE', *, *, #6139, .F. ) ;
#980 = CARTESIAN_POINT ( 'NONE',  ( -37.00000000000000700, 55.00000000000000000, 0.0000000000000000000 ) ) ;
#981 = ORIENTED_EDGE ( 'NONE', *, *, #4267, .T. ) ;
#982 = CARTESIAN_POINT ( 'NONE',  ( 24.99999999999999300, 15.00000000000000000, 4.000000000000000000 ) ) ;
#983 = DIRECTION ( 'NONE',  ( -0.0000000000000000000, -0.0000000000000000000, -1.000000000000000000 ) ) ;
#984 = CARTESIAN_POINT ( 'NONE',  ( 79.99999999999994300, 60.00000000000000700, 5.000000000000000000 ) ) ;
#985 = VECTOR ( 'NONE', #146, 1000.000000000000000 ) ;
#986 = EDGE_CURVE ( 'NONE', #2187, #2119, #2516, .T. ) ;
#987 = AXIS2_PLACEMENT_3D ( 'NONE', #1326, #5165, #5662 ) ;
#988 = CIRCLE ( 'NONE', #2016, 9.999999999999994700 ) ;
#989 = VERTEX_POINT ( 'NONE', #5585 ) ;
#990 = ORIENTED_EDGE ( 'NONE', *, *, #202, .T. ) ;
#991 = FACE_BOUND ( 'NONE', #6772, .T. ) ;
#992 = ORIENTED_EDGE ( 'NONE', *, *, #250, .T. ) ;
#993 = AXIS2_PLACEMENT_3D ( 'NONE', #4752, #6334, #1463 ) ;
#994 = ORIENTED_EDGE ( 'NONE', *, *, #261, .F. ) ;
#995 = CARTESIAN_POINT ( 'NONE',  ( -45.00000000000000700, 68.00000000000000000, 6.000000000000000000 ) ) ;
#996 = PRODUCT_DEFINITION_SHAPE ( 'NONE', 'NONE',  #6057 ) ;
#997 = ORIENTED_EDGE ( 'NONE', *, *, #193, .T. ) ;
#998 = ORIENTED_EDGE ( 'NONE', *, *, #2396, .F. ) ;
#999 = DIRECTION ( 'NONE',  ( -0.0000000000000000000, -0.0000000000000000000, -1.000000000000000000 ) ) ;
#1000 = AXIS2_PLACEMENT_3D ( 'NONE', #5072, #5734, #4460 ) ;
#1001 = CARTESIAN_POINT ( 'NONE',  ( 15.00000000000000400, 2.500000000000000900, 0.0000000000000000000 ) ) ;
#1002 = CARTESIAN_POINT ( 'NONE',  ( -99.99999999999997200, -64.99999999999992900, 10.00000000000000000 ) ) ;
#1003 = AXIS2_PLACEMENT_3D ( 'NONE', #7171, #1700, #1643 ) ;
#1004 = EDGE_CURVE ( 'NONE', #580, #5960, #4139, .T. ) ;
#1005 = VECTOR ( 'NONE', #5071, 1000.000000000000000 ) ;
#1006 = EDGE_LOOP ( 'NONE', ( #1436, #1616, #6829, #592, #4186 ) ) ;
#1007 = CARTESIAN_POINT ( 'NONE',  ( 5.000000000000004400, 34.99999999999999300, 5.000000000000000000 ) ) ;
#1008 = CIRCLE ( 'NONE', #3967, 4.000000000000003600 ) ;
#1009 = VECTOR ( 'NONE', #5060, 1000.000000000000000 ) ;
#1010 = CIRCLE ( 'NONE', #6664, 10.00000000000000900 ) ;
#1011 = VERTEX_POINT ( 'NONE', #5057 ) ;
#1012 = CARTESIAN_POINT ( 'NONE',  ( 100.0000000000000300, -45.00000000000000000, 10.00000000000000000 ) ) ;
#1013 = ADVANCED_FACE ( 'NONE', ( #4893 ), #1404, .F. ) ;
#1014 = ORIENTED_EDGE ( 'NONE', *, *, #6777, .F. ) ;
#1015 = EDGE_CURVE ( 'NONE', #5262, #5168, #898, .T. ) ;
#1016 = AXIS2_PLACEMENT_3D ( 'NONE', #4458, #4408, #6818 ) ;
#1017 = VECTOR ( 'NONE', #1813, 1000.000000000000000 ) ;
#1018 = FACE_OUTER_BOUND ( 'NONE', #2704, .T. ) ;
#1019 = EDGE_LOOP ( 'NONE', ( #5174, #7120 ) ) ;
#1020 = DIRECTION ( 'NONE',  ( -1.000000000000000000, 0.0000000000000000000, 0.0000000000000000000 ) ) ;
#1021 = CIRCLE ( 'NONE', #936, 4.000000000000003600 ) ;
#1022 = EDGE_CURVE ( 'NONE', #3735, #7315, #6318, .T. ) ;
#1023 = AXIS2_PLACEMENT_3D ( 'NONE', #6289, #3255, #833 ) ;
#1024 = LINE ( 'NONE', #5947, #660 ) ;
#1025 = VERTEX_POINT ( 'NONE', #3848 ) ;
#1026 = CARTESIAN_POINT ( 'NONE',  ( 28.00000000000000700, -55.00000000000000000, 6.000000000000000000 ) ) ;
#1027 = ORIENTED_EDGE ( 'NONE', *, *, #2451, .T. ) ;
#1028 = DIRECTION ( 'NONE',  ( 0.0000000000000000000, 0.0000000000000000000, 1.000000000000000000 ) ) ;
#1029 = CYLINDRICAL_SURFACE ( 'NONE', #7776, 4.000000000000003600 ) ;
#1030 = DIRECTION ( 'NONE',  ( 1.000000000000000000, 0.0000000000000000000, 0.0000000000000000000 ) ) ;
#1031 = SURFACE_STYLE_USAGE ( .BOTH. , #460 ) ;
#1032 = DIRECTION ( 'NONE',  ( 1.000000000000000000, 0.0000000000000000000, 0.0000000000000000000 ) ) ;
#1033 = VECTOR ( 'NONE', #7625, 1000.000000000000000 ) ;
#1034 = AXIS2_PLACEMENT_3D ( 'NONE', #1789, #1858, #2423 ) ;
#1035 = ORIENTED_EDGE ( 'NONE', *, *, #2923, .T. ) ;
#1036 = EDGE_CURVE ( 'NONE', #5866, #2664, #1845, .T. ) ;
#1037 = DIRECTION ( 'NONE',  ( -0.0000000000000000000, -0.0000000000000000000, -1.000000000000000000 ) ) ;
#1038 = AXIS2_PLACEMENT_3D ( 'NONE', #4327, #723, #4874 ) ;
#1039 = CARTESIAN_POINT ( 'NONE',  ( -99.99999999999998600, 64.99999999999991500, 0.0000000000000000000 ) ) ;
#1040 = ORIENTED_EDGE ( 'NONE', *, *, #3347, .T. ) ;
#1041 = DIRECTION ( 'NONE',  ( 0.0000000000000000000, 0.0000000000000000000, -1.000000000000000000 ) ) ;
#1042 = DIRECTION ( 'NONE',  ( 0.0000000000000000000, 0.0000000000000000000, -1.000000000000000000 ) ) ;
#1043 = ORIENTED_EDGE ( 'NONE', *, *, #7877, .F. ) ;
#1044 = CARTESIAN_POINT ( 'NONE',  ( 45.00000000000000700, -42.00000000000000000, -0.0000000000000000000 ) ) ;
#1045 = VERTEX_POINT ( 'NONE', #4473 ) ;
#1046 = CARTESIAN_POINT ( 'NONE',  ( -14.65000000000000200, 0.0000000000000000000, 20.00000000000000000 ) ) ;
#1047 = VECTOR ( 'NONE', #1767, 1000.000000000000000 ) ;
#1048 = ORIENTED_EDGE ( 'NONE', *, *, #7415, .F. ) ;
#1049 = EDGE_CURVE ( 'NONE', #4331, #4035, #3762, .T. ) ;
#1050 = ORIENTED_EDGE ( 'NONE', *, *, #5567, .T. ) ;
#1051 = ORIENTED_EDGE ( 'NONE', *, *, #2501, .T. ) ;
#1052 = DIRECTION ( 'NONE',  ( -0.0000000000000000000, -0.0000000000000000000, -1.000000000000000000 ) ) ;
#1053 = ADVANCED_FACE ( 'NONE', ( #977 ), #7806, .F. ) ;
#1054 = PLANE ( 'NONE',  #7538 ) ;
#1055 = DIRECTION ( 'NONE',  ( -1.000000000000000000, 0.0000000000000000000, 0.0000000000000000000 ) ) ;
#1056 = DIRECTION ( 'NONE',  ( 0.0000000000000000000, 0.0000000000000000000, 1.000000000000000000 ) ) ;
#1057 = PRODUCT ( 'YH0701004_锥', 'YH0701004_锥', '', ( #1428 ) ) ;
#1058 = ORIENTED_EDGE ( 'NONE', *, *, #2553, .T. ) ;
#1059 = ORIENTED_EDGE ( 'NONE', *, *, #6838, .F. ) ;
#1060 = CARTESIAN_POINT ( 'NONE',  ( 90.00000000000001400, 49.99999999999996400, 5.000000000000000000 ) ) ;
#1061 = EDGE_CURVE ( 'NONE', #6888, #2097, #1644, .T. ) ;
#1062 = ADVANCED_FACE ( 'NONE', ( #5929 ), #2713, .F. ) ;
#1063 = AXIS2_PLACEMENT_3D ( 'NONE', #5590, #1358, #5617 ) ;
#1064 = DIRECTION ( 'NONE',  ( -1.000000000000000000, 0.0000000000000000000, 0.0000000000000000000 ) ) ;
#1065 = ORIENTED_EDGE ( 'NONE', *, *, #298, .T. ) ;
#1066 = ORIENTED_EDGE ( 'NONE', *, *, #3863, .F. ) ;
#1067 = DIRECTION ( 'NONE',  ( -1.000000000000000000, 0.0000000000000000000, 0.0000000000000000000 ) ) ;
#1068 = CARTESIAN_POINT ( 'NONE',  ( -10.99999999999999600, 0.9999999999999967800, 16.00000000000000000 ) ) ;
#1069 = DIRECTION ( 'NONE',  ( 1.000000000000000000, 0.0000000000000000000, 0.0000000000000000000 ) ) ;
#1070 = CARTESIAN_POINT ( 'NONE',  ( 10.00000000000000200, 7.000000000000000900, 16.00000000000000000 ) ) ;
#1071 = DIRECTION ( 'NONE',  ( -1.000000000000000000, 0.0000000000000000000, 0.0000000000000000000 ) ) ;
#1072 = FACE_BOUND ( 'NONE', #3346, .T. ) ;
#1073 = AXIS2_PLACEMENT_3D ( 'NONE', #5868, #3494, #359 ) ;
#1074 = ORIENTED_EDGE ( 'NONE', *, *, #724, .T. ) ;
#1075 = ORIENTED_EDGE ( 'NONE', *, *, #2312, .F. ) ;
#1076 = CARTESIAN_POINT ( 'NONE',  ( -11.64999999999999900, 7.000000000000000900, 10.00000000000000000 ) ) ;
#1077 = DIRECTION ( 'NONE',  ( 1.000000000000000000, 0.0000000000000000000, 0.0000000000000000000 ) ) ;
#1078 = DIRECTION ( 'NONE',  ( 1.000000000000000000, 0.0000000000000000000, 0.0000000000000000000 ) ) ;
#1079 = EDGE_LOOP ( 'NONE', ( #2178, #6252, #4969, #6975 ) ) ;
#1080 = DIRECTION ( 'NONE',  ( -1.000000000000000000, 0.0000000000000000000, 0.0000000000000000000 ) ) ;
#1081 = VECTOR ( 'NONE', #6485, 999.9999999999998900 ) ;
#1082 = ORIENTED_EDGE ( 'NONE', *, *, #4303, .F. ) ;
#1083 = EDGE_LOOP ( 'NONE', ( #4774, #4404, #1139, #2022 ) ) ;
#1084 = AXIS2_PLACEMENT_3D ( 'NONE', #7774, #1798, #4779 ) ;
#1085 = EDGE_CURVE ( 'NONE', #1334, #7610, #1361, .T. ) ;
#1086 = AXIS2_PLACEMENT_3D ( 'NONE', #550, #5306, #6028 ) ;
#1087 = DIRECTION ( 'NONE',  ( -0.0000000000000000000, -0.0000000000000000000, 1.000000000000000000 ) ) ;
#1088 = CIRCLE ( 'NONE', #3924, 2.100000000000004500 ) ;
#1089 = CYLINDRICAL_SURFACE ( 'NONE', #6942, 1.650000000000000400 ) ;
#1090 = ORIENTED_EDGE ( 'NONE', *, *, #6721, .T. ) ;
#1091 = DIRECTION ( 'NONE',  ( 0.0000000000000000000, 0.0000000000000000000, -1.000000000000000000 ) ) ;
#1092 = AXIS2_PLACEMENT_3D ( 'NONE', #6040, #6614, #5459 ) ;
#1093 = LINE ( 'NONE', #3627, #4161 ) ;
#1094 = FACE_OUTER_BOUND ( 'NONE', #4097, .T. ) ;
#1095 = CARTESIAN_POINT ( 'NONE',  ( 25.00000000000000000, 15.00000000000000000, 4.000000000000000000 ) ) ;
#1096 = ORIENTED_EDGE ( 'NONE', *, *, #1911, .T. ) ;
#1097 = CARTESIAN_POINT ( 'NONE',  ( 75.00000000000000000, -5.000000000000000000, 0.0000000000000000000 ) ) ;
#1098 = CIRCLE ( 'NONE', #7134, 11.00000000000000000 ) ;
#1099 = ORIENTED_EDGE ( 'NONE', *, *, #3656, .F. ) ;
#1100 = ADVANCED_FACE ( 'NONE', ( #1457 ), #603, .F. ) ;
#1101 = CARTESIAN_POINT ( 'NONE',  ( 11.35000000000000100, 0.0000000000000000000, 10.00000000000000000 ) ) ;
#1102 = CIRCLE ( 'NONE', #5533, 2.099999999999997900 ) ;
#1103 = FACE_OUTER_BOUND ( 'NONE', #4207, .T. ) ;
#1104 = EDGE_LOOP ( 'NONE', ( #4057, #787 ) ) ;
#1105 = CARTESIAN_POINT ( 'NONE',  ( 70.00000000000000000, -14.49999999999999800, 0.0000000000000000000 ) ) ;
#1106 = DIRECTION ( 'NONE',  ( 0.0000000000000000000, 0.0000000000000000000, -1.000000000000000000 ) ) ;
#1107 = DIRECTION ( 'NONE',  ( -1.000000000000000000, -0.0000000000000000000, -0.0000000000000000000 ) ) ;
#1108 = CARTESIAN_POINT ( 'NONE',  ( -8.000000000000000000, 0.0000000000000000000, 10.00000000000000000 ) ) ;
#1109 = CARTESIAN_POINT ( 'NONE',  ( -34.10000000000000900, 55.00000000000000000, 10.00000000000000000 ) ) ;
#1110 = EDGE_CURVE ( 'NONE', #6288, #1724, #4128, .T. ) ;
#1111 = FACE_BOUND ( 'NONE', #4204, .T. ) ;
#1112 = CIRCLE ( 'NONE', #4491, 8.000000000000000000 ) ;
#1113 = ORIENTED_EDGE ( 'NONE', *, *, #7692, .T. ) ;
#1114 = CARTESIAN_POINT ( 'NONE',  ( -79.99999999999995700, -60.00000000000001400, 5.000000000000000000 ) ) ;
#1115 = VERTEX_POINT ( 'NONE', #4719 ) ;
#1116 = CARTESIAN_POINT ( 'NONE',  ( -14.99999999999999600, -10.00000000000000000, 31.00000000000000000 ) ) ;
#1117 = CARTESIAN_POINT ( 'NONE',  ( -59.99999999999999300, 30.00000000000000000, 10.00000000000000000 ) ) ;
#1118 = VECTOR ( 'NONE', #563, 1000.000000000000000 ) ;
#1119 = PRODUCT_DEFINITION_SHAPE ( 'NONE', 'NONE',  #2921 ) ;
#1120 = CYLINDRICAL_SURFACE ( 'NONE', #1676, 2.100000000000001000 ) ;
#1121 = ORIENTED_EDGE ( 'NONE', *, *, #5510, .T. ) ;
#1122 = EDGE_CURVE ( 'NONE', #4517, #7825, #1262, .T. ) ;
#1123 = AXIS2_PLACEMENT_3D ( 'NONE', #3391, #6397, #3368 ) ;
#1124 = DIRECTION ( 'NONE',  ( 0.0000000000000000000, 0.0000000000000000000, 1.000000000000000000 ) ) ;
#1125 = DIRECTION ( 'NONE',  ( 0.0000000000000000000, 0.0000000000000000000, -1.000000000000000000 ) ) ;
#1126 = CARTESIAN_POINT ( 'NONE',  ( -80.65000000000000600, -10.00000000000000000, 6.000000000000000000 ) ) ;
#1127 = CYLINDRICAL_SURFACE ( 'NONE', #3148, 2.099999999999997900 ) ;
#1128 = CIRCLE ( 'NONE', #3829, 1.650000000000005700 ) ;
#1129 = FACE_OUTER_BOUND ( 'NONE', #7401, .T. ) ;
#1130 = FILL_AREA_STYLE_COLOUR ( '', #1290 ) ;
#1131 = ORIENTED_EDGE ( 'NONE', *, *, #1423, .T. ) ;
#1132 = EDGE_CURVE ( 'NONE', #2471, #3858, #1750, .T. ) ;
#1133 = AXIS2_PLACEMENT_3D ( 'NONE', #3212, #2504, #7422 ) ;
#1134 = CARTESIAN_POINT ( 'NONE',  ( -90.00000000000002800, -50.00000000000000000, 10.00000000000000000 ) ) ;
#1135 = CARTESIAN_POINT ( 'NONE',  ( 14.99999999999998900, 6.000000000000000000, 16.00000000000000000 ) ) ;
#1136 = FACE_OUTER_BOUND ( 'NONE', #7503, .T. ) ;
#1137 = DIRECTION ( 'NONE',  ( 1.000000000000000000, 0.0000000000000000000, 0.0000000000000000000 ) ) ;
#1138 = LINE ( 'NONE', #1536, #2007 ) ;
#1139 = ORIENTED_EDGE ( 'NONE', *, *, #5248, .T. ) ;
#1140 = DIRECTION ( 'NONE',  ( -1.000000000000000000, 0.0000000000000000000, 0.0000000000000000000 ) ) ;
#1141 = UNCERTAINTY_MEASURE_WITH_UNIT (LENGTH_MEASURE( 1.000000000000000100E-005 ), #1783, 'distance_accuracy_value', 'NONE');
#1142 = DIRECTION ( 'NONE',  ( -1.000000000000000000, 0.0000000000000000000, 0.0000000000000000000 ) ) ;
#1143 = EDGE_LOOP ( 'NONE', ( #5213, #3115, #2741, #7021 ) ) ;
#1144 = CARTESIAN_POINT ( 'NONE',  ( -14.00000000000000000, 0.0000000000000000000, 50.00000000000000000 ) ) ;
#1145 = ADVANCED_FACE ( 'NONE', ( #4414 ), #2618, .T. ) ;
#1146 = CYLINDRICAL_SURFACE ( 'NONE', #17, 1.650000000000000400 ) ;
#1147 = AXIS2_PLACEMENT_3D ( 'NONE', #4898, #3107, #1137 ) ;
#1148 = AXIS2_PLACEMENT_3D ( 'NONE', #99, #2570, #1919 ) ;
#1149 = ORIENTED_EDGE ( 'NONE', *, *, #1801, .F. ) ;
#1150 = CARTESIAN_POINT ( 'NONE',  ( -11.35000000000000100, 2.020667218593134000E-016, 10.00000000000000000 ) ) ;
#1151 = DIRECTION ( 'NONE',  ( -1.000000000000000000, 0.0000000000000000000, 0.0000000000000000000 ) ) ;
#1152 = DIRECTION ( 'NONE',  ( 1.000000000000000000, 0.0000000000000000000, 0.0000000000000000000 ) ) ;
#1153 = DIRECTION ( 'NONE',  ( -0.0000000000000000000, -0.0000000000000000000, -1.000000000000000000 ) ) ;
#1154 = ORIENTED_EDGE ( 'NONE', *, *, #4237, .T. ) ;
#1155 = ORIENTED_EDGE ( 'NONE', *, *, #6107, .F. ) ;
#1156 = AXIS2_PLACEMENT_3D ( 'NONE', #1044, #1668, #1071 ) ;
#1157 = FILL_AREA_STYLE ('',( #6628 ) ) ;
#1158 =( GEOMETRIC_REPRESENTATION_CONTEXT ( 3 ) GLOBAL_UNCERTAINTY_ASSIGNED_CONTEXT ( ( #5879 ) ) GLOBAL_UNIT_ASSIGNED_CONTEXT ( ( #4995, #5024, #662 ) ) REPRESENTATION_CONTEXT ( 'NONE', 'WORKASPACE' ) );
#1159 = EDGE_CURVE ( 'NONE', #3808, #1620, #6119, .T. ) ;
#1160 = LINE ( 'NONE', #371, #495 ) ;
#1161 = EDGE_LOOP ( 'NONE', ( #7213, #1554 ) ) ;
#1162 = DIRECTION ( 'NONE',  ( 0.0000000000000000000, 0.0000000000000000000, -1.000000000000000000 ) ) ;
#1163 = ORIENTED_EDGE ( 'NONE', *, *, #5831, .T. ) ;
#1164 = CARTESIAN_POINT ( 'NONE',  ( 13.00000000000000200, 0.0000000000000000000, 18.00000000000000400 ) ) ;
#1165 = CARTESIAN_POINT ( 'NONE',  ( -99.99999999999998600, 64.99999999999991500, 10.00000000000000000 ) ) ;
#1166 = LINE ( 'NONE', #7693, #5839 ) ;
#1167 = CARTESIAN_POINT ( 'NONE',  ( 75.00000000000004300, -49.99999999999999300, 5.000000000000000000 ) ) ;
#1168 = DIRECTION ( 'NONE',  ( 1.000000000000000000, 0.0000000000000000000, 0.0000000000000000000 ) ) ;
#1169 = ORIENTED_EDGE ( 'NONE', *, *, #2726, .F. ) ;
#1170 = ORIENTED_EDGE ( 'NONE', *, *, #6070, .T. ) ;
#1171 = EDGE_CURVE ( 'NONE', #4917, #5643, #1166, .T. ) ;
#1172 = CARTESIAN_POINT ( 'NONE',  ( -29.90000000000000600, 55.00000000000000000, 10.00000000000000000 ) ) ;
#1173 =( GEOMETRIC_REPRESENTATION_CONTEXT ( 3 ) GLOBAL_UNCERTAINTY_ASSIGNED_CONTEXT ( ( #3073 ) ) GLOBAL_UNIT_ASSIGNED_CONTEXT ( ( #5914, #2901, #6463 ) ) REPRESENTATION_CONTEXT ( 'NONE', 'WORKASPACE' ) );
#1174 = CARTESIAN_POINT ( 'NONE',  ( 11.35000000000000100, 0.0000000000000000000, 20.00000000000000000 ) ) ;
#1175 = CARTESIAN_POINT ( 'NONE',  ( 53.00000000000000700, -55.00000000000000000, 10.00000000000000000 ) ) ;
#1176 = CIRCLE ( 'NONE', #1034, 1.650000000000000400 ) ;
#1177 = ORIENTED_EDGE ( 'NONE', *, *, #4101, .F. ) ;
#1178 = EDGE_LOOP ( 'NONE', ( #7630, #3187 ) ) ;
#1179 = CARTESIAN_POINT ( 'NONE',  ( 37.09401076758509000, -74.18802153517016500, 58.00000000000000000 ) ) ;
#1180 = DIRECTION ( 'NONE',  ( 0.0000000000000000000, 0.0000000000000000000, 1.000000000000000000 ) ) ;
#1181 = EDGE_CURVE ( 'NONE', #3992, #3932, #5355, .T. ) ;
#1182 = AXIS2_PLACEMENT_3D ( 'NONE', #3811, #3203, #3229 ) ;
#1183 = ORIENTED_EDGE ( 'NONE', *, *, #42, .F. ) ;
#1184 = ADVANCED_FACE ( 'NONE', ( #5553 ), #5546, .F. ) ;
#1185 = FACE_OUTER_BOUND ( 'NONE', #2634, .T. ) ;
#1186 = ORIENTED_EDGE ( 'NONE', *, *, #6236, .F. ) ;
#1187 = EDGE_LOOP ( 'NONE', ( #5273, #4863, #2457 ) ) ;
#1188 = DIRECTION ( 'NONE',  ( 0.0000000000000000000, 1.000000000000000000, -0.0000000000000000000 ) ) ;
#1189 = VECTOR ( 'NONE', #7814, 1000.000000000000000 ) ;
#1190 = ORIENTED_EDGE ( 'NONE', *, *, #4525, .T. ) ;
#1191 = AXIS2_PLACEMENT_3D ( 'NONE', #3006, #6662, #6690 ) ;
#1192 = EDGE_CURVE ( 'NONE', #6129, #1430, #6214, .T. ) ;
#1193 = AXIS2_PLACEMENT_3D ( 'NONE', #7109, #3016, #3569 ) ;
#1194 = DIRECTION ( 'NONE',  ( -1.000000000000000000, 0.0000000000000000000, 0.0000000000000000000 ) ) ;
#1195 = ORIENTED_EDGE ( 'NONE', *, *, #6155, .F. ) ;
#1196 = CARTESIAN_POINT ( 'NONE',  ( -17.00000000000000000, 0.0000000000000000000, 30.00000000000000000 ) ) ;
#1197 = CARTESIAN_POINT ( 'NONE',  ( 74.00000000000001400, -14.49999999999999800, 6.000000000000000000 ) ) ;
#1198 = CIRCLE ( 'NONE', #3415, 10.00000000000000900 ) ;
#1199 = DIRECTION ( 'NONE',  ( -0.0000000000000000000, 0.0000000000000000000, -1.000000000000000000 ) ) ;
#1200 = FACE_OUTER_BOUND ( 'NONE', #4496, .T. ) ;
#1201 = VECTOR ( 'NONE', #5046, 1000.000000000000000 ) ;
#1202 = ORIENTED_EDGE ( 'NONE', *, *, #2814, .T. ) ;
#1203 = DIRECTION ( 'NONE',  ( -0.0000000000000000000, -0.0000000000000000000, 1.000000000000000000 ) ) ;
#1204 = AXIS2_PLACEMENT_3D ( 'NONE', #1966, #2449, #4896 ) ;
#1205 = ADVANCED_FACE ( 'NONE', ( #4784 ), #1688, .F. ) ;
#1206 = DIRECTION ( 'NONE',  ( 0.0000000000000000000, 0.0000000000000000000, -1.000000000000000000 ) ) ;
#1207 = CARTESIAN_POINT ( 'NONE',  ( -34.10000000000000900, 55.00000000000000000, 6.000000000000000000 ) ) ;
#1208 = CIRCLE ( 'NONE', #2176, 3.999999999999996400 ) ;
#1209 = EDGE_CURVE ( 'NONE', #3429, #3423, #6779, .T. ) ;
#1210 = VECTOR ( 'NONE', #4024, 1000.000000000000000 ) ;
#1211 = CIRCLE ( 'NONE', #915, 17.00000000000000000 ) ;
#1212 = VERTEX_POINT ( 'NONE', #3037 ) ;
#1213 = ORIENTED_EDGE ( 'NONE', *, *, #7170, .F. ) ;
#1214 = CIRCLE ( 'NONE', #4707, 1.650000000000000400 ) ;
#1215 = DIRECTION ( 'NONE',  ( -0.0000000000000000000, -0.0000000000000000000, -1.000000000000000000 ) ) ;
#1216 = VECTOR ( 'NONE', #2640, 1000.000000000000000 ) ;
#1217 = ORIENTED_EDGE ( 'NONE', *, *, #1984, .T. ) ;
#1218 = CARTESIAN_POINT ( 'NONE',  ( 0.0000000000000000000, 0.0000000000000000000, 30.00000000000000400 ) ) ;
#1219 = DIRECTION ( 'NONE',  ( -1.000000000000000000, 0.0000000000000000000, 0.0000000000000000000 ) ) ;
#1220 = CARTESIAN_POINT ( 'NONE',  ( -13.00000000000000200, 0.0000000000000000000, 10.00000000000000000 ) ) ;
#1221 = EDGE_CURVE ( 'NONE', #410, #5431, #2123, .T. ) ;
#1222 = AXIS2_PLACEMENT_3D ( 'NONE', #6285, #4957, #4422 ) ;
#1223 = FACE_OUTER_BOUND ( 'NONE', #802, .T. ) ;
#1224 = DIRECTION ( 'NONE',  ( 1.387778780781460900E-015, 1.000000000000000000, 0.0000000000000000000 ) ) ;
#1225 = CYLINDRICAL_SURFACE ( 'NONE', #2136, 8.000000000000000000 ) ;
#1226 = VERTEX_POINT ( 'NONE', #4279 ) ;
#1227 = DIRECTION ( 'NONE',  ( -1.000000000000000000, 0.0000000000000000000, -0.0000000000000000000 ) ) ;
#1228 = ADVANCED_FACE ( 'NONE', ( #1751 ), #4307, .T. ) ;
#1229 = PLANE ( 'NONE',  #4325 ) ;
#1230 = CIRCLE ( 'NONE', #1591, 1.650000000000000100 ) ;
#1231 = EDGE_CURVE ( 'NONE', #5431, #5621, #1938, .T. ) ;
#1232 = CIRCLE ( 'NONE', #3019, 4.000000000000003600 ) ;
#1233 = ORIENTED_EDGE ( 'NONE', *, *, #2523, .F. ) ;
#1234 = FACE_OUTER_BOUND ( 'NONE', #6281, .T. ) ;
#1235 = DIRECTION ( 'NONE',  ( 0.0000000000000000000, 0.0000000000000000000, 1.000000000000000000 ) ) ;
#1236 = ORIENTED_EDGE ( 'NONE', *, *, #4734, .F. ) ;
#1237 = CARTESIAN_POINT ( 'NONE',  ( 0.0000000000000000000, 0.0000000000000000000, 10.00000000000000000 ) ) ;
#1238 = ORIENTED_EDGE ( 'NONE', *, *, #6317, .F. ) ;
#1239 =( NAMED_UNIT ( * ) SI_UNIT ( $, .STERADIAN. ) SOLID_ANGLE_UNIT ( ) );
#1240 = EDGE_LOOP ( 'NONE', ( #6565, #3963 ) ) ;
#1241 = AXIS2_PLACEMENT_3D ( 'NONE', #155, #4481, #6864 ) ;
#1242 = ORIENTED_EDGE ( 'NONE', *, *, #7662, .F. ) ;
#1243 = EDGE_CURVE ( 'NONE', #901, #2882, #3753, .T. ) ;
#1244 = AXIS2_PLACEMENT_3D ( 'NONE', #1667, #7086, #3519 ) ;
#1245 = CARTESIAN_POINT ( 'NONE',  ( 0.0000000000000000000, 0.0000000000000000000, 0.5000000000000004400 ) ) ;
#1246 = DIRECTION ( 'NONE',  ( -0.0000000000000000000, -0.0000000000000000000, 1.000000000000000000 ) ) ;
#1247 = EDGE_LOOP ( 'NONE', ( #2328, #5319 ) ) ;
#1248 = ADVANCED_FACE ( 'NONE', ( #7529 ), #6020, .T. ) ;
#1249 = VECTOR ( 'NONE', #2955, 1000.000000000000000 ) ;
#1250 = ORIENTED_EDGE ( 'NONE', *, *, #3950, .F. ) ;
#1251 = ORIENTED_EDGE ( 'NONE', *, *, #2043, .F. ) ;
#1252 = DIRECTION ( 'NONE',  ( 1.000000000000000000, 0.0000000000000000000, 0.0000000000000000000 ) ) ;
#1253 = CARTESIAN_POINT ( 'NONE',  ( 72.10000000000000900, -0.5000000000000000000, 10.00000000000000000 ) ) ;
#1254 = AXIS2_PLACEMENT_3D ( 'NONE', #7561, #3979, #2238 ) ;
#1255 = DIRECTION ( 'NONE',  ( -1.000000000000000000, 0.0000000000000000000, 0.0000000000000000000 ) ) ;
#1256 = CARTESIAN_POINT ( 'NONE',  ( -5.000000000000004400, 15.00000000000000000, 4.000000000000000000 ) ) ;
#1257 = ORIENTED_EDGE ( 'NONE', *, *, #1957, .T. ) ;
#1258 = ORIENTED_EDGE ( 'NONE', *, *, #631, .F. ) ;
#1259 = DIRECTION ( 'NONE',  ( -1.000000000000000000, -0.0000000000000000000, -0.0000000000000000000 ) ) ;
#1260 = CARTESIAN_POINT ( 'NONE',  ( 15.00000000000000400, 2.500000000000000900, 0.0000000000000000000 ) ) ;
#1261 = DIRECTION ( 'NONE',  ( 0.0000000000000000000, 0.0000000000000000000, -1.000000000000000000 ) ) ;
#1262 = LINE ( 'NONE', #517, #2809 ) ;
#1263 = ORIENTED_EDGE ( 'NONE', *, *, #1437, .F. ) ;
#1264 = AXIS2_PLACEMENT_3D ( 'NONE', #897, #4510, #2063 ) ;
#1265 = ORIENTED_EDGE ( 'NONE', *, *, #6300, .F. ) ;
#1266 = ADVANCED_FACE ( 'NONE', ( #703, #1355, #4514, #5934, #1072, #7346, #5746, #7142, #3575, #310, #4987, #1645, #5741, #4129, #4692, #1461, #3473, #7621, #3199, #6493, #7233, #800, #6030, #3096, #7705 ), #1229, .F. ) ;
#1267 = FILL_AREA_STYLE ('',( #2499 ) ) ;
#1268 =( GEOMETRIC_REPRESENTATION_CONTEXT ( 3 ) GLOBAL_UNCERTAINTY_ASSIGNED_CONTEXT ( ( #1141 ) ) GLOBAL_UNIT_ASSIGNED_CONTEXT ( ( #1783, #6657, #3127 ) ) REPRESENTATION_CONTEXT ( 'NONE', 'WORKASPACE' ) );
#1269 = EDGE_CURVE ( 'NONE', #7587, #3158, #6402, .T. ) ;
#1270 = DIRECTION ( 'NONE',  ( -0.0000000000000000000, -0.0000000000000000000, -1.000000000000000000 ) ) ;
#1271 = CARTESIAN_POINT ( 'NONE',  ( 66.00000000000000000, -0.5000000000000000000, 6.000000000000000000 ) ) ;
#1272 = DIRECTION ( 'NONE',  ( 0.0000000000000000000, 0.0000000000000000000, -1.000000000000000000 ) ) ;
#1273 = EDGE_LOOP ( 'NONE', ( #7138, #685, #5676, #7114 ) ) ;
#1274 = EDGE_LOOP ( 'NONE', ( #6003, #6527, #4787, #2886 ) ) ;
#1275 = DIRECTION ( 'NONE',  ( -1.165737771315651500E-016, 0.0000000000000000000, 1.000000000000000000 ) ) ;
#1276 = EDGE_CURVE ( 'NONE', #3396, #6793, #5930, .T. ) ;
#1277 = AXIS2_PLACEMENT_3D ( 'NONE', #5149, #242, #5732 ) ;
#1278 = LINE ( 'NONE', #5223, #6231 ) ;
#1279 = ORIENTED_EDGE ( 'NONE', *, *, #7390, .T. ) ;
#1280 = ORIENTED_EDGE ( 'NONE', *, *, #1363, .F. ) ;
#1281 = CARTESIAN_POINT ( 'NONE',  ( -17.00000000000000000, 0.0000000000000000000, 18.00000000000000400 ) ) ;
#1282 = DIRECTION ( 'NONE',  ( 0.0000000000000000000, 0.0000000000000000000, -1.000000000000000000 ) ) ;
#1283 = ADVANCED_FACE ( 'NONE', ( #4416 ), #7267, .F. ) ;
#1284 = DIRECTION ( 'NONE',  ( -0.0000000000000000000, -0.0000000000000000000, 1.000000000000000000 ) ) ;
#1285 = EDGE_LOOP ( 'NONE', ( #3106, #1163, #5628, #963, #1753, #1464 ) ) ;
#1286 = CARTESIAN_POINT ( 'NONE',  ( -8.000000000000000000, 0.0000000000000000000, 0.5000000000000004400 ) ) ;
#1287 = EDGE_CURVE ( 'NONE', #4219, #1570, #4889, .T. ) ;
#1288 = AXIS2_PLACEMENT_3D ( 'NONE', #1401, #3274, #7477 ) ;
#1289 = FILL_AREA_STYLE_COLOUR ( '', #4144 ) ;
#1290 = COLOUR_RGB ( '',1.000000000000000000, 1.000000000000000000, 1.000000000000000000 ) ;
#1291 = LINE ( 'NONE', #6789, #5870 ) ;
#1292 = ORIENTED_EDGE ( 'NONE', *, *, #6558, .F. ) ;
#1293 = CARTESIAN_POINT ( 'NONE',  ( -17.37044324410522500, 34.74088648821041400, 26.78495389014887700 ) ) ;
#1294 = FACE_OUTER_BOUND ( 'NONE', #7310, .T. ) ;
#1295 = CARTESIAN_POINT ( 'NONE',  ( 8.000000000000000000, 0.0000000000000000000, 0.5000000000000004400 ) ) ;
#1296 = EDGE_LOOP ( 'NONE', ( #7519, #1907, #2510, #3743 ) ) ;
#1297 = CARTESIAN_POINT ( 'NONE',  ( -14.99999999999999600, 10.00000000000000000, 10.00000000000000000 ) ) ;
#1298 = DIRECTION ( 'NONE',  ( 1.000000000000000000, 0.0000000000000000000, 0.0000000000000000000 ) ) ;
#1299 = AXIS2_PLACEMENT_3D ( 'NONE', #2358, #492, #4691 ) ;
#1300 = CYLINDRICAL_SURFACE ( 'NONE', #5584, 1.650000000000000400 ) ;
#1301 = EDGE_CURVE ( 'NONE', #3129, #1387, #11, .T. ) ;
#1302 = CARTESIAN_POINT ( 'NONE',  ( 32.00000000000000700, -55.00000000000000000, 10.00000000000000000 ) ) ;
#1303 = CIRCLE ( 'NONE', #2916, 4.000000000000003600 ) ;
#1304 = EDGE_LOOP ( 'NONE', ( #4529, #3914, #5022, #7602 ) ) ;
#1305 = EDGE_LOOP ( 'NONE', ( #3667, #3311, #4828, #1263 ) ) ;
#1306 = PLANE ( 'NONE',  #5052 ) ;
#1307 = ADVANCED_FACE ( 'NONE', ( #4328 ), #117, .F. ) ;
#1308 = PLANE ( 'NONE',  #5170 ) ;
#1309 = CARTESIAN_POINT ( 'NONE',  ( 41.00000000000000700, -42.00000000000000000, -0.0000000000000000000 ) ) ;
#1310 = LINE ( 'NONE', #3421, #2561 ) ;
#1311 = DIRECTION ( 'NONE',  ( -0.0000000000000000000, -0.0000000000000000000, 1.000000000000000000 ) ) ;
#1312 = FACE_OUTER_BOUND ( 'NONE', #4543, .T. ) ;
#1313 = ORIENTED_EDGE ( 'NONE', *, *, #6424, .F. ) ;
#1314 = VERTEX_POINT ( 'NONE', #1174 ) ;
#1315 = CARTESIAN_POINT ( 'NONE',  ( 0.0000000000000000000, 0.0000000000000000000, 0.0000000000000000000 ) ) ;
#1317 = CARTESIAN_POINT ( 'NONE',  ( 0.0000000000000000000, -13.00000000000000200, 18.00000000000000400 ) ) ;
#1316 = ITEM_DEFINED_TRANSFORMATION ( 'NONE', 'NONE', #31,  #7414 ) ;
#1318 = CARTESIAN_POINT ( 'NONE',  ( 11.65000000000000200, 7.000000000000000900, 10.00000000000000000 ) ) ;
#1319 = EDGE_CURVE ( 'NONE', #6421, #2732, #2034, .T. ) ;
#1320 = LINE ( 'NONE', #3503, #7576 ) ;
#1321 = VECTOR ( 'NONE', #7626, 999.9999999999998900 ) ;
#1322 = ORIENTED_EDGE ( 'NONE', *, *, #7107, .F. ) ;
#1323 = DIRECTION ( 'NONE',  ( 1.000000000000000000, 0.0000000000000000000, 0.0000000000000000000 ) ) ;
#1324 = EDGE_LOOP ( 'NONE', ( #4276, #5648 ) ) ;
#1325 = CARTESIAN_POINT ( 'NONE',  ( -8.000000000000001800, -4.532431118118384500E-015, 17.99999999999999300 ) ) ;
#1326 = CARTESIAN_POINT ( 'NONE',  ( -32.00000000000000700, 55.00000000000000000, 10.00000000000000000 ) ) ;
#1327 = FACE_OUTER_BOUND ( 'NONE', #3586, .T. ) ;
#1328 = CARTESIAN_POINT ( 'NONE',  ( -66.00000000000000000, 3.000000000000000900, 0.0000000000000000000 ) ) ;
#1329 = CYLINDRICAL_SURFACE ( 'NONE', #1652, 4.000000000000003600 ) ;
#1330 = DIRECTION ( 'NONE',  ( -1.000000000000000000, 0.0000000000000000000, 0.0000000000000000000 ) ) ;
#1331 = EDGE_CURVE ( 'NONE', #1768, #418, #5073, .T. ) ;
#1332 = ADVANCED_FACE ( 'NONE', ( #1547 ), #7801, .F. ) ;
#1333 = AXIS2_PLACEMENT_3D ( 'NONE', #1523, #2133, #4550 ) ;
#1334 = VERTEX_POINT ( 'NONE', #7430 ) ;
#1335 = DIRECTION ( 'NONE',  ( 0.0000000000000000000, 0.0000000000000000000, -1.000000000000000000 ) ) ;
#1336 = DIRECTION ( 'NONE',  ( -1.000000000000000000, 0.0000000000000000000, 0.0000000000000000000 ) ) ;
#1337 = EDGE_LOOP ( 'NONE', ( #5376, #5570, #1131, #2766 ) ) ;
#1338 = DIRECTION ( 'NONE',  ( -1.239088197126291600E-016, 1.000000000000000000, 0.0000000000000000000 ) ) ;
#1339 = VERTEX_POINT ( 'NONE', #3118 ) ;
#1340 = DIRECTION ( 'NONE',  ( 1.000000000000000000, 0.0000000000000000000, 0.0000000000000000000 ) ) ;
#1341 = EDGE_CURVE ( 'NONE', #1758, #1400, #1833, .T. ) ;
#1342 = AXIS2_PLACEMENT_3D ( 'NONE', #7795, #509, #1766 ) ;
#1343 = ORIENTED_EDGE ( 'NONE', *, *, #7574, .F. ) ;
#1344 = DIRECTION ( 'NONE',  ( -0.0000000000000000000, -0.0000000000000000000, -1.000000000000000000 ) ) ;
#1345 =( NAMED_UNIT ( * ) SI_UNIT ( $, .STERADIAN. ) SOLID_ANGLE_UNIT ( ) );
#1346 = DIRECTION ( 'NONE',  ( -1.000000000000000000, 0.0000000000000000000, 0.0000000000000000000 ) ) ;
#1347 = VERTEX_POINT ( 'NONE', #1973 ) ;
#1348 = ADVANCED_FACE ( 'NONE', ( #970 ), #4595, .F. ) ;
#1349 = DIRECTION ( 'NONE',  ( 0.0000000000000000000, 0.0000000000000000000, 1.000000000000000000 ) ) ;
#1350 = LINE ( 'NONE', #1677, #3843 ) ;
#1351 = CARTESIAN_POINT ( 'NONE',  ( -34.50245047955381500, 69.00490095910755900, 53.51438774526344800 ) ) ;
#1352 = EDGE_CURVE ( 'NONE', #1045, #6794, #6486, .T. ) ;
#1353 = VERTEX_POINT ( 'NONE', #2542 ) ;
#1354 = DIRECTION ( 'NONE',  ( 1.000000000000000000, 1.224646799147353200E-016, 0.0000000000000000000 ) ) ;
#1355 = FACE_BOUND ( 'NONE', #3436, .T. ) ;
#1356 = LINE ( 'NONE', #291, #2218 ) ;
#1357 = ORIENTED_EDGE ( 'NONE', *, *, #7218, .T. ) ;
#1358 = DIRECTION ( 'NONE',  ( 0.0000000000000000000, 0.0000000000000000000, -1.000000000000000000 ) ) ;
#1359 = DIRECTION ( 'NONE',  ( -1.000000000000000000, 0.0000000000000000000, 0.0000000000000000000 ) ) ;
#1360 = CARTESIAN_POINT ( 'NONE',  ( 77.50000000000000000, -7.500000000000000000, 0.0000000000000000000 ) ) ;
#1361 = LINE ( 'NONE', #1660, #3295 ) ;
#1362 = DIRECTION ( 'NONE',  ( -0.0000000000000000000, -0.0000000000000000000, 1.000000000000000000 ) ) ;
#1363 = EDGE_CURVE ( 'NONE', #4436, #3116, #5549, .T. ) ;
#1364 = CARTESIAN_POINT ( 'NONE',  ( -53.00000000000000700, -10.00000000000000000, 0.0000000000000000000 ) ) ;
#1365 = VERTEX_POINT ( 'NONE', #6757 ) ;
#1366 = ORIENTED_EDGE ( 'NONE', *, *, #6721, .F. ) ;
#1367 = DIRECTION ( 'NONE',  ( 0.7071067811865474600, 0.0000000000000000000, 0.7071067811865474600 ) ) ;
#1368 = CARTESIAN_POINT ( 'NONE',  ( 70.00000000000000000, -0.5000000000000000000, -0.0000000000000000000 ) ) ;
#1369 =( NAMED_UNIT ( * ) PLANE_ANGLE_UNIT ( ) SI_UNIT ( $, .RADIAN. ) );
#1370 = CIRCLE ( 'NONE', #6903, 1.650000000000005700 ) ;
#1371 = VERTEX_POINT ( 'NONE', #6234 ) ;
#1372 = ORIENTED_EDGE ( 'NONE', *, *, #415, .T. ) ;
#1373 = EDGE_CURVE ( 'NONE', #2646, #4971, #1639, .T. ) ;
#1374 = CARTESIAN_POINT ( 'NONE',  ( 34.50245047955376500, 8.450663108505116600E-015, 53.51438774526344100 ) ) ;
#1375 = CARTESIAN_POINT ( 'NONE',  ( -77.35000000000000900, -10.00000000000000000, 6.000000000000000000 ) ) ;
#1376 = ORIENTED_EDGE ( 'NONE', *, *, #6881, .T. ) ;
#1377 = ORIENTED_EDGE ( 'NONE', *, *, #5840, .T. ) ;
#1378 = ORIENTED_EDGE ( 'NONE', *, *, #609, .F. ) ;
#1379 = EDGE_CURVE ( 'NONE', #6697, #1597, #4, .T. ) ;
#1380 = ADVANCED_FACE ( 'NONE', ( #6217 ), #7135, .F. ) ;
#1381 = PRESENTATION_LAYER_ASSIGNMENT (  '', '', ( #4003 ) ) ;
#1382 = CARTESIAN_POINT ( 'NONE',  ( -75.00000000000000000, -10.00000000000000000, 6.000000000000000000 ) ) ;
#1383 = DIRECTION ( 'NONE',  ( -0.0000000000000000000, -0.0000000000000000000, 1.000000000000000000 ) ) ;
#1384 = CIRCLE ( 'NONE', #6724, 1.650000000000000400 ) ;
#1385 = CARTESIAN_POINT ( 'NONE',  ( 10.00000000000000200, 7.000000000000000900, 10.00000000000000000 ) ) ;
#1386 = LINE ( 'NONE', #3084, #1575 ) ;
#1387 = VERTEX_POINT ( 'NONE', #1360 ) ;
#1388 = DIRECTION ( 'NONE',  ( 1.000000000000000000, 0.0000000000000000000, 0.0000000000000000000 ) ) ;
#1389 = DIRECTION ( 'NONE',  ( -0.0000000000000000000, -0.0000000000000000000, 1.000000000000000000 ) ) ;
#1390 = DIRECTION ( 'NONE',  ( -0.0000000000000000000, 1.000000000000000000, -0.0000000000000000000 ) ) ;
#1391 = FACE_OUTER_BOUND ( 'NONE', #4737, .T. ) ;
#1392 = DIRECTION ( 'NONE',  ( -0.0000000000000000000, -0.0000000000000000000, -1.000000000000000000 ) ) ;
#1393 = CIRCLE ( 'NONE', #882, 8.000000000000000000 ) ;
#1394 = VERTEX_POINT ( 'NONE', #2515 ) ;
#1395 = EDGE_CURVE ( 'NONE', #5220, #5054, #3001, .T. ) ;
#1396 = AXIS2_PLACEMENT_3D ( 'NONE', #3400, #7588, #4008 ) ;
#1397 = FACE_OUTER_BOUND ( 'NONE', #5497, .T. ) ;
#1398 = CARTESIAN_POINT ( 'NONE',  ( -37.09401076758509000, -2.101575608735263100E-014, 57.99999999999999300 ) ) ;
#1399 = FACE_OUTER_BOUND ( 'NONE', #4155, .T. ) ;
#1400 = VERTEX_POINT ( 'NONE', #3830 ) ;
#1401 = CARTESIAN_POINT ( 'NONE',  ( 13.00000000000000200, 0.0000000000000000000, 10.00000000000000000 ) ) ;
#1402 = CARTESIAN_POINT ( 'NONE',  ( -66.00000000000000000, -10.00000000000000000, 0.0000000000000000000 ) ) ;
#1403 = VERTEX_POINT ( 'NONE', #1309 ) ;
#1404 = PLANE ( 'NONE',  #7549 ) ;
#1405 = CARTESIAN_POINT ( 'NONE',  ( 30.68489076841715500, 0.0000000000000000000, 46.07477892059625900 ) ) ;
#1406 = AXIS2_PLACEMENT_3D ( 'NONE', #340, #4605, #4029 ) ;
#1407 = CYLINDRICAL_SURFACE ( 'NONE', #2220, 1.650000000000000100 ) ;
#1408 = VECTOR ( 'NONE', #1640, 1000.000000000000000 ) ;
#1409 = ORIENTED_EDGE ( 'NONE', *, *, #966, .T. ) ;
#1410 = DIRECTION ( 'NONE',  ( 1.000000000000000000, 0.0000000000000000000, 0.0000000000000000000 ) ) ;
#1411 = DIRECTION ( 'NONE',  ( 1.000000000000000000, 9.251858538542975300E-017, 0.0000000000000000000 ) ) ;
#1412 = ORIENTED_EDGE ( 'NONE', *, *, #298, .F. ) ;
#1413 = DIRECTION ( 'NONE',  ( -1.000000000000000000, -9.251858538542975300E-017, 0.0000000000000000000 ) ) ;
#1414 = CARTESIAN_POINT ( 'NONE',  ( 90.00000000000000000, 40.00000000000007100, 5.000000000000000000 ) ) ;
#1415 = CARTESIAN_POINT ( 'NONE',  ( -99.99999999999998600, 64.99999999999991500, 5.000000000000000000 ) ) ;
#1416 = FACE_OUTER_BOUND ( 'NONE', #121, .T. ) ;
#1417 = DIRECTION ( 'NONE',  ( -0.0000000000000000000, -0.0000000000000000000, -1.000000000000000000 ) ) ;
#1418 = CIRCLE ( 'NONE', #5446, 2.000000000000001800 ) ;
#1419 = AXIS2_PLACEMENT_3D ( 'NONE', #218, #1392, #274 ) ;
#1420 = DIRECTION ( 'NONE',  ( 0.0000000000000000000, 0.0000000000000000000, -1.000000000000000000 ) ) ;
#1421 = CARTESIAN_POINT ( 'NONE',  ( 14.65000000000000200, 2.020667218593134000E-016, 20.00000000000000000 ) ) ;
#1422 = DIRECTION ( 'NONE',  ( -1.000000000000000000, 0.0000000000000000000, 0.0000000000000000000 ) ) ;
#1423 = EDGE_CURVE ( 'NONE', #1620, #2162, #4785, .T. ) ;
#1424 = DIRECTION ( 'NONE',  ( -0.0000000000000000000, -0.0000000000000000000, 1.000000000000000000 ) ) ;
#1425 = CIRCLE ( 'NONE', #4357, 3.999999999999996400 ) ;
#1426 = DIRECTION ( 'NONE',  ( 1.000000000000000000, 0.0000000000000000000, -0.0000000000000000000 ) ) ;
#1427 = ADVANCED_FACE ( 'NONE', ( #1745 ), #5593, .F. ) ;
#1428 = PRODUCT_CONTEXT ( 'NONE', #221, 'mechanical' ) ;
#1429 = CIRCLE ( 'NONE', #2188, 3.999999999999996400 ) ;
#1430 = VERTEX_POINT ( 'NONE', #7381 ) ;
#1431 = CIRCLE ( 'NONE', #1123, 3.999999999999996400 ) ;
#1432 = ORIENTED_EDGE ( 'NONE', *, *, #3709, .T. ) ;
#1433 = DIRECTION ( 'NONE',  ( 0.0000000000000000000, 0.0000000000000000000, 1.000000000000000000 ) ) ;
#1434 = DIRECTION ( 'NONE',  ( 0.0000000000000000000, 0.0000000000000000000, -1.000000000000000000 ) ) ;
#1435 = DIRECTION ( 'NONE',  ( 0.0000000000000000000, 0.0000000000000000000, 1.000000000000000000 ) ) ;
#1436 = ORIENTED_EDGE ( 'NONE', *, *, #667, .T. ) ;
#1437 = EDGE_CURVE ( 'NONE', #1665, #1727, #6961, .T. ) ;
#1438 = AXIS2_PLACEMENT_3D ( 'NONE', #5294, #2842, #4664 ) ;
#1439 = CIRCLE ( 'NONE', #4421, 1.650000000000000400 ) ;
#1440 = EDGE_LOOP ( 'NONE', ( #5098, #622, #4870, #2228 ) ) ;
#1441 = ORIENTED_EDGE ( 'NONE', *, *, #5510, .F. ) ;
#1442 = PLANE ( 'NONE',  #6118 ) ;
#1443 = CARTESIAN_POINT ( 'NONE',  ( -60.10000000000000100, 55.00000000000000000, 10.00000000000000000 ) ) ;
#1444 = CARTESIAN_POINT ( 'NONE',  ( 17.00000000000000000, 2.081899558550500300E-015, 10.00000000000000000 ) ) ;
#1445 = CONICAL_SURFACE ( 'NONE', #4673, 8.000000000000000000, 0.7853981633974482800 ) ;
#1446 = PLANE ( 'NONE',  #2323 ) ;
#1447 = VERTEX_POINT ( 'NONE', #7407 ) ;
#1448 = ORIENTED_EDGE ( 'NONE', *, *, #2094, .T. ) ;
#1449 = AXIS2_PLACEMENT_3D ( 'NONE', #5809, #5749, #2165 ) ;
#1450 = CARTESIAN_POINT ( 'NONE',  ( 0.0000000000000000000, -13.00000000000000200, 20.00000000000000000 ) ) ;
#1451 = CARTESIAN_POINT ( 'NONE',  ( -10.99999999999999600, 0.9999999999999967800, 31.00000000000000000 ) ) ;
#1452 = CARTESIAN_POINT ( 'NONE',  ( 8.000000000000000000, 9.797174393178825700E-016, 10.00000000000000000 ) ) ;
#1453 = DIRECTION ( 'NONE',  ( 0.0000000000000000000, 1.000000000000000000, 0.0000000000000000000 ) ) ;
#1454 = CARTESIAN_POINT ( 'NONE',  ( 0.0000000000000000000, 0.0000000000000000000, 10.00000000000000000 ) ) ;
#1455 = ORIENTED_EDGE ( 'NONE', *, *, #4437, .T. ) ;
#1456 = AXIS2_PLACEMENT_3D ( 'NONE', #5640, #6857, #1354 ) ;
#1457 = FACE_OUTER_BOUND ( 'NONE', #3850, .T. ) ;
#1458 = CARTESIAN_POINT ( 'NONE',  ( 45.00000000000000000, -7.500000000000000000, 0.0000000000000000000 ) ) ;
#1459 = EDGE_CURVE ( 'NONE', #7251, #2743, #1356, .T. ) ;
#1460 = AXIS2_PLACEMENT_3D ( 'NONE', #7322, #5559, #7294 ) ;
#1461 = FACE_BOUND ( 'NONE', #7802, .T. ) ;
#1462 = PLANE ( 'NONE',  #2642 ) ;
#1463 = DIRECTION ( 'NONE',  ( -1.000000000000000000, 0.0000000000000000000, 0.0000000000000000000 ) ) ;
#1464 = ORIENTED_EDGE ( 'NONE', *, *, #7053, .T. ) ;
#1465 = ORIENTED_EDGE ( 'NONE', *, *, #974, .T. ) ;
#1466 = DIRECTION ( 'NONE',  ( -0.0000000000000000000, -0.0000000000000000000, -1.000000000000000000 ) ) ;
#1467 = ADVANCED_FACE ( 'NONE', ( #3289 ), #5835, .F. ) ;
#1468 = ORIENTED_EDGE ( 'NONE', *, *, #6081, .T. ) ;
#1469 = DIRECTION ( 'NONE',  ( 1.000000000000000000, 0.0000000000000000000, 0.0000000000000000000 ) ) ;
#1470 = AXIS2_PLACEMENT_3D ( 'NONE', #1788, #2398, #6634 ) ;
#1471 = ORIENTED_EDGE ( 'NONE', *, *, #905, .F. ) ;
#1472 = DIRECTION ( 'NONE',  ( 0.0000000000000000000, 0.0000000000000000000, -1.000000000000000000 ) ) ;
#1473 = CARTESIAN_POINT ( 'NONE',  ( 0.0000000000000000000, 0.0000000000000000000, 10.00000000000000000 ) ) ;
#1474 = EDGE_CURVE ( 'NONE', #4142, #2831, #597, .T. ) ;
#1475 = DIRECTION ( 'NONE',  ( -1.000000000000000000, 0.0000000000000000000, 0.0000000000000000000 ) ) ;
#1476 = PLANE ( 'NONE',  #368 ) ;
#1477 = ORIENTED_EDGE ( 'NONE', *, *, #3369, .F. ) ;
#1478 = CIRCLE ( 'NONE', #5321, 1.999999999999994900 ) ;
#1479 = ORIENTED_EDGE ( 'NONE', *, *, #4888, .T. ) ;
#1480 = DIRECTION ( 'NONE',  ( 0.0000000000000000000, 0.0000000000000000000, -1.000000000000000000 ) ) ;
#1481 = VERTEX_POINT ( 'NONE', #5725 ) ;
#1482 = CARTESIAN_POINT ( 'NONE',  ( -75.00000000000002800, 45.00000000000000000, 5.000000000000000000 ) ) ;
#1483 = APPLICATION_CONTEXT ( 'automotive_design' ) ;
#1484 = EDGE_CURVE ( 'NONE', #119, #5182, #3946, .T. ) ;
#1485 = AXIS2_PLACEMENT_3D ( 'NONE', #3021, #1124, #3628 ) ;
#1486 = CIRCLE ( 'NONE', #1507, 2.100000000000001000 ) ;
#1487 = ORIENTED_EDGE ( 'NONE', *, *, #1484, .F. ) ;
#1488 = CARTESIAN_POINT ( 'NONE',  ( -99.99999999999998600, 45.00000000000000000, 5.000000000000000000 ) ) ;
#1489 = DIRECTION ( 'NONE',  ( 0.0000000000000000000, 0.0000000000000000000, 1.000000000000000000 ) ) ;
#1490 = VERTEX_POINT ( 'NONE', #7534 ) ;
#1491 = PLANE ( 'NONE',  #7800 ) ;
#1492 = CONICAL_SURFACE ( 'NONE', #7379, 1.999999999999994900, 0.7853981633974397300 ) ;
#1493 = EDGE_LOOP ( 'NONE', ( #3290, #5660, #1693, #1649 ) ) ;
#1494 = CIRCLE ( 'NONE', #4468, 1.650000000000000400 ) ;
#1495 = EDGE_CURVE ( 'NONE', #3389, #2703, #2127, .T. ) ;
#1496 = AXIS2_PLACEMENT_3D ( 'NONE', #2231, #7698, #969 ) ;
#1497 = CARTESIAN_POINT ( 'NONE',  ( 14.99999999999998900, 6.000000000000000000, 31.00000000000000000 ) ) ;
#1498 = VECTOR ( 'NONE', #4758, 1000.000000000000000 ) ;
#1499 = CARTESIAN_POINT ( 'NONE',  ( -11.35000000000000100, 2.020667218593134000E-016, 20.00000000000000000 ) ) ;
#1500 = LINE ( 'NONE', #419, #5586 ) ;
#1501 = PRESENTATION_STYLE_ASSIGNMENT (( #5635 ) ) ;
#1502 = EDGE_LOOP ( 'NONE', ( #3299, #7891, #6811, #3407, #5245, #5730 ) ) ;
#1503 = DIRECTION ( 'NONE',  ( 0.0000000000000000000, 0.0000000000000000000, -1.000000000000000000 ) ) ;
#1504 = ORIENTED_EDGE ( 'NONE', *, *, #6785, .F. ) ;
#1505 = DIRECTION ( 'NONE',  ( 1.000000000000000000, 0.0000000000000000000, 0.0000000000000000000 ) ) ;
#1506 = DIRECTION ( 'NONE',  ( -1.000000000000000000, 0.0000000000000000000, -0.0000000000000000000 ) ) ;
#1507 = AXIS2_PLACEMENT_3D ( 'NONE', #4334, #5540, #1340 ) ;
#1508 = CIRCLE ( 'NONE', #891, 14.99999999999999800 ) ;
#1509 = EDGE_CURVE ( 'NONE', #1481, #7609, #4034, .T. ) ;
#1510 = CIRCLE ( 'NONE', #3136, 1.650000000000000400 ) ;
#1511 = ORIENTED_EDGE ( 'NONE', *, *, #3744, .T. ) ;
#1512 = ADVANCED_FACE ( 'NONE', ( #794 ), #807, .F. ) ;
#1513 = PRODUCT_CONTEXT ( 'NONE', #2643, 'mechanical' ) ;
#1514 = ORIENTED_EDGE ( 'NONE', *, *, #1276, .T. ) ;
#1515 = CARTESIAN_POINT ( 'NONE',  ( -5.000000000000004400, 15.00000000000000000, 2.000000000000005300 ) ) ;
#1516 = LINE ( 'NONE', #6977, #5801 ) ;
#1517 = CARTESIAN_POINT ( 'NONE',  ( 62.00000000000000000, -55.00000000000000000, 6.000000000000000000 ) ) ;
#1518 = VECTOR ( 'NONE', #282, 1000.000000000000000 ) ;
#1519 = ORIENTED_EDGE ( 'NONE', *, *, #317, .F. ) ;
#1520 = AXIS2_PLACEMENT_3D ( 'NONE', #4275, #4450, #3114 ) ;
#1521 = VERTEX_POINT ( 'NONE', #1444 ) ;
#1522 = VECTOR ( 'NONE', #241, 1000.000000000000000 ) ;
#1523 = CARTESIAN_POINT ( 'NONE',  ( 70.00000000000000000, -0.5000000000000000000, 6.000000000000000000 ) ) ;
#1524 = CYLINDRICAL_SURFACE ( 'NONE', #1613, 1.650000000000000100 ) ;
#1525 = DIRECTION ( 'NONE',  ( 1.000000000000000000, 0.0000000000000000000, 0.0000000000000000000 ) ) ;
#1526 = DIRECTION ( 'NONE',  ( 0.0000000000000000000, 0.0000000000000000000, 1.000000000000000000 ) ) ;
#1527 = DIRECTION ( 'NONE',  ( -0.0000000000000000000, -0.0000000000000000000, -1.000000000000000000 ) ) ;
#1528 = ORIENTED_EDGE ( 'NONE', *, *, #1548, .F. ) ;
#1529 = CARTESIAN_POINT ( 'NONE',  ( 50.00000000000000000, -14.49999999999999800, 0.0000000000000000000 ) ) ;
#1530 = DIRECTION ( 'NONE',  ( -1.000000000000000000, 0.0000000000000000000, 0.0000000000000000000 ) ) ;
#1531 = ORIENTED_EDGE ( 'NONE', *, *, #4445, .T. ) ;
#1532 = EDGE_CURVE ( 'NONE', #6592, #1371, #4981, .T. ) ;
#1533 = ORIENTED_EDGE ( 'NONE', *, *, #1276, .F. ) ;
#1534 = ORIENTED_EDGE ( 'NONE', *, *, #5759, .T. ) ;
#1535 = ORIENTED_EDGE ( 'NONE', *, *, #2141, .T. ) ;
#1536 = CARTESIAN_POINT ( 'NONE',  ( -105.9400074696056200, 30.00000000000000000, 10.00000000000000000 ) ) ;
#1537 = ORIENTED_EDGE ( 'NONE', *, *, #7837, .F. ) ;
#1538 = PLANE ( 'NONE',  #2498 ) ;
#1539 = EDGE_CURVE ( 'NONE', #3735, #593, #7040, .T. ) ;
#1540 = STYLED_ITEM ( 'NONE', ( #4662 ), #5157 ) ;
#1541 = FACE_OUTER_BOUND ( 'NONE', #5977, .T. ) ;
#1542 = ORIENTED_EDGE ( 'NONE', *, *, #4214, .T. ) ;
#1543 = DIRECTION ( 'NONE',  ( 0.0000000000000000000, 0.0000000000000000000, 1.000000000000000000 ) ) ;
#1544 = ADVANCED_FACE ( 'NONE', ( #3382 ), #3659, .F. ) ;
#1545 = DIRECTION ( 'NONE',  ( 0.0000000000000000000, 0.0000000000000000000, 1.000000000000000000 ) ) ;
#1546 = CARTESIAN_POINT ( 'NONE',  ( 45.00000000000000700, -42.00000000000000000, 6.000000000000000000 ) ) ;
#1547 = FACE_OUTER_BOUND ( 'NONE', #4988, .T. ) ;
#1548 = EDGE_CURVE ( 'NONE', #1430, #4336, #4409, .T. ) ;
#1549 = DIRECTION ( 'NONE',  ( 1.000000000000000000, 0.0000000000000000000, -0.0000000000000000000 ) ) ;
#1550 = ORIENTED_EDGE ( 'NONE', *, *, #3183, .F. ) ;
#1551 = DIRECTION ( 'NONE',  ( 0.0000000000000000000, 0.0000000000000000000, -1.000000000000000000 ) ) ;
#1552 = VECTOR ( 'NONE', #7479, 1000.000000000000000 ) ;
#1553 = CARTESIAN_POINT ( 'NONE',  ( 52.10000000000000100, -0.5000000000000002200, 6.000000000000000000 ) ) ;
#1554 = ORIENTED_EDGE ( 'NONE', *, *, #5248, .F. ) ;
#1555 = ORIENTED_EDGE ( 'NONE', *, *, #5015, .T. ) ;
#1556 = AXIS2_PLACEMENT_3D ( 'NONE', #5034, #4925, #1298 ) ;
#1557 = DIRECTION ( 'NONE',  ( -0.5000000000000012200, 6.123233995736782100E-017, 0.8660254037844380400 ) ) ;
#1558 = AXIS2_PLACEMENT_3D ( 'NONE', #2744, #6392, #7513 ) ;
#1559 = DIRECTION ( 'NONE',  ( 1.000000000000000000, 0.0000000000000000000, 0.0000000000000000000 ) ) ;
#1560 = CARTESIAN_POINT ( 'NONE',  ( 0.0000000000000000000, 0.0000000000000000000, 10.00000000000000000 ) ) ;
#1561 = EDGE_LOOP ( 'NONE', ( #4592, #6320 ) ) ;
#1562 = VERTEX_POINT ( 'NONE', #859 ) ;
#1563 = AXIS2_PLACEMENT_3D ( 'NONE', #5472, #6079, #4313 ) ;
#1564 = CARTESIAN_POINT ( 'NONE',  ( -5.000000000000003600, 15.00000000000000000, 10.00000000000000000 ) ) ;
#1565 = CARTESIAN_POINT ( 'NONE',  ( -13.00000000000000200, 0.0000000000000000000, 20.00000000000000000 ) ) ;
#1566 = VECTOR ( 'NONE', #2632, 1000.000000000000000 ) ;
#1567 = EDGE_LOOP ( 'NONE', ( #6205, #6955 ) ) ;
#1568 = STYLED_ITEM ( 'NONE', ( #4249 ), #2325 ) ;
#1569 = DIRECTION ( 'NONE',  ( -0.0000000000000000000, -0.0000000000000000000, -1.000000000000000000 ) ) ;
#1570 = VERTEX_POINT ( 'NONE', #6959 ) ;
#1571 = EDGE_CURVE ( 'NONE', #628, #1115, #5260, .T. ) ;
#1572 = CARTESIAN_POINT ( 'NONE',  ( 34.50245047955376500, 0.0000000000000000000, 53.51438774526344100 ) ) ;
#1573 = CYLINDRICAL_SURFACE ( 'NONE', #3248, 10.00000000000000900 ) ;
#1574 = ORIENTED_EDGE ( 'NONE', *, *, #7889, .F. ) ;
#1575 = VECTOR ( 'NONE', #696, 1000.000000000000000 ) ;
#1576 = ORIENTED_EDGE ( 'NONE', *, *, #2932, .F. ) ;
#1577 = DIRECTION ( 'NONE',  ( 0.0000000000000000000, 0.0000000000000000000, -1.000000000000000000 ) ) ;
#1578 = ADVANCED_FACE ( 'NONE', ( #6021, #3755 ), #5144, .T. ) ;
#1579 = EDGE_CURVE ( 'NONE', #1403, #5563, #2026, .T. ) ;
#1580 = AXIS2_PLACEMENT_3D ( 'NONE', #5017, #3751, #3262 ) ;
#1581 = CARTESIAN_POINT ( 'NONE',  ( -32.00000000000000700, 55.00000000000000000, 6.000000000000000000 ) ) ;
#1582 = VECTOR ( 'NONE', #4263, 1000.000000000000000 ) ;
#1583 = CIRCLE ( 'NONE', #4545, 1.650000000000000400 ) ;
#1584 = VERTEX_POINT ( 'NONE', #5811 ) ;
#1585 = CARTESIAN_POINT ( 'NONE',  ( -14.99999999999999600, -10.00000000000000000, 10.00000000000000000 ) ) ;
#1586 = CARTESIAN_POINT ( 'NONE',  ( -1.650000000000000100, 13.00000000000000200, 20.00000000000000000 ) ) ;
#1587 = CARTESIAN_POINT ( 'NONE',  ( -10.00000000000000200, -6.999999999999999100, 16.00000000000000000 ) ) ;
#1588 = CYLINDRICAL_SURFACE ( 'NONE', #5004, 11.00000000000000000 ) ;
#1589 = ORIENTED_EDGE ( 'NONE', *, *, #2190, .T. ) ;
#1590 = EDGE_CURVE ( 'NONE', #5141, #5615, #3566, .T. ) ;
#1591 = AXIS2_PLACEMENT_3D ( 'NONE', #791, #131, #766 ) ;
#1592 = ORIENTED_EDGE ( 'NONE', *, *, #3488, .F. ) ;
#1593 = DIRECTION ( 'NONE',  ( -1.000000000000000000, 0.0000000000000000000, -0.0000000000000000000 ) ) ;
#1594 = DIRECTION ( 'NONE',  ( -1.000000000000000000, -9.251858538542979000E-017, 0.0000000000000000000 ) ) ;
#1595 = FACE_OUTER_BOUND ( 'NONE', #4283, .T. ) ;
#1596 = VECTOR ( 'NONE', #1876, 1000.000000000000000 ) ;
#1597 = VERTEX_POINT ( 'NONE', #2216 ) ;
#1598 = DIRECTION ( 'NONE',  ( -0.0000000000000000000, -0.0000000000000000000, -1.000000000000000000 ) ) ;
#1599 = ITEM_DEFINED_TRANSFORMATION ( 'NONE', 'NONE', #4136,  #7414 ) ;
#1600 = AXIS2_PLACEMENT_3D ( 'NONE', #7258, #3684, #4269 ) ;
#1601 = EDGE_CURVE ( 'NONE', #4915, #5286, #6672, .T. ) ;
#1602 = AXIS2_PLACEMENT_3D ( 'NONE', #5082, #2000, #5035 ) ;
#1603 = VECTOR ( 'NONE', #1684, 1000.000000000000000 ) ;
#1604 = DIRECTION ( 'NONE',  ( -0.0000000000000000000, -0.0000000000000000000, 1.000000000000000000 ) ) ;
#1605 = VECTOR ( 'NONE', #6353, 1000.000000000000000 ) ;
#1606 = LINE ( 'NONE', #5968, #7866 ) ;
#1607 = ORIENTED_EDGE ( 'NONE', *, *, #202, .F. ) ;
#1608 = CARTESIAN_POINT ( 'NONE',  ( 5.000000000000004400, 29.99999999999999600, 10.00000000000000000 ) ) ;
#1609 = DIRECTION ( 'NONE',  ( -1.000000000000000000, 0.0000000000000000000, 0.0000000000000000000 ) ) ;
#1610 = CARTESIAN_POINT ( 'NONE',  ( -14.65000000000000200, 0.0000000000000000000, 10.00000000000000000 ) ) ;
#1611 = FACE_BOUND ( 'NONE', #5529, .T. ) ;
#1612 = EDGE_LOOP ( 'NONE', ( #75, #2615, #4228, #6142, #1528, #5460, #4022 ) ) ;
#1613 = AXIS2_PLACEMENT_3D ( 'NONE', #4395, #3105, #7288 ) ;
#1614 = DIRECTION ( 'NONE',  ( -1.000000000000000000, 0.0000000000000000000, 0.0000000000000000000 ) ) ;
#1615 = LINE ( 'NONE', #1608, #5819 ) ;
#1616 = ORIENTED_EDGE ( 'NONE', *, *, #4200, .T. ) ;
#1617 = EDGE_CURVE ( 'NONE', #852, #3217, #4231, .T. ) ;
#1618 = ADVANCED_FACE ( 'NONE', ( #2805 ), #6111, .F. ) ;
#1619 = DIRECTION ( 'NONE',  ( 0.0000000000000000000, 0.0000000000000000000, -1.000000000000000000 ) ) ;
#1620 = VERTEX_POINT ( 'NONE', #6458 ) ;
#1621 = DIRECTION ( 'NONE',  ( -1.000000000000000000, 0.0000000000000000000, 0.0000000000000000000 ) ) ;
#1622 = CARTESIAN_POINT ( 'NONE',  ( 75.00000000000000000, -5.000000000000000000, 10.00000000000000000 ) ) ;
#1623 = VECTOR ( 'NONE', #2032, 1000.000000000000000 ) ;
#1624 = ORIENTED_EDGE ( 'NONE', *, *, #4292, .F. ) ;
#1625 = CARTESIAN_POINT ( 'NONE',  ( -10.00000000000000200, -6.999999999999999100, 16.00000000000000000 ) ) ;
#1626 = EDGE_LOOP ( 'NONE', ( #3499, #5393, #3355, #5555 ) ) ;
#1627 = CARTESIAN_POINT ( 'NONE',  ( -90.00000000000002800, -40.00000000000006400, 10.00000000000000000 ) ) ;
#1628 = CARTESIAN_POINT ( 'NONE',  ( 54.00000000000000700, -0.4999999999999996700, 6.000000000000000000 ) ) ;
#1629 = EDGE_CURVE ( 'NONE', #3031, #7686, #5642, .T. ) ;
#1630 = ADVANCED_FACE ( 'NONE', ( #4879 ), #399, .F. ) ;
#1631 = AXIS2_PLACEMENT_3D ( 'NONE', #6863, #782, #2540 ) ;
#1632 = CYLINDRICAL_SURFACE ( 'NONE', #6548, 4.000000000000003600 ) ;
#1633 = ORIENTED_EDGE ( 'NONE', *, *, #5118, .T. ) ;
#1634 = DIRECTION ( 'NONE',  ( -1.000000000000000000, 0.0000000000000000000, 0.0000000000000000000 ) ) ;
#1635 = VERTEX_POINT ( 'NONE', #1026 ) ;
#1636 = ORIENTED_EDGE ( 'NONE', *, *, #4972, .T. ) ;
#1637 =( BOUNDED_SURFACE ( )  B_SPLINE_SURFACE ( 3, 3, ( 
 ( #1325, #5581, #3271, #3844 ),
 ( #1937, #4394, #1992, #4466 ),
 ( #744, #1293, #169, #5027 ),
 ( #3867, #1910, #6198, #6855 ),
 ( #4999, #7420, #3818, #3240 ),
 ( #4442, #1351, #798, #1374 ),
 ( #1398, #2017, #304, #3945 ) ),
 .UNSPECIFIED., .F., .F., .F. ) 
 B_SPLINE_SURFACE_WITH_KNOTS ( ( 4, 1, 1, 1, 4 ),
 ( 4, 4 ),
 ( 0.0000000000000000000, 0.2764183078687363300, 0.4965080727076163200, 0.6879633799459912200, 1.000000000000000000 ),
 ( 0.0000000000000000000, 1.000000000000000000 ),
 .UNSPECIFIED. ) 
 GEOMETRIC_REPRESENTATION_ITEM ( )  RATIONAL_B_SPLINE_SURFACE ( (
 ( 1.000000000000000000, 0.3333333333333332000, 0.3333333333333332000, 1.000000000000000000),
 ( 1.000000000000000000, 0.3333333333333332000, 0.3333333333333332000, 1.000000000000000000),
 ( 1.000000000000000000, 0.3333333333333332000, 0.3333333333333332000, 1.000000000000000000),
 ( 1.000000000000000000, 0.3333333333333332000, 0.3333333333333332000, 1.000000000000000000),
 ( 1.000000000000000000, 0.3333333333333332000, 0.3333333333333332000, 1.000000000000000000),
 ( 1.000000000000000000, 0.3333333333333332000, 0.3333333333333332000, 1.000000000000000000),
 ( 1.000000000000000000, 0.3333333333333332000, 0.3333333333333332000, 1.000000000000000000) ) ) 
 REPRESENTATION_ITEM ( '' )  SURFACE ( )  );
#1638 = DIRECTION ( 'NONE',  ( -1.000000000000000000, 0.0000000000000000000, 0.0000000000000000000 ) ) ;
#1639 = CIRCLE ( 'NONE', #3664, 5.000000000000004400 ) ;
#1640 = DIRECTION ( 'NONE',  ( -0.0000000000000000000, -0.0000000000000000000, -1.000000000000000000 ) ) ;
#1641 = VERTEX_POINT ( 'NONE', #2837 ) ;
#1642 = EDGE_CURVE ( 'NONE', #2827, #134, #1160, .T. ) ;
#1643 = DIRECTION ( 'NONE',  ( 1.000000000000000000, 0.0000000000000000000, 0.0000000000000000000 ) ) ;
#1644 = CIRCLE ( 'NONE', #1860, 8.000000000000000000 ) ;
#1645 = FACE_BOUND ( 'NONE', #3823, .T. ) ;
#1646 = CARTESIAN_POINT ( 'NONE',  ( 13.00000000000000200, 0.0000000000000000000, 18.00000000000000400 ) ) ;
#1647 = ORIENTED_EDGE ( 'NONE', *, *, #5015, .F. ) ;
#1648 = CARTESIAN_POINT ( 'NONE',  ( 8.350000000000001400, 7.000000000000000900, 16.00000000000000000 ) ) ;
#1649 = ORIENTED_EDGE ( 'NONE', *, *, #1752, .F. ) ;
#1650 = DIRECTION ( 'NONE',  ( -0.0000000000000000000, -0.0000000000000000000, -1.000000000000000000 ) ) ;
#1651 = CARTESIAN_POINT ( 'NONE',  ( 7.500000000000000000, 0.0000000000000000000, 0.0000000000000000000 ) ) ;
#1652 = AXIS2_PLACEMENT_3D ( 'NONE', #5256, #4721, #5329 ) ;
#1653 = VECTOR ( 'NONE', #3275, 1000.000000000000000 ) ;
#1654 = EDGE_CURVE ( 'NONE', #134, #4818, #7419, .T. ) ;
#1655 = PLANE ( 'NONE',  #6995 ) ;
#1656 = DIRECTION ( 'NONE',  ( -0.0000000000000000000, -0.0000000000000000000, 1.000000000000000000 ) ) ;
#1657 = ORIENTED_EDGE ( 'NONE', *, *, #5448, .F. ) ;
#1658 = EDGE_LOOP ( 'NONE', ( #968, #7617 ) ) ;
#1659 = CARTESIAN_POINT ( 'NONE',  ( -10.00000000000000200, -6.999999999999999100, 16.00000000000000000 ) ) ;
#1660 = CARTESIAN_POINT ( 'NONE',  ( 45.00000000000000000, -5.000000000000000000, 0.0000000000000000000 ) ) ;
#1661 = DIRECTION ( 'NONE',  ( -1.000000000000000000, 0.0000000000000000000, 0.0000000000000000000 ) ) ;
#1662 = FACE_OUTER_BOUND ( 'NONE', #5352, .T. ) ;
#1663 = ORIENTED_EDGE ( 'NONE', *, *, #96, .T. ) ;
#1664 = AXIS2_PLACEMENT_3D ( 'NONE', #2738, #4478, #5089 ) ;
#1665 = VERTEX_POINT ( 'NONE', #1001 ) ;
#1666 = DIRECTION ( 'NONE',  ( 0.0000000000000000000, 0.0000000000000000000, -1.000000000000000000 ) ) ;
#1667 = CARTESIAN_POINT ( 'NONE',  ( 13.00000000000000200, 0.0000000000000000000, 20.00000000000000000 ) ) ;
#1668 = DIRECTION ( 'NONE',  ( 0.0000000000000000000, 0.0000000000000000000, -1.000000000000000000 ) ) ;
#1669 = FACE_BOUND ( 'NONE', #4678, .T. ) ;
#1670 = ADVANCED_FACE ( 'NONE', ( #2706 ), #3375, .F. ) ;
#1671 = LINE ( 'NONE', #403, #7064 ) ;
#1672 = ORIENTED_EDGE ( 'NONE', *, *, #2404, .T. ) ;
#1673 = ORIENTED_EDGE ( 'NONE', *, *, #4734, .T. ) ;
#1674 = DIRECTION ( 'NONE',  ( 1.000000000000000000, 0.0000000000000000000, 0.0000000000000000000 ) ) ;
#1675 = CARTESIAN_POINT ( 'NONE',  ( 1.650000000000000100, 13.00000000000000200, 20.00000000000000000 ) ) ;
#1676 = AXIS2_PLACEMENT_3D ( 'NONE', #4970, #7439, #1956 ) ;
#1677 = CARTESIAN_POINT ( 'NONE',  ( -83.00000000000000000, -10.00000000000000000, 6.000000000000000000 ) ) ;
#1678 = DIRECTION ( 'NONE',  ( -1.000000000000000000, 0.0000000000000000000, 0.0000000000000000000 ) ) ;
#1679 = AXIS2_PLACEMENT_3D ( 'NONE', #607, #711, #1323 ) ;
#1680 = EDGE_CURVE ( 'NONE', #3581, #4620, #1738, .T. ) ;
#1681 = LINE ( 'NONE', #1872, #6343 ) ;
#1682 = ORIENTED_EDGE ( 'NONE', *, *, #1718, .F. ) ;
#1683 = VECTOR ( 'NONE', #964, 999.9999999999998900 ) ;
#1684 = DIRECTION ( 'NONE',  ( 0.0000000000000000000, -1.000000000000000000, 0.0000000000000000000 ) ) ;
#1686 = FILL_AREA_STYLE_COLOUR ( '', #6336 ) ;
#1685 = SHAPE_REPRESENTATION_RELATIONSHIP ( 'NONE' , 'NONE' ,  #7522, #6454 ) ;
#1687 = PLANE ( 'NONE',  #3294 ) ;
#1688 = PLANE ( 'NONE',  #7291 ) ;
#1689 = VECTOR ( 'NONE', #3525, 1000.000000000000000 ) ;
#1690 = LINE ( 'NONE', #1197, #4174 ) ;
#1691 = ORIENTED_EDGE ( 'NONE', *, *, #3461, .F. ) ;
#1692 = DIRECTION ( 'NONE',  ( -1.000000000000000000, 0.0000000000000000000, 0.0000000000000000000 ) ) ;
#1693 = ORIENTED_EDGE ( 'NONE', *, *, #5001, .T. ) ;
#1694 = EDGE_CURVE ( 'NONE', #4262, #470, #7792, .T. ) ;
#1695 = CARTESIAN_POINT ( 'NONE',  ( -99.99999999999998600, 45.00000000000000000, 10.00000000000000000 ) ) ;
#1696 = DIRECTION ( 'NONE',  ( 0.0000000000000000000, 0.0000000000000000000, 1.000000000000000000 ) ) ;
#1697 = VECTOR ( 'NONE', #612, 1000.000000000000000 ) ;
#1698 = FACE_OUTER_BOUND ( 'NONE', #7709, .T. ) ;
#1699 = ORIENTED_EDGE ( 'NONE', *, *, #2201, .T. ) ;
#1700 = DIRECTION ( 'NONE',  ( -0.0000000000000000000, -0.0000000000000000000, 1.000000000000000000 ) ) ;
#1701 = CONTEXT_DEPENDENT_SHAPE_REPRESENTATION ( #6375, #4573 ) ;
#1702 = FACE_OUTER_BOUND ( 'NONE', #5854, .T. ) ;
#1703 = CARTESIAN_POINT ( 'NONE',  ( -60.10000000000000100, 55.00000000000000000, 6.000000000000000000 ) ) ;
#1704 = EDGE_CURVE ( 'NONE', #6610, #4807, #2894, .T. ) ;
#1705 = ADVANCED_FACE ( 'NONE', ( #1541 ), #1445, .T. ) ;
#1706 = AXIS2_PLACEMENT_3D ( 'NONE', #1913, #6172, #3713 ) ;
#1707 = LINE ( 'NONE', #2598, #3716 ) ;
#1708 = VERTEX_POINT ( 'NONE', #7734 ) ;
#1709 = DIRECTION ( 'NONE',  ( -1.000000000000000000, -9.251858538542979000E-017, 0.0000000000000000000 ) ) ;
#1710 = DIRECTION ( 'NONE',  ( -0.0000000000000000000, -0.0000000000000000000, -1.000000000000000000 ) ) ;
#1711 = CARTESIAN_POINT ( 'NONE',  ( 70.00000000000000000, -14.49999999999999800, 6.000000000000000000 ) ) ;
#1712 = EDGE_LOOP ( 'NONE', ( #6074, #3117, #511, #5058 ) ) ;
#1713 = CIRCLE ( 'NONE', #1899, 4.000000000000003600 ) ;
#1714 = FACE_OUTER_BOUND ( 'NONE', #5007, .T. ) ;
#1715 = ADVANCED_FACE ( 'NONE', ( #5065 ), #6564, .F. ) ;
#1716 = AXIS2_PLACEMENT_3D ( 'NONE', #435, #462, #1064 ) ;
#1717 = VERTEX_POINT ( 'NONE', #3614 ) ;
#1718 = EDGE_CURVE ( 'NONE', #4517, #4127, #7219, .T. ) ;
#1719 = CARTESIAN_POINT ( 'NONE',  ( -5.000000000000004400, 15.00000000000000000, 4.000000000000000000 ) ) ;
#1720 = AXIS2_PLACEMENT_3D ( 'NONE', #6355, #3425, #286 ) ;
#1721 = DIRECTION ( 'NONE',  ( -0.0000000000000000000, -0.0000000000000000000, 1.000000000000000000 ) ) ;
#1722 = ORIENTED_EDGE ( 'NONE', *, *, #2987, .F. ) ;
#1723 = LINE ( 'NONE', #5882, #5150 ) ;
#1724 = VERTEX_POINT ( 'NONE', #5373 ) ;
#1725 = DIRECTION ( 'NONE',  ( -0.0000000000000000000, -0.0000000000000000000, -1.000000000000000000 ) ) ;
#1726 = CARTESIAN_POINT ( 'NONE',  ( -49.00000000000000000, 68.00000000000000000, 6.000000000000000000 ) ) ;
#1727 = VERTEX_POINT ( 'NONE', #2950 ) ;
#1728 = DIRECTION ( 'NONE',  ( -1.000000000000000000, -0.0000000000000000000, -0.0000000000000000000 ) ) ;
#1729 = AXIS2_PLACEMENT_3D ( 'NONE', #2185, #4646, #5846 ) ;
#1730 = ORIENTED_EDGE ( 'NONE', *, *, #5130, .T. ) ;
#1731 = CYLINDRICAL_SURFACE ( 'NONE', #5744, 9.999999999999998200 ) ;
#1732 = EDGE_CURVE ( 'NONE', #5155, #6183, #1350, .T. ) ;
#1733 = ORIENTED_EDGE ( 'NONE', *, *, #1122, .F. ) ;
#1734 = CARTESIAN_POINT ( 'NONE',  ( -5.000000000000018700, -35.00000000000000000, 5.000000000000000000 ) ) ;
#1735 = CARTESIAN_POINT ( 'NONE',  ( 0.0000000000000000000, 0.0000000000000000000, 30.00000000000000000 ) ) ;
#1736 = DIRECTION ( 'NONE',  ( -1.000000000000000000, 0.0000000000000000000, 0.0000000000000000000 ) ) ;
#1737 = CARTESIAN_POINT ( 'NONE',  ( -14.99999999999999600, -2.499999999999999100, 10.00000000000000000 ) ) ;
#1738 = CIRCLE ( 'NONE', #853, 2.099999999999997900 ) ;
#1739 = ORIENTED_EDGE ( 'NONE', *, *, #3097, .F. ) ;
#1740 = VERTEX_POINT ( 'NONE', #5407 ) ;
#1741 = CARTESIAN_POINT ( 'NONE',  ( 13.00000000000000200, 0.0000000000000000000, 20.00000000000000000 ) ) ;
#1742 = B_SPLINE_CURVE_WITH_KNOTS ( 'NONE', 3,
 ( #128, #6100, #5566, #7328, #19, #4403, #1925 ),
 .UNSPECIFIED., .F., .F.,
 ( 4, 1, 1, 1, 4 ),
 ( 0.0000000000000000000, 0.2764183078687363300, 0.4965080727076163200, 0.6879633799459912200, 1.000000000000000000 ),
 .UNSPECIFIED. ) ;
#1743 = EDGE_CURVE ( 'NONE', #4331, #1635, #5341, .T. ) ;
#1744 = AXIS2_PLACEMENT_3D ( 'NONE', #1893, #4822, #7264 ) ;
#1745 = FACE_OUTER_BOUND ( 'NONE', #5931, .T. ) ;
#1746 = CARTESIAN_POINT ( 'NONE',  ( 47.90000000000000600, -14.49999999999999800, 10.00000000000000000 ) ) ;
#1747 = ORIENTED_EDGE ( 'NONE', *, *, #7798, .F. ) ;
#1748 = DIRECTION ( 'NONE',  ( 0.0000000000000000000, -1.000000000000000000, 0.0000000000000000000 ) ) ;
#1749 = CARTESIAN_POINT ( 'NONE',  ( 70.00000000000000000, -0.5000000000000000000, 6.000000000000000000 ) ) ;
#1750 = LINE ( 'NONE', #1117, #5645 ) ;
#1751 = FACE_OUTER_BOUND ( 'NONE', #6398, .T. ) ;
#1752 = EDGE_CURVE ( 'NONE', #2807, #7880, #1917, .T. ) ;
#1753 = ORIENTED_EDGE ( 'NONE', *, *, #1373, .T. ) ;
#1754 = ORIENTED_EDGE ( 'NONE', *, *, #5840, .F. ) ;
#1755 = ADVANCED_FACE ( 'NONE', ( #6105 ), #3082, .F. ) ;
#1756 = DIRECTION ( 'NONE',  ( 0.0000000000000000000, 0.0000000000000000000, -1.000000000000000000 ) ) ;
#1757 = DIRECTION ( 'NONE',  ( -0.0000000000000000000, -0.0000000000000000000, -1.000000000000000000 ) ) ;
#1758 = VERTEX_POINT ( 'NONE', #3004 ) ;
#1759 = DIRECTION ( 'NONE',  ( -0.0000000000000000000, -0.0000000000000000000, -1.000000000000000000 ) ) ;
#1760 = PLANE ( 'NONE',  #7194 ) ;
#1761 = VECTOR ( 'NONE', #453, 1000.000000000000000 ) ;
#1762 = ORIENTED_EDGE ( 'NONE', *, *, #3381, .T. ) ;
#1763 = DIRECTION ( 'NONE',  ( 0.0000000000000000000, 0.0000000000000000000, -1.000000000000000000 ) ) ;
#1764 = ORIENTED_EDGE ( 'NONE', *, *, #1474, .F. ) ;
#1765 = EDGE_CURVE ( 'NONE', #4559, #4680, #7321, .T. ) ;
#1766 = DIRECTION ( 'NONE',  ( 1.000000000000000000, 0.0000000000000000000, 0.0000000000000000000 ) ) ;
#1767 = DIRECTION ( 'NONE',  ( -0.0000000000000000000, -0.0000000000000000000, -1.000000000000000000 ) ) ;
#1768 = VERTEX_POINT ( 'NONE', #2345 ) ;
#1769 = CIRCLE ( 'NONE', #6137, 40.09401076758509000 ) ;
#1770 = EDGE_LOOP ( 'NONE', ( #5381, #5767, #3291, #1504 ) ) ;
#1771 = ORIENTED_EDGE ( 'NONE', *, *, #3390, .T. ) ;
#1772 = DIRECTION ( 'NONE',  ( 0.0000000000000000000, 0.0000000000000000000, 1.000000000000000000 ) ) ;
#1773 = DIRECTION ( 'NONE',  ( 0.0000000000000000000, 0.0000000000000000000, 1.000000000000000000 ) ) ;
#1774 = CARTESIAN_POINT ( 'NONE',  ( 0.0000000000000000000, 0.0000000000000000000, 18.00000000000000400 ) ) ;
#1775 = AXIS2_PLACEMENT_3D ( 'NONE', #2269, #4135, #1080 ) ;
#1776 = CARTESIAN_POINT ( 'NONE',  ( 32.00000000000000700, -55.00000000000000000, 10.00000000000000000 ) ) ;
#1777 = CIRCLE ( 'NONE', #5362, 37.09401076758509000 ) ;
#1778 = CARTESIAN_POINT ( 'NONE',  ( -45.00000000000000700, 55.00000000000000000, 10.00000000000000000 ) ) ;
#1779 = ORIENTED_EDGE ( 'NONE', *, *, #6126, .T. ) ;
#1780 = CARTESIAN_POINT ( 'NONE',  ( -32.00000000000000700, 55.00000000000000000, 0.0000000000000000000 ) ) ;
#1781 = EDGE_CURVE ( 'NONE', #6063, #5912, #392, .T. ) ;
#1782 = ORIENTED_EDGE ( 'NONE', *, *, #4366, .T. ) ;
#1783 =( LENGTH_UNIT ( ) NAMED_UNIT ( * ) SI_UNIT ( .MILLI., .METRE. ) );
#1784 = LINE ( 'NONE', #3036, #7174 ) ;
#1785 = ORIENTED_EDGE ( 'NONE', *, *, #6034, .T. ) ;
#1786 = CARTESIAN_POINT ( 'NONE',  ( 47.90000000000000600, -0.5000000000000000000, 6.000000000000000000 ) ) ;
#1787 = EDGE_LOOP ( 'NONE', ( #4575, #2898, #7260, #4782 ) ) ;
#1788 = CARTESIAN_POINT ( 'NONE',  ( 0.0000000000000000000, 0.0000000000000000000, 10.00000000000000000 ) ) ;
#1789 = CARTESIAN_POINT ( 'NONE',  ( 10.00000000000000200, 7.000000000000000900, 16.00000000000000000 ) ) ;
#1790 = EDGE_CURVE ( 'NONE', #5209, #2630, #6665, .T. ) ;
#1791 = FACE_OUTER_BOUND ( 'NONE', #6711, .T. ) ;
#1792 = CYLINDRICAL_SURFACE ( 'NONE', #7878, 1.649999999999998600 ) ;
#1793 = VERTEX_POINT ( 'NONE', #5933 ) ;
#1794 = DIRECTION ( 'NONE',  ( -1.000000000000000000, 0.0000000000000000000, 0.0000000000000000000 ) ) ;
#1795 = ADVANCED_FACE ( 'NONE', ( #2888 ), #6580, .F. ) ;
#1796 = DIRECTION ( 'NONE',  ( 0.0000000000000000000, -1.000000000000000000, 0.0000000000000000000 ) ) ;
#1797 = VECTOR ( 'NONE', #3455, 1000.000000000000000 ) ;
#1798 = DIRECTION ( 'NONE',  ( -0.0000000000000000000, -0.0000000000000000000, 1.000000000000000000 ) ) ;
#1799 = CIRCLE ( 'NONE', #450, 3.999999999999996400 ) ;
#1800 = VERTEX_POINT ( 'NONE', #504 ) ;
#1801 = EDGE_CURVE ( 'NONE', #7580, #356, #2699, .T. ) ;
#1802 = CARTESIAN_POINT ( 'NONE',  ( 70.00000000000000000, -0.5000000000000000000, 10.00000000000000000 ) ) ;
#1804 = DIRECTION ( 'NONE',  ( 0.0000000000000000000, 0.0000000000000000000, 1.000000000000000000 ) ) ;
#1803 = SHAPE_DEFINITION_REPRESENTATION ( #5720, #6294 ) ;
#1805 = CARTESIAN_POINT ( 'NONE',  ( 37.09401076758509000, 0.0000000000000000000, 57.99999999999999300 ) ) ;
#1806 = CYLINDRICAL_SURFACE ( 'NONE', #525, 1.650000000000000400 ) ;
#1807 = CYLINDRICAL_SURFACE ( 'NONE', #975, 8.000000000000000000 ) ;
#1808 = VECTOR ( 'NONE', #4643, 1000.000000000000000 ) ;
#1809 = DIRECTION ( 'NONE',  ( -0.0000000000000000000, -0.0000000000000000000, 1.000000000000000000 ) ) ;
#1810 = FILL_AREA_STYLE_COLOUR ( '', #1976 ) ;
#1811 = EDGE_CURVE ( 'NONE', #4108, #3639, #1827, .T. ) ;
#1812 = AXIS2_PLACEMENT_3D ( 'NONE', #1735, #4082, #2948 ) ;
#1813 = DIRECTION ( 'NONE',  ( -1.000000000000000000, -0.0000000000000000000, -0.0000000000000000000 ) ) ;
#1814 = LINE ( 'NONE', #82, #3916 ) ;
#1815 = CARTESIAN_POINT ( 'NONE',  ( -32.00000000000000700, 55.00000000000000000, 6.000000000000000000 ) ) ;
#1816 = ORIENTED_EDGE ( 'NONE', *, *, #3300, .F. ) ;
#1817 = CARTESIAN_POINT ( 'NONE',  ( 75.00000000000004300, -49.99999999999999300, 10.00000000000000000 ) ) ;
#1818 = CIRCLE ( 'NONE', #3854, 1.650000000000000100 ) ;
#1819 = ORIENTED_EDGE ( 'NONE', *, *, #7837, .T. ) ;
#1820 = CARTESIAN_POINT ( 'NONE',  ( -37.09401076758509000, -4.542706155406056600E-015, 57.99999999999999300 ) ) ;
#1821 = CYLINDRICAL_SURFACE ( 'NONE', #7646, 2.099999999999997900 ) ;
#1822 = ORIENTED_EDGE ( 'NONE', *, *, #1484, .T. ) ;
#1823 = AXIS2_PLACEMENT_3D ( 'NONE', #647, #4903, #4329 ) ;
#1824 = DIRECTION ( 'NONE',  ( -0.0000000000000000000, -0.0000000000000000000, -1.000000000000000000 ) ) ;
#1825 = EDGE_LOOP ( 'NONE', ( #4001, #157, #3747, #5729 ) ) ;
#1826 = DIRECTION ( 'NONE',  ( 1.000000000000000000, 0.0000000000000000000, 0.0000000000000000000 ) ) ;
#1827 = LINE ( 'NONE', #2293, #590 ) ;
#1828 = CARTESIAN_POINT ( 'NONE',  ( -24.36811466635143800, -48.73622933270287700, 35.84315225237544700 ) ) ;
#1829 = ORIENTED_EDGE ( 'NONE', *, *, #845, .F. ) ;
#1830 = ORIENTED_EDGE ( 'NONE', *, *, #5911, .T. ) ;
#1831 = ADVANCED_FACE ( 'NONE', ( #3365 ), #2853, .F. ) ;
#1832 = EDGE_CURVE ( 'NONE', #1708, #4042, #7786, .T. ) ;
#1833 = CIRCLE ( 'NONE', #5531, 9.999999999999998200 ) ;
#1834 = DIRECTION ( 'NONE',  ( 1.000000000000000000, 0.0000000000000000000, 0.0000000000000000000 ) ) ;
#1835 = ORIENTED_EDGE ( 'NONE', *, *, #779, .T. ) ;
#1836 = CARTESIAN_POINT ( 'NONE',  ( -51.35000000000000100, -10.00000000000000000, 0.0000000000000000000 ) ) ;
#1837 = CARTESIAN_POINT ( 'NONE',  ( -5.000000000000011500, -45.00000000000000000, 0.0000000000000000000 ) ) ;
#1838 = DIRECTION ( 'NONE',  ( 0.0000000000000000000, 0.0000000000000000000, -1.000000000000000000 ) ) ;
#1839 = CARTESIAN_POINT ( 'NONE',  ( -45.00000000000000700, 42.00000000000000000, 0.0000000000000000000 ) ) ;
#1840 = ORIENTED_EDGE ( 'NONE', *, *, #6470, .T. ) ;
#1841 = EDGE_LOOP ( 'NONE', ( #2812, #3325, #5575, #5857 ) ) ;
#1842 = EDGE_CURVE ( 'NONE', #7686, #3031, #4118, .T. ) ;
#1843 = DIRECTION ( 'NONE',  ( -0.0000000000000000000, -0.0000000000000000000, -1.000000000000000000 ) ) ;
#1844 = AXIS2_PLACEMENT_3D ( 'NONE', #7093, #6576, #3611 ) ;
#1845 = CIRCLE ( 'NONE', #2425, 3.999999999999996400 ) ;
#1846 = DIRECTION ( 'NONE',  ( -0.0000000000000000000, -0.0000000000000000000, 1.000000000000000000 ) ) ;
#1847 = EDGE_LOOP ( 'NONE', ( #4726, #7409, #4081, #2310 ) ) ;
#1848 = VERTEX_POINT ( 'NONE', #5442 ) ;
#1849 = ADVANCED_FACE ( 'NONE', ( #3652 ), #1632, .F. ) ;
#1850 = CARTESIAN_POINT ( 'NONE',  ( 45.00000000000000700, -42.00000000000000000, 10.00000000000000000 ) ) ;
#1851 = DIRECTION ( 'NONE',  ( -1.000000000000000000, 0.0000000000000000000, 0.0000000000000000000 ) ) ;
#1852 = EDGE_CURVE ( 'NONE', #3401, #2485, #196, .T. ) ;
#1853 = AXIS2_PLACEMENT_3D ( 'NONE', #3304, #3804, #1359 ) ;
#1854 = SURFACE_STYLE_USAGE ( .BOTH. , #2417 ) ;
#1855 = CONICAL_SURFACE ( 'NONE', #6091, 40.09401076758509000, 0.5235987755983002600 ) ;
#1856 = ORIENTED_EDGE ( 'NONE', *, *, #829, .T. ) ;
#1857 = DIRECTION ( 'NONE',  ( 0.0000000000000000000, 0.0000000000000000000, -1.000000000000000000 ) ) ;
#1858 = DIRECTION ( 'NONE',  ( 0.0000000000000000000, 0.0000000000000000000, -1.000000000000000000 ) ) ;
#1859 = FACE_OUTER_BOUND ( 'NONE', #3955, .T. ) ;
#1860 = AXIS2_PLACEMENT_3D ( 'NONE', #6518, #2302, #3565 ) ;
#1861 = EDGE_CURVE ( 'NONE', #30, #822, #2958, .T. ) ;
#1862 = AXIS2_PLACEMENT_3D ( 'NONE', #4456, #5597, #839 ) ;
#1863 = DIRECTION ( 'NONE',  ( -1.000000000000000000, 0.0000000000000000000, 0.0000000000000000000 ) ) ;
#1864 = VERTEX_POINT ( 'NONE', #6068 ) ;
#1865 = ADVANCED_FACE ( 'NONE', ( #682 ), #7510, .F. ) ;
#1866 = DIRECTION ( 'NONE',  ( 0.0000000000000000000, -0.0000000000000000000, 1.000000000000000000 ) ) ;
#1867 = FACE_OUTER_BOUND ( 'NONE', #6511, .T. ) ;
#1868 = ORIENTED_EDGE ( 'NONE', *, *, #3087, .F. ) ;
#1869 = DIRECTION ( 'NONE',  ( 0.0000000000000000000, 0.0000000000000000000, -1.000000000000000000 ) ) ;
#1870 = AXIS2_PLACEMENT_3D ( 'NONE', #2506, #3737, #4370 ) ;
#1871 = CARTESIAN_POINT ( 'NONE',  ( -110.7024920923811900, 45.00000000000000000, 5.000000000000000000 ) ) ;
#1872 = CARTESIAN_POINT ( 'NONE',  ( 8.000000000000000000, 0.0000000000000000000, 0.5000000000000004400 ) ) ;
#1873 = DIRECTION ( 'NONE',  ( -1.000000000000000000, -0.0000000000000000000, -0.0000000000000000000 ) ) ;
#1874 = LINE ( 'NONE', #496, #1498 ) ;
#1875 = EDGE_CURVE ( 'NONE', #2977, #6314, #4311, .T. ) ;
#1876 = DIRECTION ( 'NONE',  ( -0.0000000000000000000, -0.0000000000000000000, 1.000000000000000000 ) ) ;
#1877 = LINE ( 'NONE', #6954, #7749 ) ;
#1878 = FACE_OUTER_BOUND ( 'NONE', #3882, .T. ) ;
#1879 = VERTEX_POINT ( 'NONE', #1820 ) ;
#1880 = DIRECTION ( 'NONE',  ( 0.0000000000000000000, 0.0000000000000000000, 1.000000000000000000 ) ) ;
#1881 = CIRCLE ( 'NONE', #7640, 8.000000000000000000 ) ;
#1882 = CARTESIAN_POINT ( 'NONE',  ( -89.99999999999991500, 75.00000000000000000, 5.000000000000000000 ) ) ;
#1883 = CIRCLE ( 'NONE', #4429, 4.000000000000003600 ) ;
#1884 = ORIENTED_EDGE ( 'NONE', *, *, #658, .T. ) ;
#1885 = DIRECTION ( 'NONE',  ( -1.000000000000000000, 0.0000000000000000000, 0.0000000000000000000 ) ) ;
#1886 = DIRECTION ( 'NONE',  ( -1.000000000000000000, 0.0000000000000000000, 0.0000000000000000000 ) ) ;
#1887 = EDGE_CURVE ( 'NONE', #7803, #6559, #5916, .T. ) ;
#1888 = ADVANCED_FACE ( 'NONE', ( #4869 ), #1731, .F. ) ;
#1889 = FACE_OUTER_BOUND ( 'NONE', #2520, .T. ) ;
#1890 = PRODUCT_DEFINITION_SHAPE ( 'NONE', 'NONE',  #3337 ) ;
#1891 = CIRCLE ( 'NONE', #125, 1.650000000000000100 ) ;
#1892 = EDGE_LOOP ( 'NONE', ( #6997, #5513 ) ) ;
#1893 = CARTESIAN_POINT ( 'NONE',  ( -45.00000000000000700, 42.00000000000000000, 6.000000000000000000 ) ) ;
#1894 = ORIENTED_EDGE ( 'NONE', *, *, #3077, .F. ) ;
#1895 = DIRECTION ( 'NONE',  ( -0.0000000000000000000, -0.0000000000000000000, -1.000000000000000000 ) ) ;
#1896 = DIRECTION ( 'NONE',  ( -1.000000000000000000, 0.0000000000000000000, 0.0000000000000000000 ) ) ;
#1897 = FACE_OUTER_BOUND ( 'NONE', #6859, .T. ) ;
#1898 = EDGE_CURVE ( 'NONE', #1724, #671, #4677, .T. ) ;
#1899 = AXIS2_PLACEMENT_3D ( 'NONE', #2967, #7164, #2994 ) ;
#1900 = CIRCLE ( 'NONE', #2286, 7.500000000000000000 ) ;
#1901 = ORIENTED_EDGE ( 'NONE', *, *, #393, .T. ) ;
#1902 = DIRECTION ( 'NONE',  ( 1.000000000000000000, 0.0000000000000000000, 0.0000000000000000000 ) ) ;
#1903 = ORIENTED_EDGE ( 'NONE', *, *, #6871, .F. ) ;
#1904 = ORIENTED_EDGE ( 'NONE', *, *, #7790, .T. ) ;
#1905 = ADVANCED_FACE ( 'NONE', ( #4776 ), #6302, .F. ) ;
#1906 = FACE_BOUND ( 'NONE', #3321, .T. ) ;
#1907 = ORIENTED_EDGE ( 'NONE', *, *, #3315, .F. ) ;
#1908 = AXIS2_PLACEMENT_3D ( 'NONE', #4693, #494, #2205 ) ;
#1909 = ORIENTED_EDGE ( 'NONE', *, *, #4792, .T. ) ;
#1910 = CARTESIAN_POINT ( 'NONE',  ( -24.36811466635147700, 48.73622933270291200, 35.84315225237545400 ) ) ;
#1911 = EDGE_CURVE ( 'NONE', #5484, #2708, #5727, .T. ) ;
#1912 = AXIS2_PLACEMENT_3D ( 'NONE', #4596, #2183, #2851 ) ;
#1913 = CARTESIAN_POINT ( 'NONE',  ( -13.00000000000000200, 0.0000000000000000000, 20.00000000000000000 ) ) ;
#1914 = DIRECTION ( 'NONE',  ( -0.0000000000000000000, -0.0000000000000000000, -1.000000000000000000 ) ) ;
#1915 = CARTESIAN_POINT ( 'NONE',  ( 45.00000000000000700, -55.00000000000000000, 0.0000000000000000000 ) ) ;
#1916 = EDGE_LOOP ( 'NONE', ( #827, #3765, #3078, #3108 ) ) ;
#1917 = LINE ( 'NONE', #2321, #3282 ) ;
#1918 = ORIENTED_EDGE ( 'NONE', *, *, #7378, .T. ) ;
#1919 = DIRECTION ( 'NONE',  ( 1.000000000000000000, 0.0000000000000000000, 0.0000000000000000000 ) ) ;
#1920 = ORIENTED_EDGE ( 'NONE', *, *, #678, .T. ) ;
#1921 = ORIENTED_EDGE ( 'NONE', *, *, #3135, .F. ) ;
#1922 = CARTESIAN_POINT ( 'NONE',  ( -42.90000000000000600, 42.00000000000000000, 6.000000000000000000 ) ) ;
#1923 = PLANE ( 'NONE',  #3952 ) ;
#1924 = AXIS2_PLACEMENT_3D ( 'NONE', #4929, #1275, #5507 ) ;
#1925 = CARTESIAN_POINT ( 'NONE',  ( -37.09401076758509000, -4.542706155406056600E-015, 57.99999999999999300 ) ) ;
#1926 = EDGE_LOOP ( 'NONE', ( #691, #3607, #337, #2131 ) ) ;
#1927 = VERTEX_POINT ( 'NONE', #6642 ) ;
#1928 = ADVANCED_FACE ( 'NONE', ( #7118 ), #2300, .F. ) ;
#1929 = CARTESIAN_POINT ( 'NONE',  ( 32.00000000000000700, -55.00000000000000000, 6.000000000000000000 ) ) ;
#1930 = FILL_AREA_STYLE ('',( #5018 ) ) ;
#1931 = CARTESIAN_POINT ( 'NONE',  ( 13.00000000000000200, 0.0000000000000000000, 18.00000000000000400 ) ) ;
#1932 = ORIENTED_EDGE ( 'NONE', *, *, #4544, .F. ) ;
#1933 = VERTEX_POINT ( 'NONE', #4198 ) ;
#1934 = FILL_AREA_STYLE_COLOUR ( '', #7255 ) ;
#1935 = PRODUCT_RELATED_PRODUCT_CATEGORY ( 'part', '', ( #7007 ) ) ;
#1936 = EDGE_CURVE ( 'NONE', #3083, #5858, #98, .T. ) ;
#1937 = CARTESIAN_POINT ( 'NONE',  ( -11.53013519640525400, -6.532442945037398700E-015, 20.93762159694730200 ) ) ;
#1938 = LINE ( 'NONE', #7215, #3564 ) ;
#1939 = DIRECTION ( 'NONE',  ( -0.0000000000000000000, -0.0000000000000000000, 1.000000000000000000 ) ) ;
#1940 = VERTEX_POINT ( 'NONE', #7851 ) ;
#1941 = ORIENTED_EDGE ( 'NONE', *, *, #5350, .T. ) ;
#1942 = EDGE_CURVE ( 'NONE', #3808, #3553, #6947, .T. ) ;
#1943 = DIRECTION ( 'NONE',  ( -0.0000000000000000000, -0.0000000000000000000, 1.000000000000000000 ) ) ;
#1944 = ADVANCED_FACE ( 'NONE', ( #2494 ), #7235, .F. ) ;
#1945 = CYLINDRICAL_SURFACE ( 'NONE', #7179, 6.000000000000000900 ) ;
#1946 = ORIENTED_EDGE ( 'NONE', *, *, #799, .T. ) ;
#1947 = CARTESIAN_POINT ( 'NONE',  ( 32.00000000000000700, -55.00000000000000000, -0.0000000000000000000 ) ) ;
#1948 = ORIENTED_EDGE ( 'NONE', *, *, #7741, .T. ) ;
#1949 = DIRECTION ( 'NONE',  ( 0.0000000000000000000, 0.0000000000000000000, 1.000000000000000000 ) ) ;
#1950 = CARTESIAN_POINT ( 'NONE',  ( -5.000000000000018700, -30.00000000000000400, 5.000000000000000000 ) ) ;
#1951 = VERTEX_POINT ( 'NONE', #6311 ) ;
#1952 = CYLINDRICAL_SURFACE ( 'NONE', #2804, 3.999999999999996400 ) ;
#1953 = LINE ( 'NONE', #1281, #2929 ) ;
#1954 = VERTEX_POINT ( 'NONE', #5672 ) ;
#1955 = EDGE_LOOP ( 'NONE', ( #5088, #1250 ) ) ;
#1956 = DIRECTION ( 'NONE',  ( 1.000000000000000000, 0.0000000000000000000, 0.0000000000000000000 ) ) ;
#1957 = EDGE_CURVE ( 'NONE', #7880, #6748, #3741, .T. ) ;
#1958 = AXIS2_PLACEMENT_3D ( 'NONE', #2620, #4948, #34 ) ;
#1959 =( NAMED_UNIT ( * ) PLANE_ANGLE_UNIT ( ) SI_UNIT ( $, .RADIAN. ) );
#1960 = CYLINDRICAL_SURFACE ( 'NONE', #6181, 4.000000000000003600 ) ;
#1961 = VERTEX_POINT ( 'NONE', #6692 ) ;
#1962 = DIRECTION ( 'NONE',  ( 0.0000000000000000000, -0.0000000000000000000, 1.000000000000000000 ) ) ;
#1963 = LINE ( 'NONE', #2245, #5775 ) ;
#1964 = CARTESIAN_POINT ( 'NONE',  ( 45.00000000000000700, -68.00000000000000000, 6.000000000000000000 ) ) ;
#1965 = ORIENTED_EDGE ( 'NONE', *, *, #7072, .T. ) ;
#1966 = CARTESIAN_POINT ( 'NONE',  ( 50.00000000000000000, -0.5000000000000002200, 6.000000000000000000 ) ) ;
#1967 = CARTESIAN_POINT ( 'NONE',  ( 5.000000000000004400, 29.99999999999999600, 5.000000000000000000 ) ) ;
#1968 = AXIS2_PLACEMENT_3D ( 'NONE', #2568, #4396, #4952 ) ;
#1969 = AXIS2_PLACEMENT_3D ( 'NONE', #1529, #6410, #318 ) ;
#1970 = FACE_OUTER_BOUND ( 'NONE', #2818, .T. ) ;
#1971 = ORIENTED_EDGE ( 'NONE', *, *, #7813, .F. ) ;
#1972 = DIRECTION ( 'NONE',  ( 1.000000000000000000, 0.0000000000000000000, 0.0000000000000000000 ) ) ;
#1973 = CARTESIAN_POINT ( 'NONE',  ( 23.00000000000000700, 15.00000000000000000, 4.000000000000000000 ) ) ;
#1974 = LINE ( 'NONE', #1097, #3509 ) ;
#1975 = CARTESIAN_POINT ( 'NONE',  ( 80.00000000000000000, 40.00000000000000000, 0.0000000000000000000 ) ) ;
#1976 = COLOUR_RGB ( '',1.000000000000000000, 1.000000000000000000, 1.000000000000000000 ) ;
#1977 = ORIENTED_EDGE ( 'NONE', *, *, #2960, .T. ) ;
#1978 = DIRECTION ( 'NONE',  ( -1.000000000000000000, 0.0000000000000000000, -0.0000000000000000000 ) ) ;
#1979 = AXIS2_PLACEMENT_3D ( 'NONE', #708, #6846, #7416 ) ;
#1980 = ORIENTED_EDGE ( 'NONE', *, *, #4770, .T. ) ;
#1981 = DIRECTION ( 'NONE',  ( 0.0000000000000000000, 0.0000000000000000000, -1.000000000000000000 ) ) ;
#1982 = PLANE ( 'NONE',  #947 ) ;
#1983 = MECHANICAL_DESIGN_GEOMETRIC_PRESENTATION_REPRESENTATION (  '', ( #4584 ), #4685 ) ;
#1984 = EDGE_CURVE ( 'NONE', #4955, #7261, #6762, .T. ) ;
#1985 = DIRECTION ( 'NONE',  ( -0.0000000000000000000, -0.0000000000000000000, -1.000000000000000000 ) ) ;
#1986 = FACE_BOUND ( 'NONE', #6691, .T. ) ;
#1987 = VECTOR ( 'NONE', #4939, 1000.000000000000000 ) ;
#1988 = ORIENTED_EDGE ( 'NONE', *, *, #4512, .F. ) ;
#1989 = ADVANCED_FACE ( 'NONE', ( #2112 ), #1821, .F. ) ;
#1990 = FILL_AREA_STYLE ('',( #1289 ) ) ;
#1991 = SHAPE_DEFINITION_REPRESENTATION ( #1119, #2289 ) ;
#1992 = CARTESIAN_POINT ( 'NONE',  ( 11.53013519640524900, 23.06027039281052300, 20.93762159694729900 ) ) ;
#1993 = VECTOR ( 'NONE', #4477, 1000.000000000000000 ) ;
#1994 = FACE_BOUND ( 'NONE', #3604, .T. ) ;
#1995 = CIRCLE ( 'NONE', #7341, 4.000000000000003600 ) ;
#1996 = CARTESIAN_POINT ( 'NONE',  ( 45.00000000000000000, -7.500000000000000000, 10.00000000000000000 ) ) ;
#1997 = EDGE_CURVE ( 'NONE', #7044, #3758, #4967, .T. ) ;
#1998 = AXIS2_PLACEMENT_3D ( 'NONE', #7619, #7667, #4038 ) ;
#1999 = ORIENTED_EDGE ( 'NONE', *, *, #5703, .F. ) ;
#2000 = DIRECTION ( 'NONE',  ( -0.0000000000000000000, -0.0000000000000000000, -1.000000000000000000 ) ) ;
#2001 = VECTOR ( 'NONE', #51, 1000.000000000000000 ) ;
#2002 = DIRECTION ( 'NONE',  ( 0.0000000000000000000, 0.0000000000000000000, -1.000000000000000000 ) ) ;
#2003 = FACE_OUTER_BOUND ( 'NONE', #7511, .T. ) ;
#2004 = EDGE_LOOP ( 'NONE', ( #2729, #2267, #6625, #4524 ) ) ;
#2005 = CARTESIAN_POINT ( 'NONE',  ( 0.0000000000000000000, -13.00000000000000200, 20.00000000000000000 ) ) ;
#2006 = CARTESIAN_POINT ( 'NONE',  ( -80.00000000000001400, -40.00000000000000000, 0.0000000000000000000 ) ) ;
#2007 = VECTOR ( 'NONE', #5236, 1000.000000000000000 ) ;
#2008 = ORIENTED_EDGE ( 'NONE', *, *, #1887, .T. ) ;
#2009 = EDGE_CURVE ( 'NONE', #6219, #2311, #3926, .T. ) ;
#2010 = AXIS2_PLACEMENT_3D ( 'NONE', #5148, #6938, #5121 ) ;
#2011 = ORIENTED_EDGE ( 'NONE', *, *, #2244, .T. ) ;
#2012 = DIRECTION ( 'NONE',  ( -1.000000000000000000, 0.0000000000000000000, 0.0000000000000000000 ) ) ;
#2013 = CARTESIAN_POINT ( 'NONE',  ( 25.00000000000000000, 15.00000000000000000, 10.00000000000000000 ) ) ;
#2014 = ORIENTED_EDGE ( 'NONE', *, *, #1061, .T. ) ;
#2015 = ORIENTED_EDGE ( 'NONE', *, *, #3480, .T. ) ;
#2016 = AXIS2_PLACEMENT_3D ( 'NONE', #4868, #4791, #4297 ) ;
#2017 = CARTESIAN_POINT ( 'NONE',  ( -37.09401076758513900, 74.18802153517019300, 58.00000000000000000 ) ) ;
#2018 = EDGE_CURVE ( 'NONE', #6794, #7348, #583, .T. ) ;
#2019 = AXIS2_PLACEMENT_3D ( 'NONE', #6842, #1417, #2633 ) ;
#2020 = ORIENTED_EDGE ( 'NONE', *, *, #20, .F. ) ;
#2021 = DIRECTION ( 'NONE',  ( -1.000000000000000000, 0.0000000000000000000, -0.0000000000000000000 ) ) ;
#2022 = ORIENTED_EDGE ( 'NONE', *, *, #1459, .F. ) ;
#2023 = DIRECTION ( 'NONE',  ( 1.224646799147353200E-016, -1.000000000000000000, 1.287854559016441000E-032 ) ) ;
#2024 = DIRECTION ( 'NONE',  ( 0.0000000000000000000, -0.0000000000000000000, -1.000000000000000000 ) ) ;
#2025 = CARTESIAN_POINT ( 'NONE',  ( 8.000000000000001800, 0.0000000000000000000, 18.00000000000000000 ) ) ;
#2026 = CIRCLE ( 'NONE', #1406, 3.999999999999996400 ) ;
#2027 = ORIENTED_EDGE ( 'NONE', *, *, #4627, .F. ) ;
#2028 = ORIENTED_EDGE ( 'NONE', *, *, #809, .T. ) ;
#2029 = CARTESIAN_POINT ( 'NONE',  ( -58.00000000000000000, 55.00000000000000000, 0.0000000000000000000 ) ) ;
#2030 = ADVANCED_FACE ( 'NONE', ( #7502 ), #7603, .F. ) ;
#2031 = CARTESIAN_POINT ( 'NONE',  ( 15.00000000000000400, -2.499999999999999100, 10.00000000000000000 ) ) ;
#2032 = DIRECTION ( 'NONE',  ( -0.0000000000000000000, -0.0000000000000000000, 1.000000000000000000 ) ) ;
#2033 = EDGE_CURVE ( 'NONE', #7312, #501, #780, .T. ) ;
#2034 = LINE ( 'NONE', #18, #6313 ) ;
#2035 = EDGE_LOOP ( 'NONE', ( #6039, #3489, #5461, #300 ) ) ;
#2036 = ORIENTED_EDGE ( 'NONE', *, *, #7813, .T. ) ;
#2037 = DIRECTION ( 'NONE',  ( 1.577021341797097800E-016, -1.000000000000000000, 0.0000000000000000000 ) ) ;
#2038 = DIRECTION ( 'NONE',  ( -1.000000000000000000, 0.0000000000000000000, 0.0000000000000000000 ) ) ;
#2039 = CARTESIAN_POINT ( 'NONE',  ( 42.90000000000000600, -68.00000000000000000, 10.00000000000000000 ) ) ;
#2040 = VERTEX_POINT ( 'NONE', #41 ) ;
#2041 = PRODUCT_RELATED_PRODUCT_CATEGORY ( 'part', '', ( #7565 ) ) ;
#2042 = EDGE_LOOP ( 'NONE', ( #6655, #992, #6240, #4963 ) ) ;
#2043 = EDGE_CURVE ( 'NONE', #989, #222, #2791, .T. ) ;
#2044 = AXIS2_PLACEMENT_3D ( 'NONE', #4304, #6722, #7853 ) ;
#2045 = DIRECTION ( 'NONE',  ( 1.000000000000000000, 0.0000000000000000000, 0.0000000000000000000 ) ) ;
#2046 = VERTEX_POINT ( 'NONE', #7296 ) ;
#2047 = FACE_OUTER_BOUND ( 'NONE', #6495, .T. ) ;
#2048 = VERTEX_POINT ( 'NONE', #2483 ) ;
#2049 = ORIENTED_EDGE ( 'NONE', *, *, #1743, .T. ) ;
#2050 = DIRECTION ( 'NONE',  ( 0.0000000000000000000, 0.0000000000000000000, -1.000000000000000000 ) ) ;
#2051 = EDGE_CURVE ( 'NONE', #1933, #1226, #2294, .T. ) ;
#2052 = DIRECTION ( 'NONE',  ( -0.0000000000000000000, -0.0000000000000000000, -1.000000000000000000 ) ) ;
#2053 = AXIS2_PLACEMENT_3D ( 'NONE', #7039, #2881, #388 ) ;
#2054 = DIRECTION ( 'NONE',  ( -0.0000000000000000000, -0.0000000000000000000, -1.000000000000000000 ) ) ;
#2055 = LINE ( 'NONE', #866, #5862 ) ;
#2056 = LINE ( 'NONE', #3028, #3319 ) ;
#2057 = EDGE_LOOP ( 'NONE', ( #6744, #5283 ) ) ;
#2058 = CARTESIAN_POINT ( 'NONE',  ( -53.00000000000000700, -10.00000000000000000, 10.00000000000000000 ) ) ;
#2059 = ORIENTED_EDGE ( 'NONE', *, *, #7627, .T. ) ;
#2060 = PLANE ( 'NONE',  #5131 ) ;
#2061 = DIRECTION ( 'NONE',  ( -1.000000000000000000, 0.0000000000000000000, 0.0000000000000000000 ) ) ;
#2062 = DIRECTION ( 'NONE',  ( -1.000000000000000000, 0.0000000000000000000, 0.0000000000000000000 ) ) ;
#2063 = DIRECTION ( 'NONE',  ( -1.000000000000000000, 0.0000000000000000000, 0.0000000000000000000 ) ) ;
#2064 = PRESENTATION_STYLE_ASSIGNMENT (( #2444 ) ) ;
#2065 = FACE_OUTER_BOUND ( 'NONE', #6879, .T. ) ;
#2066 = EDGE_LOOP ( 'NONE', ( #1747, #4216, #1822, #6061 ) ) ;
#2067 = AXIS2_PLACEMENT_3D ( 'NONE', #4281, #2331, #6047 ) ;
#2068 = EDGE_CURVE ( 'NONE', #5858, #7764, #3836, .T. ) ;
#2069 = ORIENTED_EDGE ( 'NONE', *, *, #7716, .F. ) ;
#2070 = ADVANCED_FACE ( 'NONE', ( #7885 ), #3074, .F. ) ;
#2071 = CIRCLE ( 'NONE', #4513, 1.650000000000000400 ) ;
#2072 = DIRECTION ( 'NONE',  ( -1.000000000000000000, 0.0000000000000000000, 0.0000000000000000000 ) ) ;
#2073 = CIRCLE ( 'NONE', #2126, 5.000000000000004400 ) ;
#2074 = LINE ( 'NONE', #5085, #2756 ) ;
#2075 = ORIENTED_EDGE ( 'NONE', *, *, #779, .F. ) ;
#2076 = CARTESIAN_POINT ( 'NONE',  ( -66.00000000000000000, -23.00000000000000000, 10.00000000000000000 ) ) ;
#2077 = CARTESIAN_POINT ( 'NONE',  ( -5.000000000000018700, -30.00000000000000400, 10.00000000000000000 ) ) ;
#2078 = ORIENTED_EDGE ( 'NONE', *, *, #3899, .F. ) ;
#2079 = LINE ( 'NONE', #3793, #7283 ) ;
#2080 = EDGE_CURVE ( 'NONE', #5469, #3172, #1439, .T. ) ;
#2081 = VECTOR ( 'NONE', #7758, 1000.000000000000000 ) ;
#2082 = ORIENTED_EDGE ( 'NONE', *, *, #5582, .F. ) ;
#2083 = DIRECTION ( 'NONE',  ( -1.000000000000000000, 0.0000000000000000000, 0.0000000000000000000 ) ) ;
#2084 = CARTESIAN_POINT ( 'NONE',  ( 100.0000000000000300, -64.99999999999991500, 10.00000000000000000 ) ) ;
#2085 = DIRECTION ( 'NONE',  ( -1.000000000000000000, 0.0000000000000000000, 0.0000000000000000000 ) ) ;
#2086 = CARTESIAN_POINT ( 'NONE',  ( -79.99999999999998600, -30.00000000000000400, 5.000000000000000000 ) ) ;
#2087 = DIRECTION ( 'NONE',  ( 1.000000000000000000, 0.0000000000000000000, 0.0000000000000000000 ) ) ;
#2088 = VECTOR ( 'NONE', #2215, 1000.000000000000000 ) ;
#2089 = EDGE_LOOP ( 'NONE', ( #6597, #979, #7210, #3898 ) ) ;
#2090 = CARTESIAN_POINT ( 'NONE',  ( 0.0000000000000000000, 13.00000000000000200, 20.00000000000000000 ) ) ;
#2091 = DIRECTION ( 'NONE',  ( -1.000000000000000000, 0.0000000000000000000, 0.0000000000000000000 ) ) ;
#2092 = PRODUCT_DEFINITION ( '未知', '', #404, #5969 ) ;
#2093 = ORIENTED_EDGE ( 'NONE', *, *, #3852, .F. ) ;
#2094 = EDGE_CURVE ( 'NONE', #2831, #852, #2693, .T. ) ;
#2095 = VECTOR ( 'NONE', #3834, 1000.000000000000000 ) ;
#2096 = CYLINDRICAL_SURFACE ( 'NONE', #7858, 2.099999999999997900 ) ;
#2097 = VERTEX_POINT ( 'NONE', #5173 ) ;
#2098 = VERTEX_POINT ( 'NONE', #6408 ) ;
#2099 = CARTESIAN_POINT ( 'NONE',  ( 100.0000000000000300, 64.99999999999991500, 0.0000000000000000000 ) ) ;
#2100 = CARTESIAN_POINT ( 'NONE',  ( 58.00000000000000000, -55.00000000000000000, 6.000000000000000000 ) ) ;
#2101 = CARTESIAN_POINT ( 'NONE',  ( 75.00000000000000000, -10.00000000000000000, 0.0000000000000000000 ) ) ;
#2102 = EDGE_CURVE ( 'NONE', #4393, #186, #4485, .T. ) ;
#2103 = AXIS2_PLACEMENT_3D ( 'NONE', #2995, #6550, #3518 ) ;
#2104 = FACE_BOUND ( 'NONE', #3202, .T. ) ;
#2105 = EDGE_LOOP ( 'NONE', ( #1657, #2684, #5962, #6720 ) ) ;
#2106 = DIRECTION ( 'NONE',  ( 0.0000000000000000000, 0.0000000000000000000, -1.000000000000000000 ) ) ;
#2107 = ORIENTED_EDGE ( 'NONE', *, *, #3936, .T. ) ;
#2108 = DIRECTION ( 'NONE',  ( 0.0000000000000000000, 0.0000000000000000000, 1.000000000000000000 ) ) ;
#2109 = ADVANCED_FACE ( 'NONE', ( #5717 ), #5524, .T. ) ;
#2110 = EDGE_LOOP ( 'NONE', ( #3313, #6406 ) ) ;
#2111 = DIRECTION ( 'NONE',  ( 1.067522139062651900E-016, -1.000000000000000000, 0.0000000000000000000 ) ) ;
#2112 = FACE_OUTER_BOUND ( 'NONE', #2035, .T. ) ;
#2113 = ORIENTED_EDGE ( 'NONE', *, *, #3768, .T. ) ;
#2114 = EDGE_LOOP ( 'NONE', ( #7352, #7504 ) ) ;
#2115 = EDGE_CURVE ( 'NONE', #3116, #822, #6097, .T. ) ;
#2116 = DIRECTION ( 'NONE',  ( -1.000000000000000000, 0.0000000000000000000, 0.0000000000000000000 ) ) ;
#2117 = DIRECTION ( 'NONE',  ( -0.0000000000000000000, -0.0000000000000000000, -1.000000000000000000 ) ) ;
#2118 = CARTESIAN_POINT ( 'NONE',  ( 70.00000000000000000, -14.49999999999999800, 6.000000000000000000 ) ) ;
#2119 = VERTEX_POINT ( 'NONE', #4582 ) ;
#2120 = ORIENTED_EDGE ( 'NONE', *, *, #6891, .T. ) ;
#2121 = CARTESIAN_POINT ( 'NONE',  ( 75.00000000000004300, -49.99999999999999300, 5.000000000000000000 ) ) ;
#2122 = APPLICATION_PROTOCOL_DEFINITION ( 'draft international standard', 'automotive_design', 1998, #3317 ) ;
#2123 = CIRCLE ( 'NONE', #2803, 4.000000000000003600 ) ;
#2124 = DIRECTION ( 'NONE',  ( 1.000000000000000000, 0.0000000000000000000, 0.0000000000000000000 ) ) ;
#2125 = EDGE_CURVE ( 'NONE', #7666, #1394, #4398, .T. ) ;
#2126 = AXIS2_PLACEMENT_3D ( 'NONE', #5806, #2808, #4546 ) ;
#2127 = CIRCLE ( 'NONE', #1664, 6.000000000000000900 ) ;
#2128 = DIRECTION ( 'NONE',  ( 0.0000000000000000000, -1.000000000000000000, -0.0000000000000000000 ) ) ;
#2129 = DIRECTION ( 'NONE',  ( 1.000000000000000000, 1.239088197126291600E-016, -0.0000000000000000000 ) ) ;
#2130 = CLOSED_SHELL ( 'NONE', ( #2722, #7826, #338, #6746, #178, #1013, #6201, #656, #7188, #475, #2834, #1205, #3663, #6220, #5339, #7733, #5618, #6259, #6683, #7747, #3779, #3719, #5538, #4318, #5288 ) ) ;
#2131 = ORIENTED_EDGE ( 'NONE', *, *, #6676, .T. ) ;
#2132 = DIRECTION ( 'NONE',  ( 0.0000000000000000000, 0.0000000000000000000, -1.000000000000000000 ) ) ;
#2133 = DIRECTION ( 'NONE',  ( -0.0000000000000000000, -0.0000000000000000000, 1.000000000000000000 ) ) ;
#2134 = EDGE_LOOP ( 'NONE', ( #4058, #545, #1762, #571 ) ) ;
#2135 = CARTESIAN_POINT ( 'NONE',  ( 66.00000000000000000, -14.49999999999999800, 6.000000000000000000 ) ) ;
#2136 = AXIS2_PLACEMENT_3D ( 'NONE', #1402, #6279, #6878 ) ;
#2137 = ORIENTED_EDGE ( 'NONE', *, *, #1373, .F. ) ;
#2138 = CARTESIAN_POINT ( 'NONE',  ( 5.000000000000001800, 54.99999999999999300, 0.0000000000000000000 ) ) ;
#2139 = CARTESIAN_POINT ( 'NONE',  ( -62.00000000000000000, -23.00000000000000000, 6.000000000000000000 ) ) ;
#2140 = PRODUCT_DEFINITION ( '未知', '', #5399, #5845 ) ;
#2141 = EDGE_CURVE ( 'NONE', #4043, #6632, #5908, .T. ) ;
#2142 = CARTESIAN_POINT ( 'NONE',  ( 55.90000000000000600, -55.00000000000000000, 6.000000000000000000 ) ) ;
#2143 = DIRECTION ( 'NONE',  ( 0.0000000000000000000, -0.0000000000000000000, 1.000000000000000000 ) ) ;
#2144 = VECTOR ( 'NONE', #3981, 1000.000000000000000 ) ;
#2145 = ORIENTED_EDGE ( 'NONE', *, *, #3300, .T. ) ;
#2146 = ORIENTED_EDGE ( 'NONE', *, *, #4972, .F. ) ;
#2147 = DIRECTION ( 'NONE',  ( 0.0000000000000000000, 0.0000000000000000000, 1.000000000000000000 ) ) ;
#2148 = ADVANCED_FACE ( 'NONE', ( #5824 ), #1146, .F. ) ;
#2149 = EDGE_CURVE ( 'NONE', #1115, #1864, #2990, .T. ) ;
#2150 = EDGE_LOOP ( 'NONE', ( #7731, #5136, #4635, #5453 ) ) ;
#2151 = LINE ( 'NONE', #5752, #6598 ) ;
#2152 = LINE ( 'NONE', #730, #3216 ) ;
#2153 = ORIENTED_EDGE ( 'NONE', *, *, #7378, .F. ) ;
#2154 = VERTEX_POINT ( 'NONE', #5726 ) ;
#2155 = DIRECTION ( 'NONE',  ( -0.0000000000000000000, -0.0000000000000000000, 1.000000000000000000 ) ) ;
#2156 = DIRECTION ( 'NONE',  ( 0.0000000000000000000, 0.0000000000000000000, -1.000000000000000000 ) ) ;
#2157 = DIRECTION ( 'NONE',  ( -0.0000000000000000000, 0.0000000000000000000, 1.000000000000000000 ) ) ;
#2158 = CARTESIAN_POINT ( 'NONE',  ( 70.00000000000002800, -74.99999999999998600, 10.00000000000000000 ) ) ;
#2159 = CIRCLE ( 'NONE', #3647, 14.99999999999999800 ) ;
#2160 = VERTEX_POINT ( 'NONE', #6933 ) ;
#2161 = FACE_BOUND ( 'NONE', #2114, .T. ) ;
#2162 = VERTEX_POINT ( 'NONE', #2767 ) ;
#2163 = EDGE_CURVE ( 'NONE', #2708, #2880, #4019, .T. ) ;
#2164 = AXIS2_PLACEMENT_3D ( 'NONE', #3197, #4961, #7406 ) ;
#2165 = DIRECTION ( 'NONE',  ( 1.000000000000000000, 0.0000000000000000000, 0.0000000000000000000 ) ) ;
#2166 = DIRECTION ( 'NONE',  ( 1.000000000000000000, 0.0000000000000000000, 0.0000000000000000000 ) ) ;
#2167 = DIRECTION ( 'NONE',  ( -0.0000000000000000000, -0.0000000000000000000, 1.000000000000000000 ) ) ;
#2168 = CARTESIAN_POINT ( 'NONE',  ( 67.90000000000000600, -14.49999999999999800, 0.0000000000000000000 ) ) ;
#2169 = CIRCLE ( 'NONE', #2727, 3.999999999999996400 ) ;
#2170 = CARTESIAN_POINT ( 'NONE',  ( 58.00000000000000000, -55.00000000000000000, 6.000000000000000000 ) ) ;
#2171 = ORIENTED_EDGE ( 'NONE', *, *, #2163, .T. ) ;
#2172 = DIRECTION ( 'NONE',  ( 0.0000000000000000000, 0.0000000000000000000, -1.000000000000000000 ) ) ;
#2173 = AXIS2_PLACEMENT_3D ( 'NONE', #5042, #5090, #6312 ) ;
#2174 = FACE_OUTER_BOUND ( 'NONE', #4942, .T. ) ;
#2175 = EDGE_CURVE ( 'NONE', #3517, #2448, #955, .T. ) ;
#2176 = AXIS2_PLACEMENT_3D ( 'NONE', #5545, #1261, #1851 ) ;
#2177 = LINE ( 'NONE', #7326, #5217 ) ;
#2178 = ORIENTED_EDGE ( 'NONE', *, *, #7537, .F. ) ;
#2179 = DIRECTION ( 'NONE',  ( 0.0000000000000000000, 0.0000000000000000000, 1.000000000000000000 ) ) ;
#2180 = ORIENTED_EDGE ( 'NONE', *, *, #2476, .T. ) ;
#2181 = ITEM_DEFINED_TRANSFORMATION ( 'NONE', 'NONE', #4435,  #7414 ) ;
#2182 = CARTESIAN_POINT ( 'NONE',  ( -40.09401076758509000, 4.910100195150259700E-015, 57.99999999999997900 ) ) ;
#2183 = DIRECTION ( 'NONE',  ( -0.0000000000000000000, -0.0000000000000000000, -1.000000000000000000 ) ) ;
#2184 = FACE_OUTER_BOUND ( 'NONE', #801, .T. ) ;
#2185 = CARTESIAN_POINT ( 'NONE',  ( 58.00000000000000000, -55.00000000000000000, 0.0000000000000000000 ) ) ;
#2186 = LINE ( 'NONE', #5603, #1987 ) ;
#2187 = VERTEX_POINT ( 'NONE', #2139 ) ;
#2188 = AXIS2_PLACEMENT_3D ( 'NONE', #482, #3432, #5956 ) ;
#2189 = DIRECTION ( 'NONE',  ( -1.000000000000000000, 0.0000000000000000000, 0.0000000000000000000 ) ) ;
#2190 = EDGE_CURVE ( 'NONE', #4436, #30, #4665, .T. ) ;
#2191 = CIRCLE ( 'NONE', #3550, 1.650000000000000100 ) ;
#2192 = ADVANCED_FACE ( 'NONE', ( #3542 ), #4959, .F. ) ;
#2193 = CIRCLE ( 'NONE', #5041, 2.000000000000001800 ) ;
#2194 = FACE_OUTER_BOUND ( 'NONE', #3668, .T. ) ;
#2195 = CARTESIAN_POINT ( 'NONE',  ( 100.0000000000000300, 64.99999999999991500, 10.00000000000000000 ) ) ;
#2196 = DIRECTION ( 'NONE',  ( -0.0000000000000000000, -0.0000000000000000000, -1.000000000000000000 ) ) ;
#2197 = ORIENTED_EDGE ( 'NONE', *, *, #1352, .F. ) ;
#2198 = CARTESIAN_POINT ( 'NONE',  ( 49.00000000000000000, -42.00000000000000000, 6.000000000000000000 ) ) ;
#2199 = CARTESIAN_POINT ( 'NONE',  ( -53.00000000000000700, -10.00000000000000000, 0.0000000000000000000 ) ) ;
#2200 = CYLINDRICAL_SURFACE ( 'NONE', #2857, 1.650000000000000100 ) ;
#2201 = EDGE_CURVE ( 'NONE', #3553, #3808, #7677, .T. ) ;
#2202 = DIRECTION ( 'NONE',  ( -0.0000000000000000000, -0.0000000000000000000, -1.000000000000000000 ) ) ;
#2203 = VECTOR ( 'NONE', #2124, 1000.000000000000000 ) ;
#2204 = ORIENTED_EDGE ( 'NONE', *, *, #678, .F. ) ;
#2205 = DIRECTION ( 'NONE',  ( -1.000000000000000000, 0.0000000000000000000, 0.0000000000000000000 ) ) ;
#2206 = VERTEX_POINT ( 'NONE', #2086 ) ;
#2207 = CARTESIAN_POINT ( 'NONE',  ( -90.00000000000000000, -45.00000000000000000, 10.00000000000000000 ) ) ;
#2208 = CARTESIAN_POINT ( 'NONE',  ( 41.00000000000000700, -42.00000000000000000, 6.000000000000000000 ) ) ;
#2209 = VERTEX_POINT ( 'NONE', #7590 ) ;
#2210 = CARTESIAN_POINT ( 'NONE',  ( 79.99999999999995700, 35.00000000000000000, 0.0000000000000000000 ) ) ;
#2211 = EDGE_CURVE ( 'NONE', #2708, #5484, #3267, .T. ) ;
#2212 = CARTESIAN_POINT ( 'NONE',  ( 45.00000000000000000, -5.000000000000000000, 10.00000000000000000 ) ) ;
#2213 = ORIENTED_EDGE ( 'NONE', *, *, #5911, .F. ) ;
#2214 = EDGE_LOOP ( 'NONE', ( #6092, #232 ) ) ;
#2215 = DIRECTION ( 'NONE',  ( -0.0000000000000000000, -0.0000000000000000000, -1.000000000000000000 ) ) ;
#2216 = CARTESIAN_POINT ( 'NONE',  ( -99.99999999999998600, 9.999999999999998200, 0.0000000000000000000 ) ) ;
#2217 = CARTESIAN_POINT ( 'NONE',  ( -13.00000000000000200, 0.0000000000000000000, 18.00000000000000400 ) ) ;
#2218 = VECTOR ( 'NONE', #6389, 1000.000000000000000 ) ;
#2219 = EDGE_CURVE ( 'NONE', #3217, #852, #5050, .T. ) ;
#2220 = AXIS2_PLACEMENT_3D ( 'NONE', #6251, #6799, #664 ) ;
#2221 = CARTESIAN_POINT ( 'NONE',  ( 1.650000000000000100, 13.00000000000000200, 10.00000000000000000 ) ) ;
#2222 = VERTEX_POINT ( 'NONE', #5834 ) ;
#2223 = ORIENTED_EDGE ( 'NONE', *, *, #7846, .F. ) ;
#2224 = DIRECTION ( 'NONE',  ( -0.0000000000000000000, -0.0000000000000000000, -1.000000000000000000 ) ) ;
#2225 = CARTESIAN_POINT ( 'NONE',  ( 50.00000000000000000, -0.5000000000000002200, 6.000000000000000000 ) ) ;
#2226 = UNCERTAINTY_MEASURE_WITH_UNIT (LENGTH_MEASURE( 1.000000000000000100E-005 ), #6653, 'distance_accuracy_value', 'NONE');
#2227 = ADVANCED_FACE ( 'NONE', ( #2589, #4475 ), #5348, .T. ) ;
#2228 = ORIENTED_EDGE ( 'NONE', *, *, #2960, .F. ) ;
#2229 = EDGE_LOOP ( 'NONE', ( #3286, #6171, #1636, #394 ) ) ;
#2230 = AXIS2_PLACEMENT_3D ( 'NONE', #292, #3980, #4503 ) ;
#2231 = CARTESIAN_POINT ( 'NONE',  ( -45.00000000000000700, 68.00000000000000000, 0.0000000000000000000 ) ) ;
#2232 = CARTESIAN_POINT ( 'NONE',  ( 45.00000000000000000, -10.00000000000000000, 10.00000000000000000 ) ) ;
#2233 = EDGE_LOOP ( 'NONE', ( #5386, #7043 ) ) ;
#2234 = ORIENTED_EDGE ( 'NONE', *, *, #513, .T. ) ;
#2235 = DIRECTION ( 'NONE',  ( -0.0000000000000000000, -0.0000000000000000000, -1.000000000000000000 ) ) ;
#2236 = CARTESIAN_POINT ( 'NONE',  ( 0.0000000000000000000, 13.00000000000000200, 18.00000000000000400 ) ) ;
#2237 = AXIS2_PLACEMENT_3D ( 'NONE', #5710, #3940, #3887 ) ;
#2238 = DIRECTION ( 'NONE',  ( -1.000000000000000000, 0.0000000000000000000, 0.0000000000000000000 ) ) ;
#2239 = DIRECTION ( 'NONE',  ( -0.0000000000000000000, -0.0000000000000000000, 1.000000000000000000 ) ) ;
#2240 = VERTEX_POINT ( 'NONE', #1002 ) ;
#2241 =( GEOMETRIC_REPRESENTATION_CONTEXT ( 3 ) GLOBAL_UNCERTAINTY_ASSIGNED_CONTEXT ( ( #3993 ) ) GLOBAL_UNIT_ASSIGNED_CONTEXT ( ( #3, #6056, #6004 ) ) REPRESENTATION_CONTEXT ( 'NONE', 'WORKASPACE' ) );
#2242 = DIRECTION ( 'NONE',  ( 0.0000000000000000000, -0.0000000000000000000, 1.000000000000000000 ) ) ;
#2243 = EDGE_LOOP ( 'NONE', ( #32, #1213, #425, #4053 ) ) ;
#2244 = EDGE_CURVE ( 'NONE', #1927, #1365, #1429, .T. ) ;
#2245 = CARTESIAN_POINT ( 'NONE',  ( 14.99999999999999300, 10.00000000000000000, 31.00000000000000000 ) ) ;
#2246 = LINE ( 'NONE', #7753, #7165 ) ;
#2247 = CYLINDRICAL_SURFACE ( 'NONE', #4958, 8.000000000000000000 ) ;
#2248 = ORIENTED_EDGE ( 'NONE', *, *, #6513, .F. ) ;
#2249 = VERTEX_POINT ( 'NONE', #1622 ) ;
#2250 = CARTESIAN_POINT ( 'NONE',  ( 45.00000000000000700, -68.00000000000000000, 10.00000000000000000 ) ) ;
#2251 = EDGE_CURVE ( 'NONE', #4127, #4517, #7595, .T. ) ;
#2252 = AXIS2_PLACEMENT_3D ( 'NONE', #3500, #1052, #3579 ) ;
#2253 = CARTESIAN_POINT ( 'NONE',  ( -45.00000000000000700, 68.00000000000000000, 0.0000000000000000000 ) ) ;
#2254 = FACE_BOUND ( 'NONE', #7221, .T. ) ;
#2255 = ORIENTED_EDGE ( 'NONE', *, *, #6377, .F. ) ;
#2256 = DIRECTION ( 'NONE',  ( -0.0000000000000000000, -0.0000000000000000000, 1.000000000000000000 ) ) ;
#2257 = ORIENTED_EDGE ( 'NONE', *, *, #3077, .T. ) ;
#2258 = CARTESIAN_POINT ( 'NONE',  ( -14.99999999999999600, 10.00000000000000000, 16.00000000000000000 ) ) ;
#2259 = CYLINDRICAL_SURFACE ( 'NONE', #4115, 4.000000000000003600 ) ;
#2260 = FACE_BOUND ( 'NONE', #2214, .T. ) ;
#2261 = FACE_OUTER_BOUND ( 'NONE', #1561, .T. ) ;
#2262 = ORIENTED_EDGE ( 'NONE', *, *, #5786, .T. ) ;
#2263 = CARTESIAN_POINT ( 'NONE',  ( 44.99999999999998600, -9.999999999999994700, 10.00000000000000000 ) ) ;
#2264 = EDGE_CURVE ( 'NONE', #2831, #6358, #283, .T. ) ;
#2265 = ADVANCED_FACE ( 'NONE', ( #5240 ), #5997, .F. ) ;
#2266 = AXIS2_PLACEMENT_3D ( 'NONE', #2900, #459, #1140 ) ;
#2267 = ORIENTED_EDGE ( 'NONE', *, *, #2175, .F. ) ;
#2268 = CARTESIAN_POINT ( 'NONE',  ( -67.65000000000000600, 3.000000000000000900, 0.0000000000000000000 ) ) ;
#2269 = CARTESIAN_POINT ( 'NONE',  ( -5.000000000000003600, 15.00000000000000000, 10.00000000000000000 ) ) ;
#2270 = CARTESIAN_POINT ( 'NONE',  ( -1.650000000000000100, -13.00000000000000200, 10.00000000000000000 ) ) ;
#2271 = CYLINDRICAL_SURFACE ( 'NONE', #1912, 1.650000000000000400 ) ;
#2272 = LINE ( 'NONE', #7518, #1216 ) ;
#2273 = ORIENTED_EDGE ( 'NONE', *, *, #7263, .T. ) ;
#2274 = CARTESIAN_POINT ( 'NONE',  ( 70.00000000000002800, -50.00000000000002800, 5.000000000000000000 ) ) ;
#2275 = AXIS2_PLACEMENT_3D ( 'NONE', #7232, #7819, #2450 ) ;
#2276 = EDGE_CURVE ( 'NONE', #6063, #5120, #6851, .T. ) ;
#2277 = LINE ( 'NONE', #4159, #659 ) ;
#2278 = DIRECTION ( 'NONE',  ( 0.0000000000000000000, 0.0000000000000000000, 1.000000000000000000 ) ) ;
#2279 = CYLINDRICAL_SURFACE ( 'NONE', #5810, 5.000000000000004400 ) ;
#2280 = ORIENTED_EDGE ( 'NONE', *, *, #4956, .F. ) ;
#2281 = DIRECTION ( 'NONE',  ( -0.0000000000000000000, -0.0000000000000000000, 1.000000000000000000 ) ) ;
#2282 = DIRECTION ( 'NONE',  ( 1.000000000000000000, 0.0000000000000000000, 0.0000000000000000000 ) ) ;
#2283 = SURFACE_STYLE_FILL_AREA ( #4830 ) ;
#2284 = CIRCLE ( 'NONE', #5999, 8.000000000000000000 ) ;
#2285 = ORIENTED_EDGE ( 'NONE', *, *, #3413, .T. ) ;
#2286 = AXIS2_PLACEMENT_3D ( 'NONE', #5986, #3662, #4222 ) ;
#2287 = CARTESIAN_POINT ( 'NONE',  ( 5.000000000000001800, 54.99999999999999300, 5.000000000000000000 ) ) ;
#2288 = VERTEX_POINT ( 'NONE', #372 ) ;
#2289 = SHAPE_REPRESENTATION ( 'YH0701005_柱孔', ( #7414 ), #4188 ) ;
#2290 = DIRECTION ( 'NONE',  ( -0.0000000000000000000, -0.0000000000000000000, 1.000000000000000000 ) ) ;
#2291 = DIRECTION ( 'NONE',  ( 0.0000000000000000000, 0.0000000000000000000, -1.000000000000000000 ) ) ;
#2292 = ORIENTED_EDGE ( 'NONE', *, *, #6577, .F. ) ;
#2293 = CARTESIAN_POINT ( 'NONE',  ( -29.90000000000000600, 55.00000000000000000, 0.0000000000000000000 ) ) ;
#2294 = CIRCLE ( 'NONE', #1520, 10.00000000000000900 ) ;
#2295 = CARTESIAN_POINT ( 'NONE',  ( -6.000000000000000900, 7.347880794884120700E-016, 30.00000000000000400 ) ) ;
#2296 = EDGE_LOOP ( 'NONE', ( #1074, #4989, #2697, #2779 ) ) ;
#2297 = ORIENTED_EDGE ( 'NONE', *, *, #7062, .F. ) ;
#2298 = EDGE_CURVE ( 'NONE', #4262, #1430, #1723, .T. ) ;
#2299 = AXIS2_PLACEMENT_3D ( 'NONE', #3222, #2002, #177 ) ;
#2300 = CYLINDRICAL_SURFACE ( 'NONE', #285, 1.650000000000000100 ) ;
#2301 = EDGE_LOOP ( 'NONE', ( #3634, #2014 ) ) ;
#2302 = DIRECTION ( 'NONE',  ( 0.0000000000000000000, 0.0000000000000000000, 1.000000000000000000 ) ) ;
#2303 = ORIENTED_EDGE ( 'NONE', *, *, #4033, .F. ) ;
#2304 = DIRECTION ( 'NONE',  ( 0.0000000000000000000, 0.0000000000000000000, 1.000000000000000000 ) ) ;
#2305 = ADVANCED_FACE ( 'NONE', ( #6287, #773, #3358, #4574, #3067, #3731, #2389, #7206, #89, #1611, #6089, #7020, #4854, #5620, #5435, #6755, #179, #3450, #7778, #2104, #4206, #6381, #6555 ), #5244, .T. ) ;
#2306 = DIRECTION ( 'NONE',  ( -1.000000000000000000, -9.251858538542975300E-017, -0.0000000000000000000 ) ) ;
#2307 = DIRECTION ( 'NONE',  ( -1.000000000000000000, 0.0000000000000000000, 0.0000000000000000000 ) ) ;
#2308 = DIRECTION ( 'NONE',  ( -1.000000000000000000, 0.0000000000000000000, 0.0000000000000000000 ) ) ;
#2309 = CARTESIAN_POINT ( 'NONE',  ( -77.35000000000000900, -10.00000000000000000, 10.00000000000000000 ) ) ;
#2310 = ORIENTED_EDGE ( 'NONE', *, *, #4533, .T. ) ;
#2311 = VERTEX_POINT ( 'NONE', #4055 ) ;
#2312 = EDGE_CURVE ( 'NONE', #3335, #6209, #483, .T. ) ;
#2313 = AXIS2_PLACEMENT_3D ( 'NONE', #1741, #5564, #3589 ) ;
#2314 = ADVANCED_FACE ( 'NONE', ( #1906, #1136 ), #7710, .T. ) ;
#2315 = DIRECTION ( 'NONE',  ( -1.000000000000000000, 0.0000000000000000000, 0.0000000000000000000 ) ) ;
#2316 = VECTOR ( 'NONE', #1383, 1000.000000000000000 ) ;
#2317 = CARTESIAN_POINT ( 'NONE',  ( -11.35000000000000100, 2.020667218593134000E-016, 20.00000000000000000 ) ) ;
#2318 = ORIENTED_EDGE ( 'NONE', *, *, #3676, .F. ) ;
#2319 = CARTESIAN_POINT ( 'NONE',  ( 52.10000000000000100, -14.49999999999999800, 6.000000000000000000 ) ) ;
#2320 = ORIENTED_EDGE ( 'NONE', *, *, #3709, .F. ) ;
#2321 = CARTESIAN_POINT ( 'NONE',  ( -1.650000000000000100, 13.00000000000000200, 20.00000000000000000 ) ) ;
#2322 = CARTESIAN_POINT ( 'NONE',  ( -5.999999999999998200, 5.999999999999996400, 16.00000000000000000 ) ) ;
#2323 = AXIS2_PLACEMENT_3D ( 'NONE', #184, #2661, #2714 ) ;
#2324 = EDGE_CURVE ( 'NONE', #2608, #6845, #3826, .T. ) ;
#2325 = ADVANCED_BREP_SHAPE_REPRESENTATION ( '', ( #5157, #7414 ), #1158 ) ;
#2326 = CARTESIAN_POINT ( 'NONE',  ( 0.0000000000000000000, 13.00000000000000200, 18.00000000000000400 ) ) ;
#2327 = ORIENTED_EDGE ( 'NONE', *, *, #7402, .T. ) ;
#2328 = ORIENTED_EDGE ( 'NONE', *, *, #442, .F. ) ;
#2329 = CARTESIAN_POINT ( 'NONE',  ( 0.0000000000000000000, 0.0000000000000000000, 0.0000000000000000000 ) ) ;
#2330 = CARTESIAN_POINT ( 'NONE',  ( 14.00000000000000000, 1.714505518806294600E-015, 50.00000000000000000 ) ) ;
#2331 = DIRECTION ( 'NONE',  ( 0.0000000000000000000, 0.0000000000000000000, 1.000000000000000000 ) ) ;
#2332 = ORIENTED_EDGE ( 'NONE', *, *, #4922, .F. ) ;
#2333 = DIRECTION ( 'NONE',  ( 0.0000000000000000000, 0.0000000000000000000, 1.000000000000000000 ) ) ;
#2334 = EDGE_LOOP ( 'NONE', ( #290, #3984 ) ) ;
#2335 = AXIS2_PLACEMENT_3D ( 'NONE', #3643, #2355, #3590 ) ;
#2336 = ORIENTED_EDGE ( 'NONE', *, *, #7470, .T. ) ;
#2337 = DIRECTION ( 'NONE',  ( -1.000000000000000000, 0.0000000000000000000, 0.0000000000000000000 ) ) ;
#2338 = DIRECTION ( 'NONE',  ( 0.0000000000000000000, 0.0000000000000000000, 1.000000000000000000 ) ) ;
#2339 = ORIENTED_EDGE ( 'NONE', *, *, #428, .T. ) ;
#2340 = CARTESIAN_POINT ( 'NONE',  ( 58.00000000000000000, -55.00000000000000000, 6.000000000000000000 ) ) ;
#2341 = CIRCLE ( 'NONE', #4112, 1.999999999999994900 ) ;
#2342 = EDGE_LOOP ( 'NONE', ( #6344, #5613, #1633, #4420 ) ) ;
#2343 = ORIENTED_EDGE ( 'NONE', *, *, #1319, .F. ) ;
#2344 = DIRECTION ( 'NONE',  ( 0.0000000000000000000, 0.0000000000000000000, -1.000000000000000000 ) ) ;
#2345 = CARTESIAN_POINT ( 'NONE',  ( -79.99999999999998600, -35.00000000000000000, 0.0000000000000000000 ) ) ;
#2346 = DIRECTION ( 'NONE',  ( -0.0000000000000000000, -0.0000000000000000000, -1.000000000000000000 ) ) ;
#2347 = CARTESIAN_POINT ( 'NONE',  ( -99.99999999999998600, 64.99999999999991500, 10.00000000000000000 ) ) ;
#2348 = EDGE_CURVE ( 'NONE', #6562, #4050, #4766, .T. ) ;
#2349 = LINE ( 'NONE', #1695, #627 ) ;
#2350 = CYLINDRICAL_SURFACE ( 'NONE', #358, 10.00000000000000900 ) ;
#2351 = ORIENTED_EDGE ( 'NONE', *, *, #3124, .T. ) ;
#2352 = FACE_OUTER_BOUND ( 'NONE', #2334, .T. ) ;
#2353 = ORIENTED_EDGE ( 'NONE', *, *, #2987, .T. ) ;
#2354 = CARTESIAN_POINT ( 'NONE',  ( 54.00000000000000700, -14.49999999999999800, 6.000000000000000000 ) ) ;
#2355 = DIRECTION ( 'NONE',  ( 0.0000000000000000000, 0.0000000000000000000, 1.000000000000000000 ) ) ;
#2356 = DIRECTION ( 'NONE',  ( -0.0000000000000000000, -0.0000000000000000000, 1.000000000000000000 ) ) ;
#2357 = ADVANCED_FACE ( 'NONE', ( #378 ), #2200, .F. ) ;
#2358 = CARTESIAN_POINT ( 'NONE',  ( -5.000000000000004400, 15.00000000000000000, 4.000000000000000000 ) ) ;
#2359 = LINE ( 'NONE', #5928, #7277 ) ;
#2360 = SHAPE_REPRESENTATION ( 'YH0700000_光笔样件', ( #1679, #4136, #2500, #4435, #31, #452 ), #6602 ) ;
#2361 = VECTOR ( 'NONE', #7559, 1000.000000000000000 ) ;
#2362 = ORIENTED_EDGE ( 'NONE', *, *, #4525, .F. ) ;
#2363 = EDGE_CURVE ( 'NONE', #5960, #1727, #7404, .T. ) ;
#2364 = AXIS2_PLACEMENT_3D ( 'NONE', #7273, #6103, #6187 ) ;
#2365 = DIRECTION ( 'NONE',  ( -0.0000000000000000000, -0.0000000000000000000, -1.000000000000000000 ) ) ;
#2366 = CARTESIAN_POINT ( 'NONE',  ( -79.00000000000000000, -10.00000000000000000, 10.00000000000000000 ) ) ;
#2367 = VECTOR ( 'NONE', #3132, 1000.000000000000100 ) ;
#2368 = PLANE ( 'NONE',  #6596 ) ;
#2369 = CIRCLE ( 'NONE', #6516, 10.00000000000000900 ) ;
#2370 = ORIENTED_EDGE ( 'NONE', *, *, #7344, .F. ) ;
#2371 = ORIENTED_EDGE ( 'NONE', *, *, #5557, .F. ) ;
#2372 = CARTESIAN_POINT ( 'NONE',  ( 0.0000000000000000000, 0.0000000000000000000, 0.0000000000000000000 ) ) ;
#2373 = LINE ( 'NONE', #6482, #164 ) ;
#2374 = DIRECTION ( 'NONE',  ( -1.000000000000000000, 0.0000000000000000000, 0.0000000000000000000 ) ) ;
#2375 = EDGE_CURVE ( 'NONE', #2040, #3401, #3170, .T. ) ;
#2376 = CIRCLE ( 'NONE', #1156, 3.999999999999996400 ) ;
#2377 = EDGE_LOOP ( 'NONE', ( #6858, #885 ) ) ;
#2378 = CARTESIAN_POINT ( 'NONE',  ( -14.99999999999999600, 2.500000000000000900, 10.00000000000000000 ) ) ;
#2379 = CARTESIAN_POINT ( 'NONE',  ( -89.99999999999991500, -75.00000000000000000, 10.00000000000000000 ) ) ;
#2380 = DIRECTION ( 'NONE',  ( -1.000000000000000000, 0.0000000000000000000, 0.0000000000000000000 ) ) ;
#2381 = CIRCLE ( 'NONE', #5832, 9.999999999999994700 ) ;
#2382 = CARTESIAN_POINT ( 'NONE',  ( 66.00000000000000000, -14.49999999999999800, 6.000000000000000000 ) ) ;
#2383 = VECTOR ( 'NONE', #67, 1000.000000000000000 ) ;
#2384 = FACE_OUTER_BOUND ( 'NONE', #824, .T. ) ;
#2385 = CARTESIAN_POINT ( 'NONE',  ( -66.00000000000000000, -23.00000000000000000, 6.000000000000000000 ) ) ;
#2386 = EDGE_LOOP ( 'NONE', ( #2614, #5235, #5826, #1190 ) ) ;
#2387 = DIRECTION ( 'NONE',  ( -1.000000000000000000, 0.0000000000000000000, 0.0000000000000000000 ) ) ;
#2388 = CARTESIAN_POINT ( 'NONE',  ( 45.00000000000000000, -10.00000000000000000, 0.0000000000000000000 ) ) ;
#2389 = FACE_BOUND ( 'NONE', #5738, .T. ) ;
#2390 = DIRECTION ( 'NONE',  ( -0.0000000000000000000, -0.0000000000000000000, 1.000000000000000000 ) ) ;
#2391 = LINE ( 'NONE', #6322, #2203 ) ;
#2392 = ORIENTED_EDGE ( 'NONE', *, *, #2375, .T. ) ;
#2393 = ADVANCED_FACE ( 'NONE', ( #2003 ), #1760, .T. ) ;
#2394 = DIRECTION ( 'NONE',  ( 1.000000000000000000, 0.0000000000000000000, 0.0000000000000000000 ) ) ;
#2395 =( GEOMETRIC_REPRESENTATION_CONTEXT ( 3 ) GLOBAL_UNCERTAINTY_ASSIGNED_CONTEXT ( ( #3749 ) ) GLOBAL_UNIT_ASSIGNED_CONTEXT ( ( #4892, #4808, #1239 ) ) REPRESENTATION_CONTEXT ( 'NONE', 'WORKASPACE' ) );
#2396 = EDGE_CURVE ( 'NONE', #2856, #322, #3723, .T. ) ;
#2397 = ORIENTED_EDGE ( 'NONE', *, *, #3427, .T. ) ;
#2398 = DIRECTION ( 'NONE',  ( 0.0000000000000000000, 0.0000000000000000000, 1.000000000000000000 ) ) ;
#2399 = CARTESIAN_POINT ( 'NONE',  ( -58.00000000000000000, -10.00000000000000000, 10.00000000000000000 ) ) ;
#2400 = ORIENTED_EDGE ( 'NONE', *, *, #1036, .F. ) ;
#2401 = ORIENTED_EDGE ( 'NONE', *, *, #7877, .T. ) ;
#2402 = CARTESIAN_POINT ( 'NONE',  ( 0.0000000000000000000, 13.00000000000000200, 20.00000000000000000 ) ) ;
#2403 = CARTESIAN_POINT ( 'NONE',  ( 0.0000000000000000000, 0.0000000000000000000, 15.00000000000000400 ) ) ;
#2404 = EDGE_CURVE ( 'NONE', #2311, #6758, #79, .T. ) ;
#2405 = DIRECTION ( 'NONE',  ( -1.000000000000000000, 0.0000000000000000000, 0.0000000000000000000 ) ) ;
#2406 = AXIS2_PLACEMENT_3D ( 'NONE', #7335, #6051, #4886 ) ;
#2407 = CARTESIAN_POINT ( 'NONE',  ( -53.00000000000000700, -10.00000000000000000, 6.000000000000000000 ) ) ;
#2408 = VECTOR ( 'NONE', #103, 1000.000000000000000 ) ;
#2409 = PRODUCT_DEFINITION_SHAPE ( 'NONE', 'NONE',  #2140 ) ;
#2410 = VERTEX_POINT ( 'NONE', #5434 ) ;
#2411 = DIRECTION ( 'NONE',  ( 1.000000000000000000, 0.0000000000000000000, 0.0000000000000000000 ) ) ;
#2412 = DIRECTION ( 'NONE',  ( 1.000000000000000000, 0.0000000000000000000, 0.0000000000000000000 ) ) ;
#2413 = CARTESIAN_POINT ( 'NONE',  ( 0.0000000000000000000, 0.0000000000000000000, 0.0000000000000000000 ) ) ;
#2414 = EDGE_CURVE ( 'NONE', #2856, #4679, #2193, .T. ) ;
#2415 = AXIS2_PLACEMENT_3D ( 'NONE', #5753, #296, #2143 ) ;
#2416 = EDGE_LOOP ( 'NONE', ( #6603, #925 ) ) ;
#2417 = SURFACE_SIDE_STYLE ('',( #350 ) ) ;
#2418 = CARTESIAN_POINT ( 'NONE',  ( -49.00000000000000000, -10.00000000000000000, 0.0000000000000000000 ) ) ;
#2419 = CARTESIAN_POINT ( 'NONE',  ( -79.99999999999998600, -55.00000000000000000, 0.0000000000000000000 ) ) ;
#2420 = DIRECTION ( 'NONE',  ( 0.0000000000000000000, 0.0000000000000000000, -1.000000000000000000 ) ) ;
#2421 = FACE_OUTER_BOUND ( 'NONE', #2377, .T. ) ;
#2422 = EDGE_LOOP ( 'NONE', ( #2748, #2904, #4342, #7526 ) ) ;
#2423 = DIRECTION ( 'NONE',  ( -1.000000000000000000, 0.0000000000000000000, 0.0000000000000000000 ) ) ;
#2424 = ORIENTED_EDGE ( 'NONE', *, *, #129, .F. ) ;
#2425 = AXIS2_PLACEMENT_3D ( 'NONE', #5356, #7079, #2878 ) ;
#2426 = EDGE_CURVE ( 'NONE', #6299, #669, #1900, .T. ) ;
#2427 = AXIS2_PLACEMENT_3D ( 'NONE', #1839, #2508, #6751 ) ;
#2428 = DIRECTION ( 'NONE',  ( -0.0000000000000000000, -0.0000000000000000000, -1.000000000000000000 ) ) ;
#2429 = CARTESIAN_POINT ( 'NONE',  ( 37.00000000000000700, -55.00000000000000000, 0.0000000000000000000 ) ) ;
#2430 = ORIENTED_EDGE ( 'NONE', *, *, #7218, .F. ) ;
#2431 = ADVANCED_FACE ( 'NONE', ( #3919 ), #2096, .F. ) ;
#2432 = CYLINDRICAL_SURFACE ( 'NONE', #2173, 17.00000000000000000 ) ;
#2433 = ORIENTED_EDGE ( 'NONE', *, *, #4078, .T. ) ;
#2434 = ORIENTED_EDGE ( 'NONE', *, *, #3204, .F. ) ;
#2435 = DIRECTION ( 'NONE',  ( -0.0000000000000000000, -0.0000000000000000000, -1.000000000000000000 ) ) ;
#2436 = CARTESIAN_POINT ( 'NONE',  ( -79.00000000000000000, -10.00000000000000000, 6.000000000000000000 ) ) ;
#2437 = LINE ( 'NONE', #5345, #821 ) ;
#2438 = DIRECTION ( 'NONE',  ( 1.000000000000000000, 0.0000000000000000000, 0.0000000000000000000 ) ) ;
#2439 = VERTEX_POINT ( 'NONE', #7205 ) ;
#2440 = CARTESIAN_POINT ( 'NONE',  ( 85.00000000000000000, 40.00000000000003600, 0.0000000000000000000 ) ) ;
#2441 = EDGE_CURVE ( 'NONE', #4108, #6766, #7304, .T. ) ;
#2442 = DIRECTION ( 'NONE',  ( -0.0000000000000000000, -0.0000000000000000000, -1.000000000000000000 ) ) ;
#2443 = ORIENTED_EDGE ( 'NONE', *, *, #6558, .T. ) ;
#2444 = SURFACE_STYLE_USAGE ( .BOTH. , #7811 ) ;
#2445 = CIRCLE ( 'NONE', #6471, 1.649999999999998600 ) ;
#2446 = ORIENTED_EDGE ( 'NONE', *, *, #116, .F. ) ;
#2447 = CARTESIAN_POINT ( 'NONE',  ( -83.00000000000000000, -10.00000000000000000, 0.0000000000000000000 ) ) ;
#2448 = VERTEX_POINT ( 'NONE', #3583 ) ;
#2449 = DIRECTION ( 'NONE',  ( -0.0000000000000000000, -0.0000000000000000000, 1.000000000000000000 ) ) ;
#2450 = DIRECTION ( 'NONE',  ( 1.000000000000000000, 0.0000000000000000000, -0.0000000000000000000 ) ) ;
#2451 = EDGE_CURVE ( 'NONE', #4890, #7127, #279, .T. ) ;
#2452 = ADVANCED_FACE ( 'NONE', ( #6552 ), #4950, .F. ) ;
#2453 = AXIS2_PLACEMENT_3D ( 'NONE', #101, #804, #1410 ) ;
#2454 = FACE_OUTER_BOUND ( 'NONE', #5194, .T. ) ;
#2455 = LINE ( 'NONE', #2761, #3511 ) ;
#2456 = LINE ( 'NONE', #830, #837 ) ;
#2457 = ORIENTED_EDGE ( 'NONE', *, *, #2414, .T. ) ;
#2458 = DIRECTION ( 'NONE',  ( 1.000000000000000000, -1.387778780781460900E-015, 0.0000000000000000000 ) ) ;
#2459 = DIRECTION ( 'NONE',  ( -1.000000000000000000, 0.0000000000000000000, -0.0000000000000000000 ) ) ;
#2460 = CYLINDRICAL_SURFACE ( 'NONE', #7743, 9.999999999999994700 ) ;
#2461 = DIRECTION ( 'NONE',  ( -0.0000000000000000000, -0.0000000000000000000, -1.000000000000000000 ) ) ;
#2462 = LINE ( 'NONE', #4073, #1408 ) ;
#2463 = EDGE_CURVE ( 'NONE', #1, #6165, #5992, .T. ) ;
#2464 = AXIS2_PLACEMENT_3D ( 'NONE', #1581, #1041, #471 ) ;
#2465 = CARTESIAN_POINT ( 'NONE',  ( -66.00000000000000000, 3.000000000000000900, 6.000000000000000000 ) ) ;
#2466 = CARTESIAN_POINT ( 'NONE',  ( 5.000000000000002700, 45.00000000000000000, 0.0000000000000000000 ) ) ;
#2467 = CARTESIAN_POINT ( 'NONE',  ( -8.349999999999997900, 7.000000000000000900, 16.00000000000000000 ) ) ;
#2468 = CARTESIAN_POINT ( 'NONE',  ( 34.50245047955377200, -69.00490095910753000, 53.51438774526344800 ) ) ;
#2469 = VECTOR ( 'NONE', #1030, 1000.000000000000000 ) ;
#2470 = VECTOR ( 'NONE', #6448, 1000.000000000000000 ) ;
#2471 = VERTEX_POINT ( 'NONE', #588 ) ;
#2472 = ADVANCED_FACE ( 'NONE', ( #857 ), #5428, .F. ) ;
#2473 = ORIENTED_EDGE ( 'NONE', *, *, #1617, .F. ) ;
#2474 = AXIS2_PLACEMENT_3D ( 'NONE', #6072, #1721, #625 ) ;
#2475 = DIRECTION ( 'NONE',  ( -0.0000000000000000000, -0.0000000000000000000, 1.000000000000000000 ) ) ;
#2476 = EDGE_CURVE ( 'NONE', #5205, #6758, #2871, .T. ) ;
#2477 = AXIS2_PLACEMENT_3D ( 'NONE', #5210, #2156, #3972 ) ;
#2478 = LINE ( 'NONE', #5629, #2868 ) ;
#2479 = DIRECTION ( 'NONE',  ( 1.000000000000000000, 0.0000000000000000000, 0.0000000000000000000 ) ) ;
#2480 = ORIENTED_EDGE ( 'NONE', *, *, #3054, .T. ) ;
#2481 = FACE_OUTER_BOUND ( 'NONE', #4176, .T. ) ;
#2482 = ORIENTED_EDGE ( 'NONE', *, *, #6838, .T. ) ;
#2483 = CARTESIAN_POINT ( 'NONE',  ( 53.00000000000000700, -55.00000000000000000, 0.0000000000000000000 ) ) ;
#2484 = VECTOR ( 'NONE', #265, 1000.000000000000000 ) ;
#2485 = VERTEX_POINT ( 'NONE', #5505 ) ;
#2486 = AXIS2_PLACEMENT_3D ( 'NONE', #2138, #4502, #1413 ) ;
#2487 = DIRECTION ( 'NONE',  ( 0.0000000000000000000, -0.0000000000000000000, -1.000000000000000000 ) ) ;
#2488 = EDGE_LOOP ( 'NONE', ( #2280, #2866, #1377, #6225 ) ) ;
#2489 = DIRECTION ( 'NONE',  ( 1.000000000000000000, 0.0000000000000000000, 0.0000000000000000000 ) ) ;
#2490 = EDGE_CURVE ( 'NONE', #3099, #7631, #4103, .T. ) ;
#2491 = ORIENTED_EDGE ( 'NONE', *, *, #33, .F. ) ;
#2492 = CARTESIAN_POINT ( 'NONE',  ( -67.65000000000000600, 3.000000000000000900, 10.00000000000000000 ) ) ;
#2493 = DIRECTION ( 'NONE',  ( -1.000000000000000000, 0.0000000000000000000, 0.0000000000000000000 ) ) ;
#2494 = FACE_OUTER_BOUND ( 'NONE', #4964, .T. ) ;
#2495 = CARTESIAN_POINT ( 'NONE',  ( -66.00000000000000000, 3.000000000000000900, 6.000000000000000000 ) ) ;
#2496 = ORIENTED_EDGE ( 'NONE', *, *, #5489, .T. ) ;
#2497 = ORIENTED_EDGE ( 'NONE', *, *, #7583, .F. ) ;
#2498 = AXIS2_PLACEMENT_3D ( 'NONE', #1560, #2157, #954 ) ;
#2499 = FILL_AREA_STYLE_COLOUR ( '', #6452 ) ;
#2500 = AXIS2_PLACEMENT_3D ( 'NONE', #7364, #114, #3761 ) ;
#2501 = EDGE_CURVE ( 'NONE', #5643, #580, #7101, .T. ) ;
#2502 = CARTESIAN_POINT ( 'NONE',  ( 24.99999999999999300, 15.00000000000000000, 1.999999999999997800 ) ) ;
#2503 = ORIENTED_EDGE ( 'NONE', *, *, #454, .F. ) ;
#2504 = DIRECTION ( 'NONE',  ( 0.0000000000000000000, 0.0000000000000000000, 1.000000000000000000 ) ) ;
#2505 = ORIENTED_EDGE ( 'NONE', *, *, #5440, .T. ) ;
#2506 = CARTESIAN_POINT ( 'NONE',  ( -45.00000000000000700, 42.00000000000000000, 6.000000000000000000 ) ) ;
#2507 = DIRECTION ( 'NONE',  ( -0.0000000000000000000, -0.0000000000000000000, 1.000000000000000000 ) ) ;
#2508 = DIRECTION ( 'NONE',  ( -0.0000000000000000000, -0.0000000000000000000, 1.000000000000000000 ) ) ;
#2509 = CARTESIAN_POINT ( 'NONE',  ( 70.00000000000000000, -0.5000000000000000000, 0.0000000000000000000 ) ) ;
#2510 = ORIENTED_EDGE ( 'NONE', *, *, #5263, .F. ) ;
#2511 = ORIENTED_EDGE ( 'NONE', *, *, #6317, .T. ) ;
#2512 = EDGE_CURVE ( 'NONE', #2154, #1848, #1232, .T. ) ;
#2513 = ADVANCED_FACE ( 'NONE', ( #473 ), #1524, .F. ) ;
#2514 = AXIS2_PLACEMENT_3D ( 'NONE', #1317, #110, #6239 ) ;
#2515 = CARTESIAN_POINT ( 'NONE',  ( 42.90000000000000600, -42.00000000000000000, 6.000000000000000000 ) ) ;
#2516 = CIRCLE ( 'NONE', #1968, 4.000000000000003600 ) ;
#2517 = DIRECTION ( 'NONE',  ( 0.0000000000000000000, -0.0000000000000000000, 1.000000000000000000 ) ) ;
#2518 = VECTOR ( 'NONE', #1037, 1000.000000000000000 ) ;
#2519 = EDGE_LOOP ( 'NONE', ( #4716, #2248, #6177, #5765 ) ) ;
#2520 = EDGE_LOOP ( 'NONE', ( #7137, #4810, #5748, #3072 ) ) ;
#2521 = CARTESIAN_POINT ( 'NONE',  ( 6.000000000000000900, 0.0000000000000000000, 30.00000000000000400 ) ) ;
#2522 = DIRECTION ( 'NONE',  ( -1.000000000000000000, 0.0000000000000000000, 0.0000000000000000000 ) ) ;
#2523 = EDGE_CURVE ( 'NONE', #4620, #5822, #7771, .T. ) ;
#2524 = AXIS2_PLACEMENT_3D ( 'NONE', #5405, #7842, #3580 ) ;
#2525 = DIRECTION ( 'NONE',  ( 1.000000000000000000, 0.0000000000000000000, 0.0000000000000000000 ) ) ;
#2526 = FACE_OUTER_BOUND ( 'NONE', #6469, .T. ) ;
#2527 = EDGE_LOOP ( 'NONE', ( #7031, #5338 ) ) ;
#2528 = CARTESIAN_POINT ( 'NONE',  ( -41.00000000000000700, 42.00000000000000000, 6.000000000000000000 ) ) ;
#2529 = CARTESIAN_POINT ( 'NONE',  ( -99.99999999999998600, 30.00000000000000000, 0.0000000000000000000 ) ) ;
#2530 = DIRECTION ( 'NONE',  ( 1.000000000000000000, 0.0000000000000000000, 0.0000000000000000000 ) ) ;
#2531 = CARTESIAN_POINT ( 'NONE',  ( 5.000000000000002700, 45.00000000000000000, 5.000000000000000000 ) ) ;
#2532 = ORIENTED_EDGE ( 'NONE', *, *, #6736, .T. ) ;
#2533 = LINE ( 'NONE', #5363, #7158 ) ;
#2534 = ORIENTED_EDGE ( 'NONE', *, *, #344, .F. ) ;
#2535 = AXIS2_PLACEMENT_3D ( 'NONE', #7424, #3166, #777 ) ;
#2536 = EDGE_LOOP ( 'NONE', ( #3092, #4386, #301, #136 ) ) ;
#2537 = EDGE_CURVE ( 'NONE', #3620, #2048, #2284, .T. ) ;
#2538 = AXIS2_PLACEMENT_3D ( 'NONE', #7147, #2887, #3472 ) ;
#2539 = ORIENTED_EDGE ( 'NONE', *, *, #2553, .F. ) ;
#2540 = DIRECTION ( 'NONE',  ( -1.000000000000000000, 0.0000000000000000000, 0.0000000000000000000 ) ) ;
#2541 = CARTESIAN_POINT ( 'NONE',  ( -57.00000000000000700, -10.00000000000000000, 0.0000000000000000000 ) ) ;
#2542 = CARTESIAN_POINT ( 'NONE',  ( 8.687559525159333200, 5.999999999999999100, 16.00000000000000000 ) ) ;
#2543 = LINE ( 'NONE', #549, #2747 ) ;
#2544 = ORIENTED_EDGE ( 'NONE', *, *, #3833, .F. ) ;
#2545 = CARTESIAN_POINT ( 'NONE',  ( -90.00000000000002800, -50.00000000000000000, 5.000000000000000000 ) ) ;
#2546 = CIRCLE ( 'NONE', #7293, 1.650000000000000100 ) ;
#2547 = ORIENTED_EDGE ( 'NONE', *, *, #7006, .T. ) ;
#2548 = AXIS2_PLACEMENT_3D ( 'NONE', #5396, #3469, #497 ) ;
#2549 = CARTESIAN_POINT ( 'NONE',  ( -99.99999999999998600, 64.99999999999991500, 0.0000000000000000000 ) ) ;
#2550 = CARTESIAN_POINT ( 'NONE',  ( 11.65000000000000200, 7.000000000000000900, 16.00000000000000000 ) ) ;
#2551 = DIRECTION ( 'NONE',  ( 0.0000000000000000000, 0.0000000000000000000, -1.000000000000000000 ) ) ;
#2552 = PRODUCT_DEFINITION_FORMATION_WITH_SPECIFIED_SOURCE ( '任何', '', #4741, .NOT_KNOWN. ) ;
#2553 = EDGE_CURVE ( 'NONE', #4936, #4147, #7497, .T. ) ;
#2554 = DIRECTION ( 'NONE',  ( -0.0000000000000000000, -0.0000000000000000000, -1.000000000000000000 ) ) ;
#2555 = LINE ( 'NONE', #7761, #836 ) ;
#2556 = CIRCLE ( 'NONE', #1222, 4.999999999999999100 ) ;
#2557 = EDGE_LOOP ( 'NONE', ( #7564, #5830 ) ) ;
#2558 = EDGE_LOOP ( 'NONE', ( #6391, #748, #1779, #1372 ) ) ;
#2559 = ADVANCED_FACE ( 'NONE', ( #5902 ), #4565, .F. ) ;
#2560 = APPLICATION_CONTEXT ( 'automotive_design' ) ;
#2561 = VECTOR ( 'NONE', #5900, 1000.000000000000000 ) ;
#2562 = CARTESIAN_POINT ( 'NONE',  ( 50.00000000000000000, -14.49999999999999800, 10.00000000000000000 ) ) ;
#2563 = FACE_OUTER_BOUND ( 'NONE', #666, .T. ) ;
#2564 = ORIENTED_EDGE ( 'NONE', *, *, #5665, .T. ) ;
#2565 = CARTESIAN_POINT ( 'NONE',  ( -7.500000000000000000, 9.491012693391985800E-016, 0.0000000000000000000 ) ) ;
#2566 = CARTESIAN_POINT ( 'NONE',  ( 85.00000000000000000, 49.99999999999996400, 0.0000000000000000000 ) ) ;
#2567 = ORIENTED_EDGE ( 'NONE', *, *, #6676, .F. ) ;
#2568 = CARTESIAN_POINT ( 'NONE',  ( -66.00000000000000000, -23.00000000000000000, 6.000000000000000000 ) ) ;
#2569 = EDGE_CURVE ( 'NONE', #1724, #6288, #2972, .T. ) ;
#2570 = DIRECTION ( 'NONE',  ( -0.0000000000000000000, -0.0000000000000000000, 1.000000000000000000 ) ) ;
#2571 = FACE_OUTER_BOUND ( 'NONE', #4314, .T. ) ;
#2572 = LINE ( 'NONE', #3754, #5125 ) ;
#2573 = ORIENTED_EDGE ( 'NONE', *, *, #6540, .T. ) ;
#2574 = CARTESIAN_POINT ( 'NONE',  ( 79.99999999999994300, 60.00000000000000700, 10.00000000000000000 ) ) ;
#2575 = CARTESIAN_POINT ( 'NONE',  ( -89.99999999999991500, 75.00000000000000000, 10.00000000000000000 ) ) ;
#2576 = DIRECTION ( 'NONE',  ( 0.0000000000000000000, 1.000000000000000000, 0.0000000000000000000 ) ) ;
#2577 = VECTOR ( 'NONE', #7539, 1000.000000000000100 ) ;
#2578 = EDGE_CURVE ( 'NONE', #6219, #5205, #3164, .T. ) ;
#2579 = ADVANCED_BREP_SHAPE_REPRESENTATION ( '', ( #6800, #7414 ), #2976 ) ;
#2580 = AXIS2_PLACEMENT_3D ( 'NONE', #2657, #5087, #1972 ) ;
#2581 = DIRECTION ( 'NONE',  ( -1.000000000000000000, 0.0000000000000000000, 0.0000000000000000000 ) ) ;
#2582 = CIRCLE ( 'NONE', #2067, 9.999999999999998200 ) ;
#2583 = DIRECTION ( 'NONE',  ( -1.000000000000000000, -1.577021341797097800E-016, 0.0000000000000000000 ) ) ;
#2584 = CARTESIAN_POINT ( 'NONE',  ( 85.00000000000000000, 40.00000000000003600, 0.0000000000000000000 ) ) ;
#2585 = DIRECTION ( 'NONE',  ( -1.000000000000000000, 0.0000000000000000000, -0.0000000000000000000 ) ) ;
#2586 = ORIENTED_EDGE ( 'NONE', *, *, #5557, .T. ) ;
#2587 = DIRECTION ( 'NONE',  ( -1.000000000000000000, 0.0000000000000000000, 0.0000000000000000000 ) ) ;
#2588 = DIRECTION ( 'NONE',  ( 0.0000000000000000000, 0.0000000000000000000, 1.000000000000000000 ) ) ;
#2589 = FACE_OUTER_BOUND ( 'NONE', #3560, .T. ) ;
#2590 = ORIENTED_EDGE ( 'NONE', *, *, #4341, .T. ) ;
#2591 = FACE_OUTER_BOUND ( 'NONE', #4583, .T. ) ;
#2592 = AXIS2_PLACEMENT_3D ( 'NONE', #6409, #5957, #6582 ) ;
#2593 = ORIENTED_EDGE ( 'NONE', *, *, #7344, .T. ) ;
#2594 = DIRECTION ( 'NONE',  ( 1.000000000000000000, 0.0000000000000000000, 0.0000000000000000000 ) ) ;
#2595 = EDGE_CURVE ( 'NONE', #5403, #2609, #1128, .T. ) ;
#2596 = PRESENTATION_LAYER_ASSIGNMENT (  '', '', ( #429 ) ) ;
#2597 = DIRECTION ( 'NONE',  ( -0.0000000000000000000, -0.0000000000000000000, -1.000000000000000000 ) ) ;
#2598 = CARTESIAN_POINT ( 'NONE',  ( -11.35000000000000100, 2.020667218593133500E-016, 20.00000000000000000 ) ) ;
#2599 = ORIENTED_EDGE ( 'NONE', *, *, #1036, .T. ) ;
#2600 = CYLINDRICAL_SURFACE ( 'NONE', #4910, 4.000000000000003600 ) ;
#2601 = ORIENTED_EDGE ( 'NONE', *, *, #7331, .T. ) ;
#2602 = DIRECTION ( 'NONE',  ( -1.000000000000000000, 0.0000000000000000000, 0.0000000000000000000 ) ) ;
#2603 = ADVANCED_FACE ( 'NONE', ( #4762, #7586 ), #3764, .T. ) ;
#2604 = CARTESIAN_POINT ( 'NONE',  ( -13.00000000000000200, 0.0000000000000000000, 20.00000000000000000 ) ) ;
#2605 = AXIS2_PLACEMENT_3D ( 'NONE', #2865, #7029, #1678 ) ;
#2606 = CARTESIAN_POINT ( 'NONE',  ( 0.0000000000000000000, 0.0000000000000000000, 30.00000000000000000 ) ) ;
#2607 = DIRECTION ( 'NONE',  ( 1.000000000000000000, 0.0000000000000000000, 0.0000000000000000000 ) ) ;
#2608 = VERTEX_POINT ( 'NONE', #4323 ) ;
#2609 = VERTEX_POINT ( 'NONE', #6801 ) ;
#2610 = DIRECTION ( 'NONE',  ( -1.000000000000000000, 0.0000000000000000000, 0.0000000000000000000 ) ) ;
#2611 = PLANE ( 'NONE',  #3908 ) ;
#2612 = CARTESIAN_POINT ( 'NONE',  ( 100.0000000000000300, 64.99999999999991500, 10.00000000000000000 ) ) ;
#2613 = DIRECTION ( 'NONE',  ( 0.0000000000000000000, 0.0000000000000000000, -1.000000000000000000 ) ) ;
#2614 = ORIENTED_EDGE ( 'NONE', *, *, #6470, .F. ) ;
#2615 = ORIENTED_EDGE ( 'NONE', *, *, #7227, .F. ) ;
#2616 =( LENGTH_UNIT ( ) NAMED_UNIT ( * ) SI_UNIT ( .MILLI., .METRE. ) );
#2617 = EDGE_CURVE ( 'NONE', #7392, #5168, #1891, .T. ) ;
#2618 = CYLINDRICAL_SURFACE ( 'NONE', #6489, 9.999999999999994700 ) ;
#2619 = CARTESIAN_POINT ( 'NONE',  ( -70.00000000000000000, 3.000000000000000900, 6.000000000000000000 ) ) ;
#2620 = CARTESIAN_POINT ( 'NONE',  ( -5.999999999999996400, 0.9999999999999974500, 31.00000000000000000 ) ) ;
#2621 = CARTESIAN_POINT ( 'NONE',  ( 24.99999999999999300, 15.00000000000000000, 4.000000000000000000 ) ) ;
#2622 = EDGE_LOOP ( 'NONE', ( #280, #6802, #5218, #1624, #6315, #4131 ) ) ;
#2623 = DIRECTION ( 'NONE',  ( 0.0000000000000000000, -1.000000000000000000, 0.0000000000000000000 ) ) ;
#2624 = EDGE_LOOP ( 'NONE', ( #812, #5698, #3920 ) ) ;
#2625 = CIRCLE ( 'NONE', #1456, 17.00000000000000000 ) ;
#2626 = EDGE_CURVE ( 'NONE', #619, #238, #1707, .T. ) ;
#2627 = DIRECTION ( 'NONE',  ( 0.0000000000000000000, 0.0000000000000000000, -1.000000000000000000 ) ) ;
#2628 = FACE_BOUND ( 'NONE', #2949, .T. ) ;
#2629 = ORIENTED_EDGE ( 'NONE', *, *, #2617, .F. ) ;
#2630 = VERTEX_POINT ( 'NONE', #5693 ) ;
#2631 = DIRECTION ( 'NONE',  ( -1.000000000000000000, 0.0000000000000000000, 0.0000000000000000000 ) ) ;
#2632 = DIRECTION ( 'NONE',  ( 1.067522139062651900E-016, -1.000000000000000000, 0.0000000000000000000 ) ) ;
#2633 = DIRECTION ( 'NONE',  ( -1.000000000000000000, 0.0000000000000000000, 0.0000000000000000000 ) ) ;
#2634 = EDGE_LOOP ( 'NONE', ( #6761, #7116, #5764, #5255 ) ) ;
#2635 = FACE_OUTER_BOUND ( 'NONE', #1143, .T. ) ;
#2636 = CARTESIAN_POINT ( 'NONE',  ( 90.00000000000000000, 40.00000000000000000, 5.000000000000000000 ) ) ;
#2637 = ORIENTED_EDGE ( 'NONE', *, *, #2163, .F. ) ;
#2638 = CARTESIAN_POINT ( 'NONE',  ( 70.00000000000000000, -0.5000000000000000000, 6.000000000000000000 ) ) ;
#2639 = ORIENTED_EDGE ( 'NONE', *, *, #5851, .F. ) ;
#2640 = DIRECTION ( 'NONE',  ( -0.0000000000000000000, -0.0000000000000000000, -1.000000000000000000 ) ) ;
#2641 = EDGE_CURVE ( 'NONE', #593, #3523, #4941, .T. ) ;
#2642 = AXIS2_PLACEMENT_3D ( 'NONE', #2100, #1434, #2021 ) ;
#2643 = APPLICATION_CONTEXT ( 'automotive_design' ) ;
#2644 = CIRCLE ( 'NONE', #6250, 2.099999999999997900 ) ;
#2645 = CIRCLE ( 'NONE', #2252, 9.999999999999994700 ) ;
#2646 = VERTEX_POINT ( 'NONE', #2566 ) ;
#2647 = DIRECTION ( 'NONE',  ( -0.0000000000000000000, -0.0000000000000000000, -1.000000000000000000 ) ) ;
#2648 = CARTESIAN_POINT ( 'NONE',  ( -5.000000000000011500, -45.00000000000000000, 5.000000000000000000 ) ) ;
#2649 = ORIENTED_EDGE ( 'NONE', *, *, #1287, .F. ) ;
#2650 = DIRECTION ( 'NONE',  ( 0.0000000000000000000, 0.0000000000000000000, -1.000000000000000000 ) ) ;
#2651 = CARTESIAN_POINT ( 'NONE',  ( 36.00000000000000700, -55.00000000000000000, 6.000000000000000000 ) ) ;
#2652 = AXIS2_PLACEMENT_3D ( 'NONE', #3306, #5779, #7484 ) ;
#2653 = LINE ( 'NONE', #792, #3038 ) ;
#2654 = VERTEX_POINT ( 'NONE', #3869 ) ;
#2655 = ORIENTED_EDGE ( 'NONE', *, *, #4697, .T. ) ;
#2656 = DIRECTION ( 'NONE',  ( -0.0000000000000000000, -0.0000000000000000000, -1.000000000000000000 ) ) ;
#2657 = CARTESIAN_POINT ( 'NONE',  ( -5.000000000000011500, -45.00000000000000000, 5.000000000000000000 ) ) ;
#2658 = CARTESIAN_POINT ( 'NONE',  ( -5.000000000000011500, -45.00000000000000000, 5.000000000000000000 ) ) ;
#2659 = CARTESIAN_POINT ( 'NONE',  ( 9.911452368767086800, 15.00000000000000000, 16.91145236876710800 ) ) ;
#2660 = FACE_OUTER_BOUND ( 'NONE', #481, .T. ) ;
#2661 = DIRECTION ( 'NONE',  ( 0.0000000000000000000, -1.000000000000000000, 0.0000000000000000000 ) ) ;
#2662 = FACE_OUTER_BOUND ( 'NONE', #7002, .T. ) ;
#2663 = CIRCLE ( 'NONE', #6923, 4.000000000000003600 ) ;
#2664 = VERTEX_POINT ( 'NONE', #7501 ) ;
#2665 = DIRECTION ( 'NONE',  ( 0.0000000000000000000, 0.0000000000000000000, -1.000000000000000000 ) ) ;
#2666 = DIRECTION ( 'NONE',  ( 0.0000000000000000000, 0.0000000000000000000, 1.000000000000000000 ) ) ;
#2667 = DIRECTION ( 'NONE',  ( -0.0000000000000000000, -0.0000000000000000000, 1.000000000000000000 ) ) ;
#2668 = EDGE_CURVE ( 'NONE', #786, #7478, #4287, .T. ) ;
#2669 = DIRECTION ( 'NONE',  ( -1.000000000000000000, 0.0000000000000000000, -0.0000000000000000000 ) ) ;
#2670 = CIRCLE ( 'NONE', #4158, 8.000000000000000000 ) ;
#2671 = FACE_OUTER_BOUND ( 'NONE', #4598, .T. ) ;
#2672 = ORIENTED_EDGE ( 'NONE', *, *, #5964, .T. ) ;
#2673 = CARTESIAN_POINT ( 'NONE',  ( 8.000000000000000000, 9.797174393178825700E-016, 10.00000000000000000 ) ) ;
#2674 = FACE_OUTER_BOUND ( 'NONE', #2229, .T. ) ;
#2675 = CARTESIAN_POINT ( 'NONE',  ( 1.650000000000000100, 13.00000000000000200, 18.00000000000000400 ) ) ;
#2676 = CIRCLE ( 'NONE', #957, 1.650000000000000100 ) ;
#2677 = CIRCLE ( 'NONE', #7740, 8.000000000000001800 ) ;
#2678 = EDGE_CURVE ( 'NONE', #2119, #2187, #3345, .T. ) ;
#2679 = AXIS2_PLACEMENT_3D ( 'NONE', #1095, #5365, #5392 ) ;
#2680 = DIRECTION ( 'NONE',  ( -1.000000000000000000, 0.0000000000000000000, 0.0000000000000000000 ) ) ;
#2681 = FACE_OUTER_BOUND ( 'NONE', #6152, .T. ) ;
#2682 = CARTESIAN_POINT ( 'NONE',  ( -13.00000000000000200, 0.0000000000000000000, 20.00000000000000000 ) ) ;
#2683 = ADVANCED_FACE ( 'NONE', ( #3444, #1994, #74, #4374, #269, #6927 ), #171, .F. ) ;
#2684 = ORIENTED_EDGE ( 'NONE', *, *, #1495, .F. ) ;
#2685 = DIRECTION ( 'NONE',  ( 1.000000000000000000, 0.0000000000000000000, 0.0000000000000000000 ) ) ;
#2686 = CYLINDRICAL_SURFACE ( 'NONE', #2053, 14.99999999999999800 ) ;
#2687 = ORIENTED_EDGE ( 'NONE', *, *, #2251, .F. ) ;
#2688 = EDGE_CURVE ( 'NONE', #5711, #5110, #7095, .T. ) ;
#2689 = DIRECTION ( 'NONE',  ( -1.000000000000000000, 0.0000000000000000000, 0.0000000000000000000 ) ) ;
#2690 = EDGE_LOOP ( 'NONE', ( #6861, #1027 ) ) ;
#2691 = CARTESIAN_POINT ( 'NONE',  ( 45.00000000000000700, -68.00000000000000000, 6.000000000000000000 ) ) ;
#2692 = DIRECTION ( 'NONE',  ( 0.0000000000000000000, -1.000000000000000000, 0.0000000000000000000 ) ) ;
#2693 = LINE ( 'NONE', #2659, #2484 ) ;
#2694 = DIRECTION ( 'NONE',  ( 1.000000000000000000, 0.0000000000000000000, 0.0000000000000000000 ) ) ;
#2695 = ORIENTED_EDGE ( 'NONE', *, *, #6626, .F. ) ;
#2696 = CARTESIAN_POINT ( 'NONE',  ( 13.00000000000000200, 0.0000000000000000000, 20.00000000000000000 ) ) ;
#2697 = ORIENTED_EDGE ( 'NONE', *, *, #5831, .F. ) ;
#2698 = ORIENTED_EDGE ( 'NONE', *, *, #3536, .T. ) ;
#2699 = CIRCLE ( 'NONE', #4020, 8.000000000000001800 ) ;
#2700 = CARTESIAN_POINT ( 'NONE',  ( -74.00000000000000000, -9.999999999999998200, 0.0000000000000000000 ) ) ;
#2701 = EDGE_CURVE ( 'NONE', #1347, #4679, #1418, .T. ) ;
#2702 = AXIS2_PLACEMENT_3D ( 'NONE', #1364, #762, #6816 ) ;
#2703 = VERTEX_POINT ( 'NONE', #3897 ) ;
#2704 = EDGE_LOOP ( 'NONE', ( #7829, #3049 ) ) ;
#2705 = DIRECTION ( 'NONE',  ( -0.0000000000000000000, -0.0000000000000000000, -1.000000000000000000 ) ) ;
#2706 = FACE_OUTER_BOUND ( 'NONE', #1083, .T. ) ;
#2707 = EDGE_LOOP ( 'NONE', ( #3451, #6919, #5758, #1465 ) ) ;
#2708 = VERTEX_POINT ( 'NONE', #2675 ) ;
#2709 = DIRECTION ( 'NONE',  ( -0.0000000000000000000, -0.0000000000000000000, -1.000000000000000000 ) ) ;
#2710 = AXIS2_PLACEMENT_3D ( 'NONE', #3373, #306, #3392 ) ;
#2711 = DIRECTION ( 'NONE',  ( 0.0000000000000000000, 0.0000000000000000000, 1.000000000000000000 ) ) ;
#2712 = DIRECTION ( 'NONE',  ( 0.0000000000000000000, 0.0000000000000000000, 1.000000000000000000 ) ) ;
#2713 = SPHERICAL_SURFACE ( 'NONE', #1299, 1.999999999999994900 ) ;
#2714 = DIRECTION ( 'NONE',  ( 0.0000000000000000000, -0.0000000000000000000, -1.000000000000000000 ) ) ;
#2715 = EDGE_CURVE ( 'NONE', #781, #4675, #2771, .T. ) ;
#2716 = ORIENTED_EDGE ( 'NONE', *, *, #2569, .T. ) ;
#2717 = ORIENTED_EDGE ( 'NONE', *, *, #4839, .T. ) ;
#2718 = CARTESIAN_POINT ( 'NONE',  ( 11.53013519640525400, 0.0000000000000000000, 20.93762159694730200 ) ) ;
#2719 = CARTESIAN_POINT ( 'NONE',  ( 36.00000000000000700, -55.00000000000000000, 6.000000000000000000 ) ) ;
#2720 = CARTESIAN_POINT ( 'NONE',  ( -66.00000000000000000, -23.00000000000000000, 6.000000000000000000 ) ) ;
#2721 = LINE ( 'NONE', #36, #985 ) ;
#2722 = ADVANCED_FACE ( 'NONE', ( #6738 ), #5706, .F. ) ;
#2723 =( REPRESENTATION_RELATIONSHIP ('NONE','NONE', #2360, #7522 ) REPRESENTATION_RELATIONSHIP_WITH_TRANSFORMATION ( #2181 )SHAPE_REPRESENTATION_RELATIONSHIP( ) );
#2724 = ORIENTED_EDGE ( 'NONE', *, *, #1811, .F. ) ;
#2725 = EDGE_LOOP ( 'NONE', ( #1699, #6487 ) ) ;
#2726 = EDGE_CURVE ( 'NONE', #3758, #6774, #2676, .T. ) ;
#2727 = AXIS2_PLACEMENT_3D ( 'NONE', #7725, #7196, #2307 ) ;
#2728 = DIRECTION ( 'NONE',  ( 1.000000000000000000, 0.0000000000000000000, 0.0000000000000000000 ) ) ;
#2729 = ORIENTED_EDGE ( 'NONE', *, *, #5295, .T. ) ;
#2730 = CIRCLE ( 'NONE', #7071, 1.650000000000000400 ) ;
#2731 = ORIENTED_EDGE ( 'NONE', *, *, #6911, .T. ) ;
#2732 = VERTEX_POINT ( 'NONE', #6856 ) ;
#2733 = ADVANCED_FACE ( 'NONE', ( #369 ), #1225, .F. ) ;
#2734 = CARTESIAN_POINT ( 'NONE',  ( 50.00000000000000000, -0.5000000000000002200, 0.0000000000000000000 ) ) ;
#2735 = EDGE_CURVE ( 'NONE', #3596, #7707, #5896, .T. ) ;
#2736 = DIRECTION ( 'NONE',  ( 0.0000000000000000000, 0.0000000000000000000, -1.000000000000000000 ) ) ;
#2737 = AXIS2_PLACEMENT_3D ( 'NONE', #3619, #7380, #7821 ) ;
#2738 = CARTESIAN_POINT ( 'NONE',  ( 0.0000000000000000000, 0.0000000000000000000, 15.00000000000000400 ) ) ;
#2739 = DIRECTION ( 'NONE',  ( -0.0000000000000000000, -0.0000000000000000000, -1.000000000000000000 ) ) ;
#2740 = LINE ( 'NONE', #7009, #1683 ) ;
#2741 = ORIENTED_EDGE ( 'NONE', *, *, #3599, .F. ) ;
#2742 = DIRECTION ( 'NONE',  ( -1.000000000000000000, 0.0000000000000000000, 0.0000000000000000000 ) ) ;
#2743 = VERTEX_POINT ( 'NONE', #5078 ) ;
#2744 = CARTESIAN_POINT ( 'NONE',  ( 0.0000000000000000000, 0.0000000000000000000, 10.00000000000000000 ) ) ;
#2745 = CARTESIAN_POINT ( 'NONE',  ( 8.000000000000000000, 9.797174393178825700E-016, 10.00000000000000000 ) ) ;
#2746 = DIRECTION ( 'NONE',  ( -0.0000000000000000000, 0.0000000000000000000, 1.000000000000000000 ) ) ;
#2747 = VECTOR ( 'NONE', #2968, 1000.000000000000000 ) ;
#2748 = ORIENTED_EDGE ( 'NONE', *, *, #1548, .T. ) ;
#2749 = AXIS2_PLACEMENT_3D ( 'NONE', #7038, #7136, #5867 ) ;
#2750 = EDGE_CURVE ( 'NONE', #4196, #2439, #5508, .T. ) ;
#2751 = LINE ( 'NONE', #130, #6335 ) ;
#2752 = AXIS2_PLACEMENT_3D ( 'NONE', #6679, #6733, #3123 ) ;
#2753 = ORIENTED_EDGE ( 'NONE', *, *, #854, .T. ) ;
#2754 = CARTESIAN_POINT ( 'NONE',  ( -79.00000000000000000, -10.00000000000000000, 10.00000000000000000 ) ) ;
#2755 = LINE ( 'NONE', #4005, #1210 ) ;
#2756 = VECTOR ( 'NONE', #1466, 1000.000000000000000 ) ;
#2757 = VERTEX_POINT ( 'NONE', #5167 ) ;
#2758 = DIRECTION ( 'NONE',  ( 0.0000000000000000000, 0.0000000000000000000, 1.000000000000000000 ) ) ;
#2759 = VERTEX_POINT ( 'NONE', #5768 ) ;
#2760 = AXIS2_PLACEMENT_3D ( 'NONE', #7097, #6506, #7124 ) ;
#2761 = CARTESIAN_POINT ( 'NONE',  ( 100.0000000000000300, 64.99999999999991500, 5.000000000000000000 ) ) ;
#2762 = LINE ( 'NONE', #6661, #1697 ) ;
#2763 = CIRCLE ( 'NONE', #4901, 17.00000000000000000 ) ;
#2764 = ORIENTED_EDGE ( 'NONE', *, *, #4157, .F. ) ;
#2765 = ADVANCED_FACE ( 'NONE', ( #6176 ), #2279, .F. ) ;
#2766 = ORIENTED_EDGE ( 'NONE', *, *, #5225, .F. ) ;
#2767 = CARTESIAN_POINT ( 'NONE',  ( -14.00000000000000000, 0.0000000000000000000, 30.00000000000000000 ) ) ;
#2768 = DIRECTION ( 'NONE',  ( -0.0000000000000000000, -0.0000000000000000000, -1.000000000000000000 ) ) ;
#2769 = FACE_OUTER_BOUND ( 'NONE', #5525, .T. ) ;
#2770 = CARTESIAN_POINT ( 'NONE',  ( -42.90000000000000600, 42.00000000000000000, 10.00000000000000000 ) ) ;
#2771 = CIRCLE ( 'NONE', #547, 4.000000000000003600 ) ;
#2772 = ORIENTED_EDGE ( 'NONE', *, *, #6, .F. ) ;
#2773 = ORIENTED_EDGE ( 'NONE', *, *, #210, .F. ) ;
#2774 = EDGE_CURVE ( 'NONE', #4945, #1864, #5134, .T. ) ;
#2775 = DIRECTION ( 'NONE',  ( 0.0000000000000000000, 0.0000000000000000000, -1.000000000000000000 ) ) ;
#2776 = FACE_OUTER_BOUND ( 'NONE', #4953, .T. ) ;
#2777 = VECTOR ( 'NONE', #4295, 1000.000000000000000 ) ;
#2778 = CIRCLE ( 'NONE', #2895, 5.000000000000004400 ) ;
#2779 = ORIENTED_EDGE ( 'NONE', *, *, #7366, .T. ) ;
#2780 = CARTESIAN_POINT ( 'NONE',  ( 79.99999999999997200, 55.00000000000000000, 0.0000000000000000000 ) ) ;
#2781 = CARTESIAN_POINT ( 'NONE',  ( -79.99999999999995700, -60.00000000000000700, 10.00000000000000000 ) ) ;
#2782 = DIRECTION ( 'NONE',  ( -1.000000000000000000, 0.0000000000000000000, 0.0000000000000000000 ) ) ;
#2783 = EDGE_CURVE ( 'NONE', #2984, #6041, #5982, .T. ) ;
#2784 = AXIS2_PLACEMENT_3D ( 'NONE', #7226, #1270, #3079 ) ;
#2785 = EDGE_LOOP ( 'NONE', ( #3845, #7466 ) ) ;
#2786 = CARTESIAN_POINT ( 'NONE',  ( -79.99999999999998600, -30.00000000000000400, 10.00000000000000000 ) ) ;
#2787 = CIRCLE ( 'NONE', #7727, 1.649999999999998600 ) ;
#2788 = ORIENTED_EDGE ( 'NONE', *, *, #921, .F. ) ;
#2789 = DIRECTION ( 'NONE',  ( -0.0000000000000000000, -0.0000000000000000000, -1.000000000000000000 ) ) ;
#2790 = ORIENTED_EDGE ( 'NONE', *, *, #4078, .F. ) ;
#2791 = LINE ( 'NONE', #3281, #1623 ) ;
#2792 = DIRECTION ( 'NONE',  ( 0.0000000000000000000, 0.0000000000000000000, -1.000000000000000000 ) ) ;
#2793 = EDGE_LOOP ( 'NONE', ( #5326, #389 ) ) ;
#2794 = EDGE_CURVE ( 'NONE', #1347, #3210, #851, .T. ) ;
#2795 = AXIS2_PLACEMENT_3D ( 'NONE', #6352, #4518, #2045 ) ;
#2796 = DIRECTION ( 'NONE',  ( 0.0000000000000000000, 0.0000000000000000000, -1.000000000000000000 ) ) ;
#2797 = CARTESIAN_POINT ( 'NONE',  ( 5.000000000000004400, 30.00000000000000000, 10.00000000000000000 ) ) ;
#2798 = DIRECTION ( 'NONE',  ( 1.000000000000000000, 0.0000000000000000000, 0.0000000000000000000 ) ) ;
#2799 = CARTESIAN_POINT ( 'NONE',  ( -11.00000000000000000, 1.347111479062088400E-015, 30.00000000000000400 ) ) ;
#2800 = ORIENTED_EDGE ( 'NONE', *, *, #467, .T. ) ;
#2801 = EDGE_LOOP ( 'NONE', ( #3237, #3960, #3141, #2491 ) ) ;
#2802 = ADVANCED_FACE ( 'NONE', ( #7671 ), #6082, .F. ) ;
#2803 = AXIS2_PLACEMENT_3D ( 'NONE', #2407, #6124, #5419 ) ;
#2804 = AXIS2_PLACEMENT_3D ( 'NONE', #4335, #3149, #4428 ) ;
#2805 = FACE_OUTER_BOUND ( 'NONE', #6573, .T. ) ;
#2806 = DIRECTION ( 'NONE',  ( -0.0000000000000000000, -0.0000000000000000000, -1.000000000000000000 ) ) ;
#2807 = VERTEX_POINT ( 'NONE', #1586 ) ;
#2808 = DIRECTION ( 'NONE',  ( 0.0000000000000000000, 0.0000000000000000000, 1.000000000000000000 ) ) ;
#2809 = VECTOR ( 'NONE', #6589, 1000.000000000000000 ) ;
#2810 = ORIENTED_EDGE ( 'NONE', *, *, #3809, .T. ) ;
#2811 = CARTESIAN_POINT ( 'NONE',  ( 0.0000000000000000000, 0.0000000000000000000, 10.00000000000000000 ) ) ;
#2812 = ORIENTED_EDGE ( 'NONE', *, *, #6568, .F. ) ;
#2813 = CARTESIAN_POINT ( 'NONE',  ( -75.00000000000002800, 45.00000000000000000, 5.000000000000000000 ) ) ;
#2814 = EDGE_CURVE ( 'NONE', #7825, #2046, #3910, .T. ) ;
#2815 = DIRECTION ( 'NONE',  ( -1.000000000000000000, 0.0000000000000000000, 0.0000000000000000000 ) ) ;
#2816 = FACE_OUTER_BOUND ( 'NONE', #6658, .T. ) ;
#2817 = DIRECTION ( 'NONE',  ( -0.0000000000000000000, -0.0000000000000000000, 1.000000000000000000 ) ) ;
#2818 = EDGE_LOOP ( 'NONE', ( #3540, #5197, #159 ) ) ;
#2819 = ORIENTED_EDGE ( 'NONE', *, *, #5440, .F. ) ;
#2820 = CARTESIAN_POINT ( 'NONE',  ( -79.99999999999998600, -55.00000000000000000, 0.0000000000000000000 ) ) ;
#2821 = DIRECTION ( 'NONE',  ( 1.000000000000000000, 0.0000000000000000000, 0.0000000000000000000 ) ) ;
#2822 = EDGE_CURVE ( 'NONE', #5822, #5550, #7488, .T. ) ;
#2823 = CLOSED_SHELL ( 'NONE', ( #5100, #1905, #2148, #1755, #6480, #831, #3399, #4694, #7585, #3014, #7353, #3524, #6076, #3292, #5895, #3206, #3917, #5777, #796, #1928, #2879, #5600, #6885, #7146, #1248, #3152, #5793, #557, #1228, #3474 ) ) ;
#2824 = AXIS2_PLACEMENT_3D ( 'NONE', #200, #6002, #6916 ) ;
#2825 = CIRCLE ( 'NONE', #427, 3.999999999999996400 ) ;
#2826 = VERTEX_POINT ( 'NONE', #1517 ) ;
#2827 = VERTEX_POINT ( 'NONE', #2210 ) ;
#2828 = DIRECTION ( 'NONE',  ( 0.0000000000000000000, 0.0000000000000000000, -1.000000000000000000 ) ) ;
#2829 = VECTOR ( 'NONE', #6641, 1000.000000000000000 ) ;
#2830 = LINE ( 'NONE', #4130, #1189 ) ;
#2831 = VERTEX_POINT ( 'NONE', #6952 ) ;
#2832 = ORIENTED_EDGE ( 'NONE', *, *, #4326, .T. ) ;
#2833 = EDGE_CURVE ( 'NONE', #697, #1353, #6643, .T. ) ;
#2834 = ADVANCED_FACE ( 'NONE', ( #5044, #4471, #3156 ), #1538, .F. ) ;
#2835 = AXIS2_PLACEMENT_3D ( 'NONE', #2090, #2117, #943 ) ;
#2836 = DIRECTION ( 'NONE',  ( 1.000000000000000000, 0.0000000000000000000, -0.0000000000000000000 ) ) ;
#2837 = CARTESIAN_POINT ( 'NONE',  ( -28.00000000000001100, 55.00000000000000000, 6.000000000000000000 ) ) ;
#2838 = CIRCLE ( 'NONE', #608, 2.500000000000002200 ) ;
#2839 = LINE ( 'NONE', #5602, #1005 ) ;
#2840 = ORIENTED_EDGE ( 'NONE', *, *, #6749, .T. ) ;
#2841 = VERTEX_POINT ( 'NONE', #1610 ) ;
#2842 = DIRECTION ( 'NONE',  ( 0.0000000000000000000, 0.0000000000000000000, -1.000000000000000000 ) ) ;
#2843 = CARTESIAN_POINT ( 'NONE',  ( -79.00000000000000000, -10.00000000000000000, 0.0000000000000000000 ) ) ;
#2844 = AXIS2_PLACEMENT_3D ( 'NONE', #572, #6725, #6671 ) ;
#2845 = VECTOR ( 'NONE', #5335, 1000.000000000000000 ) ;
#2846 = EDGE_CURVE ( 'NONE', #3129, #246, #6367, .T. ) ;
#2847 = VECTOR ( 'NONE', #257, 1000.000000000000000 ) ;
#2848 = FACE_OUTER_BOUND ( 'NONE', #335, .T. ) ;
#2849 = ORIENTED_EDGE ( 'NONE', *, *, #7227, .T. ) ;
#2850 = ORIENTED_EDGE ( 'NONE', *, *, #5387, .T. ) ;
#2851 = DIRECTION ( 'NONE',  ( -1.000000000000000000, 0.0000000000000000000, 0.0000000000000000000 ) ) ;
#2852 = LINE ( 'NONE', #1295, #2367 ) ;
#2853 = PLANE ( 'NONE',  #5485 ) ;
#2854 = CARTESIAN_POINT ( 'NONE',  ( 67.90000000000000600, -0.4999999999999997800, 6.000000000000000000 ) ) ;
#2855 = CIRCLE ( 'NONE', #3378, 4.000000000000003600 ) ;
#2856 = VERTEX_POINT ( 'NONE', #5827 ) ;
#2857 = AXIS2_PLACEMENT_3D ( 'NONE', #4684, #1650, #1736 ) ;
#2858 = DIRECTION ( 'NONE',  ( 0.0000000000000000000, 0.0000000000000000000, -1.000000000000000000 ) ) ;
#2859 = EDGE_CURVE ( 'NONE', #6450, #1927, #4558, .T. ) ;
#2860 = FACE_OUTER_BOUND ( 'NONE', #5412, .T. ) ;
#2861 = VECTOR ( 'NONE', #5056, 1000.000000000000000 ) ;
#2862 = VECTOR ( 'NONE', #5941, 1000.000000000000000 ) ;
#2863 = DIRECTION ( 'NONE',  ( -0.0000000000000000000, -0.0000000000000000000, -1.000000000000000000 ) ) ;
#2864 = CARTESIAN_POINT ( 'NONE',  ( 0.0000000000000000000, 0.0000000000000000000, 0.5000000000000004400 ) ) ;
#2865 = CARTESIAN_POINT ( 'NONE',  ( -5.000000000000004400, 15.00000000000000000, 4.000000000000000000 ) ) ;
#2866 = ORIENTED_EDGE ( 'NONE', *, *, #3797, .F. ) ;
#2867 = DIRECTION ( 'NONE',  ( -1.000000000000000000, 0.0000000000000000000, -0.0000000000000000000 ) ) ;
#2868 = VECTOR ( 'NONE', #1344, 1000.000000000000000 ) ;
#2869 = CARTESIAN_POINT ( 'NONE',  ( -14.99999999999999600, 9.999999999999996400, 31.00000000000000000 ) ) ;
#2870 = DIRECTION ( 'NONE',  ( -0.0000000000000000000, -0.0000000000000000000, -1.000000000000000000 ) ) ;
#2871 = CIRCLE ( 'NONE', #390, 8.000000000000000000 ) ;
#2872 = ORIENTED_EDGE ( 'NONE', *, *, #4145, .F. ) ;
#2873 = EDGE_CURVE ( 'NONE', #4487, #781, #6455, .T. ) ;
#2874 = CARTESIAN_POINT ( 'NONE',  ( 0.0000000000000000000, 0.0000000000000000000, 10.00000000000000000 ) ) ;
#2875 = AXIS2_PLACEMENT_3D ( 'NONE', #6976, #7584, #3978 ) ;
#2876 = VECTOR ( 'NONE', #2155, 1000.000000000000000 ) ;
#2877 = ORIENTED_EDGE ( 'NONE', *, *, #7583, .T. ) ;
#2878 = DIRECTION ( 'NONE',  ( -1.000000000000000000, 0.0000000000000000000, 0.0000000000000000000 ) ) ;
#2879 = ADVANCED_FACE ( 'NONE', ( #4847 ), #4542, .T. ) ;
#2880 = VERTEX_POINT ( 'NONE', #5261 ) ;
#2881 = DIRECTION ( 'NONE',  ( -0.0000000000000000000, -0.0000000000000000000, 1.000000000000000000 ) ) ;
#2882 = VERTEX_POINT ( 'NONE', #4151 ) ;
#2883 = CARTESIAN_POINT ( 'NONE',  ( 0.0000000000000000000, 0.0000000000000000000, 10.00000000000000000 ) ) ;
#2884 = EDGE_CURVE ( 'NONE', #704, #7587, #172, .T. ) ;
#2885 = AXIS2_PLACEMENT_3D ( 'NONE', #5766, #3892, #904 ) ;
#2886 = ORIENTED_EDGE ( 'NONE', *, *, #4978, .T. ) ;
#2887 = DIRECTION ( 'NONE',  ( -0.0000000000000000000, -0.0000000000000000000, -1.000000000000000000 ) ) ;
#2888 = FACE_OUTER_BOUND ( 'NONE', #1626, .T. ) ;
#2889 = EDGE_LOOP ( 'NONE', ( #604, #6037, #2234, #6880 ) ) ;
#2890 = DIRECTION ( 'NONE',  ( -1.000000000000000000, 0.0000000000000000000, 0.0000000000000000000 ) ) ;
#2891 = CARTESIAN_POINT ( 'NONE',  ( 75.00000000000007100, -45.00000000000000000, 5.000000000000000000 ) ) ;
#2892 = DIRECTION ( 'NONE',  ( 1.000000000000000000, 0.0000000000000000000, -0.0000000000000000000 ) ) ;
#2893 = CARTESIAN_POINT ( 'NONE',  ( -32.00000000000000700, 55.00000000000000000, 6.000000000000000000 ) ) ;
#2894 = LINE ( 'NONE', #1135, #6770 ) ;
#2895 = AXIS2_PLACEMENT_3D ( 'NONE', #3466, #2304, #2821 ) ;
#2896 = EDGE_CURVE ( 'NONE', #6756, #2646, #3261, .T. ) ;
#2897 = AXIS2_PLACEMENT_3D ( 'NONE', #6053, #3095, #2412 ) ;
#2898 = ORIENTED_EDGE ( 'NONE', *, *, #5448, .T. ) ;
#2899 = ORIENTED_EDGE ( 'NONE', *, *, #4044, .F. ) ;
#2900 = CARTESIAN_POINT ( 'NONE',  ( 13.00000000000000200, 0.0000000000000000000, 18.00000000000000400 ) ) ;
#2901 =( NAMED_UNIT ( * ) PLANE_ANGLE_UNIT ( ) SI_UNIT ( $, .RADIAN. ) );
#2902 = DIRECTION ( 'NONE',  ( 1.000000000000000000, 0.0000000000000000000, -0.0000000000000000000 ) ) ;
#2903 = DIRECTION ( 'NONE',  ( -0.0000000000000000000, -0.0000000000000000000, 1.000000000000000000 ) ) ;
#2904 = ORIENTED_EDGE ( 'NONE', *, *, #3439, .F. ) ;
#2905 = ORIENTED_EDGE ( 'NONE', *, *, #5884, .F. ) ;
#2906 = DIRECTION ( 'NONE',  ( -0.0000000000000000000, -0.0000000000000000000, -1.000000000000000000 ) ) ;
#2907 = AXIS2_PLACEMENT_3D ( 'NONE', #6407, #1545, #4084 ) ;
#2908 = CARTESIAN_POINT ( 'NONE',  ( -5.999999999999998200, 5.999999999999996400, 31.00000000000000000 ) ) ;
#2909 = DIRECTION ( 'NONE',  ( -1.000000000000000000, 0.0000000000000000000, 0.0000000000000000000 ) ) ;
#2910 = ORIENTED_EDGE ( 'NONE', *, *, #4770, .F. ) ;
#2911 = ORIENTED_EDGE ( 'NONE', *, *, #3054, .F. ) ;
#2912 = CARTESIAN_POINT ( 'NONE',  ( -66.00000000000000000, -23.00000000000000000, 0.0000000000000000000 ) ) ;
#2913 = DIRECTION ( 'NONE',  ( -1.000000000000000000, 0.0000000000000000000, 0.0000000000000000000 ) ) ;
#2914 = ADVANCED_FACE ( 'NONE', ( #7865 ), #414, .F. ) ;
#2915 = CARTESIAN_POINT ( 'NONE',  ( -79.99999999999995700, -60.00000000000000700, 5.000000000000000000 ) ) ;
#2916 = AXIS2_PLACEMENT_3D ( 'NONE', #594, #649, #2405 ) ;
#2917 = EDGE_LOOP ( 'NONE', ( #5519, #3215, #1663, #713 ) ) ;
#2918 = DIRECTION ( 'NONE',  ( -0.0000000000000000000, -0.0000000000000000000, 1.000000000000000000 ) ) ;
#2919 = LINE ( 'NONE', #4585, #3961 ) ;
#2920 = EDGE_LOOP ( 'NONE', ( #3786, #2049 ) ) ;
#2921 = PRODUCT_DEFINITION ( '未知', '', #2552, #6728 ) ;
#2922 = VERTEX_POINT ( 'NONE', #2309 ) ;
#2923 = EDGE_CURVE ( 'NONE', #6758, #5205, #6280, .T. ) ;
#2924 = PRODUCT ( 'YH0701003_立板', 'YH0701003_立板', '', ( #5158 ) ) ;
#2925 = DIRECTION ( 'NONE',  ( -0.0000000000000000000, -0.0000000000000000000, 1.000000000000000000 ) ) ;
#2926 = DIRECTION ( 'NONE',  ( 1.000000000000000000, 0.0000000000000000000, 0.0000000000000000000 ) ) ;
#2927 = CIRCLE ( 'NONE', #2702, 4.000000000000003600 ) ;
#2928 = ADVANCED_FACE ( 'NONE', ( #3528, #3061 ), #2970, .T. ) ;
#2929 = VECTOR ( 'NONE', #4452, 1000.000000000000000 ) ;
#2930 = VERTEX_POINT ( 'NONE', #5337 ) ;
#2931 = DIRECTION ( 'NONE',  ( 0.0000000000000000000, 0.0000000000000000000, -1.000000000000000000 ) ) ;
#2932 = EDGE_CURVE ( 'NONE', #6852, #5960, #1024, .T. ) ;
#2933 = AXIS2_PLACEMENT_3D ( 'NONE', #6342, #2172, #4508 ) ;
#2934 = DIRECTION ( 'NONE',  ( 0.0000000000000000000, 0.0000000000000000000, -1.000000000000000000 ) ) ;
#2935 = CARTESIAN_POINT ( 'NONE',  ( -83.00000000000000000, -10.00000000000000000, 6.000000000000000000 ) ) ;
#2936 = CIRCLE ( 'NONE', #1277, 9.999999999999994700 ) ;
#2937 = ORIENTED_EDGE ( 'NONE', *, *, #2999, .T. ) ;
#2938 = CARTESIAN_POINT ( 'NONE',  ( -41.00000000000000700, 68.00000000000000000, 6.000000000000000000 ) ) ;
#2939 = LINE ( 'NONE', #5705, #4715 ) ;
#2940 = CARTESIAN_POINT ( 'NONE',  ( 70.00000000000002800, -50.00000000000002800, 5.000000000000000000 ) ) ;
#2941 = DIRECTION ( 'NONE',  ( -0.0000000000000000000, -0.0000000000000000000, -1.000000000000000000 ) ) ;
#2942 = FACE_OUTER_BOUND ( 'NONE', #3193, .T. ) ;
#2943 = LINE ( 'NONE', #3578, #7473 ) ;
#2944 = LINE ( 'NONE', #7530, #6164 ) ;
#2945 = ORIENTED_EDGE ( 'NONE', *, *, #3347, .F. ) ;
#2946 = DIRECTION ( 'NONE',  ( -0.0000000000000000000, -0.0000000000000000000, -1.000000000000000000 ) ) ;
#2947 = EDGE_CURVE ( 'NONE', #7637, #6675, #6918, .T. ) ;
#2948 = DIRECTION ( 'NONE',  ( -1.000000000000000000, 0.0000000000000000000, 0.0000000000000000000 ) ) ;
#2949 = EDGE_LOOP ( 'NONE', ( #4520, #2772 ) ) ;
#2950 = CARTESIAN_POINT ( 'NONE',  ( -14.99999999999999600, 2.500000000000000900, 0.0000000000000000000 ) ) ;
#2951 = DIRECTION ( 'NONE',  ( 0.7071067811865414700, 0.0000000000000000000, 0.7071067811865536800 ) ) ;
#2952 = FACE_OUTER_BOUND ( 'NONE', #3405, .T. ) ;
#2953 = VECTOR ( 'NONE', #1424, 1000.000000000000000 ) ;
#2954 = EDGE_LOOP ( 'NONE', ( #6705, #7098 ) ) ;
#2955 = DIRECTION ( 'NONE',  ( -0.0000000000000000000, -0.0000000000000000000, -1.000000000000000000 ) ) ;
#2956 = ORIENTED_EDGE ( 'NONE', *, *, #5990, .T. ) ;
#2957 = CARTESIAN_POINT ( 'NONE',  ( -80.00000000000001400, -40.00000000000000000, 5.000000000000000000 ) ) ;
#2958 = LINE ( 'NONE', #1196, #1047 ) ;
#2959 = AXIS2_PLACEMENT_3D ( 'NONE', #1719, #6491, #1634 ) ;
#2960 = EDGE_CURVE ( 'NONE', #5135, #7645, #2462, .T. ) ;
#2961 = DIRECTION ( 'NONE',  ( 1.000000000000000000, 0.0000000000000000000, 0.0000000000000000000 ) ) ;
#2962 = AXIS2_PLACEMENT_3D ( 'NONE', #175, #4495, #751 ) ;
#2963 = CIRCLE ( 'NONE', #4661, 6.000000000000000900 ) ;
#2964 = DIRECTION ( 'NONE',  ( 0.0000000000000000000, 0.0000000000000000000, -1.000000000000000000 ) ) ;
#2965 = VECTOR ( 'NONE', #5212, 1000.000000000000000 ) ;
#2966 = ORIENTED_EDGE ( 'NONE', *, *, #5179, .F. ) ;
#2967 = CARTESIAN_POINT ( 'NONE',  ( -66.00000000000000000, 3.000000000000000900, 0.0000000000000000000 ) ) ;
#2968 = DIRECTION ( 'NONE',  ( -0.0000000000000000000, -0.0000000000000000000, 1.000000000000000000 ) ) ;
#2969 = CARTESIAN_POINT ( 'NONE',  ( 11.53013519640525400, 0.0000000000000000000, 20.93762159694730200 ) ) ;
#2970 = PLANE ( 'NONE',  #27 ) ;
#2971 = CIRCLE ( 'NONE', #6481, 1.650000000000000100 ) ;
#2972 = CIRCLE ( 'NONE', #3672, 1.650000000000000100 ) ;
#2973 = VECTOR ( 'NONE', #7718, 1000.000000000000000 ) ;
#2974 = ADVANCED_FACE ( 'NONE', ( #4000 ), #4647, .F. ) ;
#2975 = DIRECTION ( 'NONE',  ( -0.0000000000000000000, -0.0000000000000000000, -1.000000000000000000 ) ) ;
#2976 =( GEOMETRIC_REPRESENTATION_CONTEXT ( 3 ) GLOBAL_UNCERTAINTY_ASSIGNED_CONTEXT ( ( #211 ) ) GLOBAL_UNIT_ASSIGNED_CONTEXT ( ( #4838, #3658, #7282 ) ) REPRESENTATION_CONTEXT ( 'NONE', 'WORKASPACE' ) );
#2977 = VERTEX_POINT ( 'NONE', #1126 ) ;
#2978 = EDGE_CURVE ( 'NONE', #4042, #1708, #3056, .T. ) ;
#2979 = DIRECTION ( 'NONE',  ( 0.0000000000000000000, 0.0000000000000000000, -1.000000000000000000 ) ) ;
#2980 = CARTESIAN_POINT ( 'NONE',  ( 67.90000000000000600, -0.4999999999999997800, 10.00000000000000000 ) ) ;
#2981 = CARTESIAN_POINT ( 'NONE',  ( -90.00000000000002800, -40.00000000000006400, 5.000000000000000000 ) ) ;
#2982 = ORIENTED_EDGE ( 'NONE', *, *, #1159, .F. ) ;
#2983 = PLANE ( 'NONE',  #5438 ) ;
#2984 = VERTEX_POINT ( 'NONE', #2854 ) ;
#2985 = DIRECTION ( 'NONE',  ( -1.000000000000000000, 0.0000000000000000000, 0.0000000000000000000 ) ) ;
#2986 = ORIENTED_EDGE ( 'NONE', *, *, #2476, .F. ) ;
#2987 = EDGE_CURVE ( 'NONE', #795, #4147, #4842, .T. ) ;
#2988 = DIRECTION ( 'NONE',  ( -0.0000000000000000000, -0.0000000000000000000, 1.000000000000000000 ) ) ;
#2989 = AXIS2_PLACEMENT_3D ( 'NONE', #2029, #150, #4984 ) ;
#2990 = LINE ( 'NONE', #4606, #674 ) ;
#2991 = DIRECTION ( 'NONE',  ( -1.000000000000000000, 0.0000000000000000000, 0.0000000000000000000 ) ) ;
#2992 = EDGE_LOOP ( 'NONE', ( #1550, #233, #3576, #6897 ) ) ;
#2993 = DIRECTION ( 'NONE',  ( 1.000000000000000000, 0.0000000000000000000, 0.0000000000000000000 ) ) ;
#2994 = DIRECTION ( 'NONE',  ( -1.000000000000000000, 0.0000000000000000000, 0.0000000000000000000 ) ) ;
#2995 = CARTESIAN_POINT ( 'NONE',  ( -66.00000000000000000, -23.00000000000000000, 6.000000000000000000 ) ) ;
#2996 = DIRECTION ( 'NONE',  ( -0.0000000000000000000, -0.0000000000000000000, 1.000000000000000000 ) ) ;
#2997 = EDGE_LOOP ( 'NONE', ( #2424, #1514, #1946, #6114 ) ) ;
#2998 = ORIENTED_EDGE ( 'NONE', *, *, #3852, .T. ) ;
#2999 = EDGE_CURVE ( 'NONE', #5563, #1403, #2376, .T. ) ;
#3000 = AXIS2_PLACEMENT_3D ( 'NONE', #4629, #4578, #3430 ) ;
#3001 = CIRCLE ( 'NONE', #749, 4.000000000000003600 ) ;
#3002 = ORIENTED_EDGE ( 'NONE', *, *, #4498, .T. ) ;
#3003 = ORIENTED_EDGE ( 'NONE', *, *, #6364, .T. ) ;
#3004 = CARTESIAN_POINT ( 'NONE',  ( 5.000000000000001800, 54.99999999999999300, 0.0000000000000000000 ) ) ;
#3005 = CARTESIAN_POINT ( 'NONE',  ( -45.00000000000000700, 42.00000000000000000, 0.0000000000000000000 ) ) ;
#3006 = CARTESIAN_POINT ( 'NONE',  ( -13.00000000000000200, 0.0000000000000000000, 10.00000000000000000 ) ) ;
#3007 = AXIS2_PLACEMENT_3D ( 'NONE', #4796, #4827, #2387 ) ;
#3008 = EDGE_CURVE ( 'NONE', #4541, #246, #6729, .T. ) ;
#3009 = DIRECTION ( 'NONE',  ( -1.000000000000000000, 0.0000000000000000000, -0.0000000000000000000 ) ) ;
#3010 = CARTESIAN_POINT ( 'NONE',  ( -45.00000000000000700, 42.00000000000000000, 6.000000000000000000 ) ) ;
#3011 = EDGE_LOOP ( 'NONE', ( #6730, #7498 ) ) ;
#3012 = ORIENTED_EDGE ( 'NONE', *, *, #4909, .T. ) ;
#3013 = DIRECTION ( 'NONE',  ( -0.0000000000000000000, 0.0000000000000000000, 1.000000000000000000 ) ) ;
#3014 = ADVANCED_FACE ( 'NONE', ( #5309 ), #3711, .T. ) ;
#3015 = CARTESIAN_POINT ( 'NONE',  ( 75.00000000000000000, -10.00000000000000000, 10.00000000000000000 ) ) ;
#3016 = DIRECTION ( 'NONE',  ( -0.0000000000000000000, -0.0000000000000000000, 1.000000000000000000 ) ) ;
#3017 = CIRCLE ( 'NONE', #6127, 1.649999999999998600 ) ;
#3018 = ORIENTED_EDGE ( 'NONE', *, *, #1049, .T. ) ;
#3019 = AXIS2_PLACEMENT_3D ( 'NONE', #1328, #1857, #6115 ) ;
#3020 = EDGE_LOOP ( 'NONE', ( #3577, #871, #4756, #2078 ) ) ;
#3021 = CARTESIAN_POINT ( 'NONE',  ( 70.00000000000000000, -14.49999999999999800, 10.00000000000000000 ) ) ;
#3022 = CARTESIAN_POINT ( 'NONE',  ( -30.68489076841715500, -3.757815326172823200E-015, 46.07477892059625900 ) ) ;
#3023 = EDGE_CURVE ( 'NONE', #6766, #741, #5605, .T. ) ;
#3024 = DIRECTION ( 'NONE',  ( 0.0000000000000000000, 0.0000000000000000000, 1.000000000000000000 ) ) ;
#3025 = CIRCLE ( 'NONE', #7034, 40.09401076758509000 ) ;
#3026 = ORIENTED_EDGE ( 'NONE', *, *, #2833, .T. ) ;
#3027 = EDGE_LOOP ( 'NONE', ( #6981, #6396 ) ) ;
#3028 = CARTESIAN_POINT ( 'NONE',  ( -1.650000000000000100, -13.00000000000000200, 20.00000000000000000 ) ) ;
#3029 = DIRECTION ( 'NONE',  ( -0.0000000000000000000, -0.0000000000000000000, -1.000000000000000000 ) ) ;
#3030 = EDGE_CURVE ( 'NONE', #1365, #1927, #1799, .T. ) ;
#3031 = VERTEX_POINT ( 'NONE', #4213 ) ;
#3032 = VECTOR ( 'NONE', #3113, 1000.000000000000000 ) ;
#3033 = CARTESIAN_POINT ( 'NONE',  ( 0.0000000000000000000, 0.0000000000000000000, 10.00000000000000000 ) ) ;
#3034 = ORIENTED_EDGE ( 'NONE', *, *, #4256, .T. ) ;
#3035 = DIRECTION ( 'NONE',  ( 0.0000000000000000000, 0.0000000000000000000, -1.000000000000000000 ) ) ;
#3036 = CARTESIAN_POINT ( 'NONE',  ( 11.35000000000000100, 0.0000000000000000000, 18.00000000000000400 ) ) ;
#3037 = CARTESIAN_POINT ( 'NONE',  ( 79.99999999999997200, 29.99999999999999600, 5.000000000000000000 ) ) ;
#3038 = VECTOR ( 'NONE', #133, 1000.000000000000000 ) ;
#3039 = ORIENTED_EDGE ( 'NONE', *, *, #344, .T. ) ;
#3040 = CARTESIAN_POINT ( 'NONE',  ( 28.00000000000000700, -55.00000000000000000, 6.000000000000000000 ) ) ;
#3041 = EDGE_CURVE ( 'NONE', #2410, #795, #5887, .T. ) ;
#3042 = AXIS2_PLACEMENT_3D ( 'NONE', #225, #929, #1433 ) ;
#3043 = SURFACE_SIDE_STYLE ('',( #2283 ) ) ;
#3044 = CARTESIAN_POINT ( 'NONE',  ( 50.00000000000000000, -14.49999999999999800, 6.000000000000000000 ) ) ;
#3045 = DIRECTION ( 'NONE',  ( 1.000000000000000000, 0.0000000000000000000, 0.0000000000000000000 ) ) ;
#3046 = LINE ( 'NONE', #2208, #6715 ) ;
#3047 = VECTOR ( 'NONE', #3718, 1000.000000000000000 ) ;
#3048 = EDGE_LOOP ( 'NONE', ( #270, #49, #2137, #3002 ) ) ;
#3049 = ORIENTED_EDGE ( 'NONE', *, *, #5084, .T. ) ;
#3050 = ADVANCED_FACE ( 'NONE', ( #7665 ), #7192, .F. ) ;
#3051 = DIRECTION ( 'NONE',  ( -0.0000000000000000000, -0.0000000000000000000, -1.000000000000000000 ) ) ;
#3052 = LINE ( 'NONE', #6405, #6545 ) ;
#3053 = DIRECTION ( 'NONE',  ( -1.000000000000000000, 0.0000000000000000000, 0.0000000000000000000 ) ) ;
#3054 = EDGE_CURVE ( 'NONE', #379, #2222, #4462, .T. ) ;
#3055 = AXIS2_PLACEMENT_3D ( 'NONE', #3243, #5103, #6277 ) ;
#3056 = CIRCLE ( 'NONE', #4289, 3.999999999999996400 ) ;
#3057 = ORIENTED_EDGE ( 'NONE', *, *, #5074, .F. ) ;
#3058 = CARTESIAN_POINT ( 'NONE',  ( 0.0000000000000000000, 13.00000000000000200, 10.00000000000000000 ) ) ;
#3059 = CIRCLE ( 'NONE', #2737, 1.999999999999997300 ) ;
#3060 = CARTESIAN_POINT ( 'NONE',  ( 70.00000000000000000, -14.49999999999999800, -0.0000000000000000000 ) ) ;
#3061 = FACE_OUTER_BOUND ( 'NONE', #5367, .T. ) ;
#3062 = CYLINDRICAL_SURFACE ( 'NONE', #843, 4.000000000000003600 ) ;
#3063 = DIRECTION ( 'NONE',  ( -0.0000000000000000000, -0.0000000000000000000, 1.000000000000000000 ) ) ;
#3064 = AXIS2_PLACEMENT_3D ( 'NONE', #1473, #5222, #5812 ) ;
#3065 = CARTESIAN_POINT ( 'NONE',  ( -53.00000000000000700, -10.00000000000000000, 0.0000000000000000000 ) ) ;
#3066 = FACE_OUTER_BOUND ( 'NONE', #5075, .T. ) ;
#3067 = FACE_BOUND ( 'NONE', #1006, .T. ) ;
#3068 = EDGE_LOOP ( 'NONE', ( #6067, #5573 ) ) ;
#3069 = ADVANCED_FACE ( 'NONE', ( #1018 ), #6656, .T. ) ;
#3070 = CIRCLE ( 'NONE', #5874, 2.099999999999997900 ) ;
#3071 = PLANE ( 'NONE',  #4367 ) ;
#3072 = ORIENTED_EDGE ( 'NONE', *, *, #6626, .T. ) ;
#3073 = UNCERTAINTY_MEASURE_WITH_UNIT (LENGTH_MEASURE( 1.000000000000000100E-005 ), #5914, 'distance_accuracy_value', 'NONE');
#3074 = CONICAL_SURFACE ( 'NONE', #1924, 14.91145236876709200, 0.7853981633974479500 ) ;
#3075 = ORIENTED_EDGE ( 'NONE', *, *, #3147, .F. ) ;
#3076 = MECHANICAL_DESIGN_GEOMETRIC_PRESENTATION_REPRESENTATION (  '', ( #342 ), #1268 ) ;
#3077 = EDGE_CURVE ( 'NONE', #1940, #1521, #167, .T. ) ;
#3078 = ORIENTED_EDGE ( 'NONE', *, *, #7208, .T. ) ;
#3079 = DIRECTION ( 'NONE',  ( -1.000000000000000000, 0.0000000000000000000, 0.0000000000000000000 ) ) ;
#3080 = CARTESIAN_POINT ( 'NONE',  ( -59.99999999999999300, 9.999999999999998200, 0.0000000000000000000 ) ) ;
#3081 = DIRECTION ( 'NONE',  ( 1.000000000000000000, 0.0000000000000000000, 0.0000000000000000000 ) ) ;
#3082 = CYLINDRICAL_SURFACE ( 'NONE', #7355, 1.650000000000000100 ) ;
#3083 = VERTEX_POINT ( 'NONE', #3677 ) ;
#3084 = CARTESIAN_POINT ( 'NONE',  ( 14.99999999999999300, 10.00000000000000000, 10.00000000000000000 ) ) ;
#3085 = ORIENTED_EDGE ( 'NONE', *, *, #7431, .F. ) ;
#3086 = ORIENTED_EDGE ( 'NONE', *, *, #2814, .F. ) ;
#3087 = EDGE_CURVE ( 'NONE', #7261, #2209, #2855, .T. ) ;
#3088 = CARTESIAN_POINT ( 'NONE',  ( 5.000000000000004400, 29.99999999999999600, 5.000000000000000000 ) ) ;
#3089 = ADVANCED_FACE ( 'NONE', ( #457 ), #3522, .F. ) ;
#3090 = AXIS2_PLACEMENT_3D ( 'NONE', #1646, #3527, #6503 ) ;
#3091 = DIRECTION ( 'NONE',  ( -0.0000000000000000000, -0.0000000000000000000, -1.000000000000000000 ) ) ;
#3092 = ORIENTED_EDGE ( 'NONE', *, *, #2348, .T. ) ;
#3093 = DIRECTION ( 'NONE',  ( -1.000000000000000000, 0.0000000000000000000, 0.0000000000000000000 ) ) ;
#3094 = CARTESIAN_POINT ( 'NONE',  ( 45.00000000000000700, -42.00000000000000000, 0.0000000000000000000 ) ) ;
#3095 = DIRECTION ( 'NONE',  ( 0.0000000000000000000, 0.0000000000000000000, 1.000000000000000000 ) ) ;
#3096 = FACE_BOUND ( 'NONE', #4757, .T. ) ;
#3097 = EDGE_CURVE ( 'NONE', #5912, #6063, #5422, .T. ) ;
#3098 = AXIS2_PLACEMENT_3D ( 'NONE', #1947, #7770, #2985 ) ;
#3099 = VERTEX_POINT ( 'NONE', #4285 ) ;
#3100 = EDGE_LOOP ( 'NONE', ( #4163, #2204, #57, #1904, #80 ) ) ;
#3101 = CARTESIAN_POINT ( 'NONE',  ( -45.00000000000000700, 68.00000000000000000, 0.0000000000000000000 ) ) ;
#3102 = CIRCLE ( 'NONE', #6747, 11.00000000000000000 ) ;
#3103 = CARTESIAN_POINT ( 'NONE',  ( 0.0000000000000000000, 0.0000000000000000000, 10.00000000000000000 ) ) ;
#3104 = CARTESIAN_POINT ( 'NONE',  ( 50.00000000000000000, -14.49999999999999800, -0.0000000000000000000 ) ) ;
#3105 = DIRECTION ( 'NONE',  ( -0.0000000000000000000, -0.0000000000000000000, -1.000000000000000000 ) ) ;
#3106 = ORIENTED_EDGE ( 'NONE', *, *, #1341, .T. ) ;
#3107 = DIRECTION ( 'NONE',  ( -0.0000000000000000000, -0.0000000000000000000, 1.000000000000000000 ) ) ;
#3108 = ORIENTED_EDGE ( 'NONE', *, *, #4615, .T. ) ;
#3109 = ADVANCED_FACE ( 'NONE', ( #4192, #4282 ), #2368, .T. ) ;
#3110 = AXIS2_PLACEMENT_3D ( 'NONE', #1996, #6200, #3134 ) ;
#3111 = EDGE_CURVE ( 'NONE', #3688, #1212, #2572, .T. ) ;
#3112 = AXIS2_PLACEMENT_3D ( 'NONE', #6229, #6254, #2680 ) ;
#3113 = DIRECTION ( 'NONE',  ( 1.000000000000000000, 0.0000000000000000000, 0.0000000000000000000 ) ) ;
#3114 = DIRECTION ( 'NONE',  ( 1.000000000000000000, 0.0000000000000000000, 0.0000000000000000000 ) ) ;
#3115 = ORIENTED_EDGE ( 'NONE', *, *, #4225, .F. ) ;
#3116 = VERTEX_POINT ( 'NONE', #684 ) ;
#3117 = ORIENTED_EDGE ( 'NONE', *, *, #467, .F. ) ;
#3118 = CARTESIAN_POINT ( 'NONE',  ( -79.99999999999995700, -60.00000000000001400, 10.00000000000000000 ) ) ;
#3119 = CARTESIAN_POINT ( 'NONE',  ( -9.999999999999998200, 7.000000000000000900, 16.00000000000000000 ) ) ;
#3120 = CIRCLE ( 'NONE', #3273, 1.650000000000000400 ) ;
#3121 = LINE ( 'NONE', #4894, #4511 ) ;
#3122 = EDGE_LOOP ( 'NONE', ( #215, #4375, #3937, #2223 ) ) ;
#3123 = DIRECTION ( 'NONE',  ( -1.000000000000000000, 0.0000000000000000000, 0.0000000000000000000 ) ) ;
#3124 = EDGE_CURVE ( 'NONE', #2841, #6793, #561, .T. ) ;
#3125 = VERTEX_POINT ( 'NONE', #6790 ) ;
#3126 = ADVANCED_FACE ( 'NONE', ( #3251 ), #362, .F. ) ;
#3127 =( NAMED_UNIT ( * ) SI_UNIT ( $, .STERADIAN. ) SOLID_ANGLE_UNIT ( ) );
#3128 = LINE ( 'NONE', #6704, #4070 ) ;
#3129 = VERTEX_POINT ( 'NONE', #3838 ) ;
#3130 = CARTESIAN_POINT ( 'NONE',  ( -79.00000000000000000, -10.00000000000000000, 0.0000000000000000000 ) ) ;
#3131 = FACE_BOUND ( 'NONE', #5312, .T. ) ;
#3132 = DIRECTION ( 'NONE',  ( 0.7071067811865474600, 0.0000000000000000000, 0.7071067811865474600 ) ) ;
#3133 = CARTESIAN_POINT ( 'NONE',  ( 0.0000000000000000000, -13.00000000000000200, 18.00000000000000400 ) ) ;
#3134 = DIRECTION ( 'NONE',  ( 1.000000000000000000, 0.0000000000000000000, 0.0000000000000000000 ) ) ;
#3135 = EDGE_CURVE ( 'NONE', #5615, #1339, #7285, .T. ) ;
#3136 = AXIS2_PLACEMENT_3D ( 'NONE', #1659, #5915, #3562 ) ;
#3137 = VECTOR ( 'NONE', #2996, 1000.000000000000000 ) ;
#3138 = CYLINDRICAL_SURFACE ( 'NONE', #2538, 1.650000000000000400 ) ;
#3139 = CIRCLE ( 'NONE', #5713, 7.500000000000000000 ) ;
#3140 = ORIENTED_EDGE ( 'NONE', *, *, #3247, .T. ) ;
#3141 = ORIENTED_EDGE ( 'NONE', *, *, #5202, .T. ) ;
#3142 = DIRECTION ( 'NONE',  ( -0.0000000000000000000, -0.0000000000000000000, 1.000000000000000000 ) ) ;
#3143 = DIRECTION ( 'NONE',  ( -1.000000000000000000, 0.0000000000000000000, 0.0000000000000000000 ) ) ;
#3144 = VECTOR ( 'NONE', #2806, 1000.000000000000000 ) ;
#3145 = CYLINDRICAL_SURFACE ( 'NONE', #4594, 2.100000000000004500 ) ;
#3146 = EDGE_LOOP ( 'NONE', ( #7057, #2213, #5842, #458 ) ) ;
#3147 = EDGE_CURVE ( 'NONE', #1717, #4826, #1883, .T. ) ;
#3148 = AXIS2_PLACEMENT_3D ( 'NONE', #6887, #6310, #3877 ) ;
#3149 = DIRECTION ( 'NONE',  ( -0.0000000000000000000, -0.0000000000000000000, -1.000000000000000000 ) ) ;
#3150 = VERTEX_POINT ( 'NONE', #3234 ) ;
#3151 = CARTESIAN_POINT ( 'NONE',  ( -14.00000000000000000, 0.0000000000000000000, 50.00000000000000000 ) ) ;
#3152 = ADVANCED_FACE ( 'NONE', ( #2671 ), #6272, .F. ) ;
#3153 = CARTESIAN_POINT ( 'NONE',  ( 10.00000000000000000, -6.999999999999999100, 10.00000000000000000 ) ) ;
#3154 = DIRECTION ( 'NONE',  ( 1.000000000000000000, 0.0000000000000000000, 0.0000000000000000000 ) ) ;
#3155 = VECTOR ( 'NONE', #4028, 1000.000000000000000 ) ;
#3156 = FACE_OUTER_BOUND ( 'NONE', #4246, .T. ) ;
#3157 = ORIENTED_EDGE ( 'NONE', *, *, #1221, .T. ) ;
#3158 = VERTEX_POINT ( 'NONE', #4360 ) ;
#3159 = AXIS2_PLACEMENT_3D ( 'NONE', #1950, #2576, #2517 ) ;
#3160 = EDGE_CURVE ( 'NONE', #4604, #5589, #2186, .T. ) ;
#3161 = AXIS2_PLACEMENT_3D ( 'NONE', #4887, #1235, #5653 ) ;
#3162 = DIRECTION ( 'NONE',  ( -0.0000000000000000000, -0.0000000000000000000, -1.000000000000000000 ) ) ;
#3163 = CIRCLE ( 'NONE', #2010, 17.00000000000000000 ) ;
#3164 = LINE ( 'NONE', #5000, #5232 ) ;
#3165 = ORIENTED_EDGE ( 'NONE', *, *, #845, .T. ) ;
#3166 = DIRECTION ( 'NONE',  ( 0.0000000000000000000, -1.000000000000000000, 0.0000000000000000000 ) ) ;
#3167 = ORIENTED_EDGE ( 'NONE', *, *, #7132, .F. ) ;
#3168 = DIRECTION ( 'NONE',  ( 1.000000000000000000, 0.0000000000000000000, 0.0000000000000000000 ) ) ;
#3169 = ADVANCED_FACE ( 'NONE', ( #754 ), #1120, .F. ) ;
#3170 = CIRCLE ( 'NONE', #6652, 9.999999999999998200 ) ;
#3171 = AXIS2_PLACEMENT_3D ( 'NONE', #2403, #487, #1168 ) ;
#3172 = VERTEX_POINT ( 'NONE', #6242 ) ;
#3173 = CARTESIAN_POINT ( 'NONE',  ( 49.00000000000000000, -68.00000000000000000, 6.000000000000000000 ) ) ;
#3174 = PLANE ( 'NONE',  #6750 ) ;
#3175 = ORIENTED_EDGE ( 'NONE', *, *, #974, .F. ) ;
#3176 = DIRECTION ( 'NONE',  ( 1.000000000000000000, 0.0000000000000000000, 0.0000000000000000000 ) ) ;
#3177 = DIRECTION ( 'NONE',  ( 0.0000000000000000000, 0.0000000000000000000, 1.000000000000000000 ) ) ;
#3178 = VECTOR ( 'NONE', #7882, 1000.000000000000000 ) ;
#3179 = CARTESIAN_POINT ( 'NONE',  ( 15.00000000000000400, 2.500000000000000900, 10.00000000000000000 ) ) ;
#3180 = ORIENTED_EDGE ( 'NONE', *, *, #7551, .T. ) ;
#3181 = VERTEX_POINT ( 'NONE', #4438 ) ;
#3182 = SURFACE_SIDE_STYLE ('',( #817 ) ) ;
#3183 = EDGE_CURVE ( 'NONE', #5565, #4688, #4088, .T. ) ;
#3184 =( NAMED_UNIT ( * ) PLANE_ANGLE_UNIT ( ) SI_UNIT ( $, .RADIAN. ) );
#3185 = EDGE_LOOP ( 'NONE', ( #5865, #6619, #581 ) ) ;
#3186 = CARTESIAN_POINT ( 'NONE',  ( -14.99999999999999600, -10.00000000000000000, 10.00000000000000000 ) ) ;
#3187 = ORIENTED_EDGE ( 'NONE', *, *, #6227, .F. ) ;
#3188 = CARTESIAN_POINT ( 'NONE',  ( -5.000000000000004400, -60.00000000000000000, 5.000000000000000000 ) ) ;
#3189 = DIRECTION ( 'NONE',  ( 0.0000000000000000000, 0.0000000000000000000, 1.000000000000000000 ) ) ;
#3190 = ADVANCED_FACE ( 'NONE', ( #7089 ), #5503, .F. ) ;
#3191 = PRODUCT_DEFINITION_SHAPE ( 'NONE', 'NONE',  #2092 ) ;
#3192 = ORIENTED_EDGE ( 'NONE', *, *, #5632, .T. ) ;
#3193 = EDGE_LOOP ( 'NONE', ( #3252, #411, #5598, #2285 ) ) ;
#3194 = EDGE_CURVE ( 'NONE', #3581, #5550, #3625, .T. ) ;
#3195 = CARTESIAN_POINT ( 'NONE',  ( -5.000000000000018700, -35.00000000000000000, 5.000000000000000000 ) ) ;
#3196 = MECHANICAL_DESIGN_GEOMETRIC_PRESENTATION_REPRESENTATION (  '', ( #4003 ), #6529 ) ;
#3197 = CARTESIAN_POINT ( 'NONE',  ( -69.99999999999998600, 50.00000000000002800, 5.000000000000000000 ) ) ;
#3198 = DIRECTION ( 'NONE',  ( 0.0000000000000000000, -0.0000000000000000000, -1.000000000000000000 ) ) ;
#3199 = FACE_BOUND ( 'NONE', #555, .T. ) ;
#3200 = CARTESIAN_POINT ( 'NONE',  ( -69.99999999999998600, 75.00000000000000000, 10.00000000000000000 ) ) ;
#3201 = ORIENTED_EDGE ( 'NONE', *, *, #2125, .F. ) ;
#3202 = EDGE_LOOP ( 'NONE', ( #4793, #1941 ) ) ;
#3203 = DIRECTION ( 'NONE',  ( -0.0000000000000000000, -0.0000000000000000000, 1.000000000000000000 ) ) ;
#3204 = EDGE_CURVE ( 'NONE', #1879, #7730, #846, .T. ) ;
#3205 = AXIS2_PLACEMENT_3D ( 'NONE', #3896, #228, #6379 ) ;
#3206 = ADVANCED_FACE ( 'NONE', ( #7391 ), #5037, .T. ) ;
#3207 = DIRECTION ( 'NONE',  ( 0.0000000000000000000, 1.000000000000000000, 0.0000000000000000000 ) ) ;
#3208 = FACE_OUTER_BOUND ( 'NONE', #7377, .T. ) ;
#3209 = ORIENTED_EDGE ( 'NONE', *, *, #58, .T. ) ;
#3210 = VERTEX_POINT ( 'NONE', #6941 ) ;
#3211 = PLANE ( 'NONE',  #5311 ) ;
#3212 = CARTESIAN_POINT ( 'NONE',  ( 75.00000000000000000, -7.500000000000000000, 10.00000000000000000 ) ) ;
#3213 = CARTESIAN_POINT ( 'NONE',  ( 50.00000000000000000, -0.5000000000000002200, -0.0000000000000000000 ) ) ;
#3214 = CARTESIAN_POINT ( 'NONE',  ( 58.00000000000000000, -55.00000000000000000, 6.000000000000000000 ) ) ;
#3215 = ORIENTED_EDGE ( 'NONE', *, *, #5632, .F. ) ;
#3216 = VECTOR ( 'NONE', #1846, 1000.000000000000000 ) ;
#3217 = VERTEX_POINT ( 'NONE', #816 ) ;
#3218 = AXIS2_PLACEMENT_3D ( 'NONE', #4878, #1824, #7854 ) ;
#3219 = VERTEX_POINT ( 'NONE', #842 ) ;
#3220 = AXIS2_PLACEMENT_3D ( 'NONE', #790, #4406, #158 ) ;
#3221 = CARTESIAN_POINT ( 'NONE',  ( -14.65000000000000200, 0.0000000000000000000, 20.00000000000000000 ) ) ;
#3222 = CARTESIAN_POINT ( 'NONE',  ( 10.00000000000000200, 7.000000000000000900, 16.00000000000000000 ) ) ;
#3223 = DIRECTION ( 'NONE',  ( 1.000000000000000000, 0.0000000000000000000, 0.0000000000000000000 ) ) ;
#3224 = LINE ( 'NONE', #4013, #3687 ) ;
#3225 = ORIENTED_EDGE ( 'NONE', *, *, #6263, .F. ) ;
#3226 = CIRCLE ( 'NONE', #3623, 4.000000000000003600 ) ;
#3227 = ORIENTED_EDGE ( 'NONE', *, *, #3448, .F. ) ;
#3228 = AXIS2_PLACEMENT_3D ( 'NONE', #7783, #2256, #5872 ) ;
#3229 = DIRECTION ( 'NONE',  ( 1.000000000000000000, 0.0000000000000000000, 0.0000000000000000000 ) ) ;
#3230 = DIRECTION ( 'NONE',  ( 0.0000000000000000000, 0.0000000000000000000, -1.000000000000000000 ) ) ;
#3231 = CARTESIAN_POINT ( 'NONE',  ( 13.00000000000000200, 0.0000000000000000000, 20.00000000000000000 ) ) ;
#3232 = FACE_OUTER_BOUND ( 'NONE', #503, .T. ) ;
#3233 = EDGE_CURVE ( 'NONE', #7315, #3523, #3901, .T. ) ;
#3234 = CARTESIAN_POINT ( 'NONE',  ( 42.90000000000000600, -68.00000000000000000, 6.000000000000000000 ) ) ;
#3235 = FACE_OUTER_BOUND ( 'NONE', #5998, .T. ) ;
#3236 = VECTOR ( 'NONE', #2692, 1000.000000000000000 ) ;
#3237 = ORIENTED_EDGE ( 'NONE', *, *, #809, .F. ) ;
#3238 = EDGE_LOOP ( 'NONE', ( #2362, #2629 ) ) ;
#3239 =( NAMED_UNIT ( * ) PLANE_ANGLE_UNIT ( ) SI_UNIT ( $, .RADIAN. ) );
#3240 = CARTESIAN_POINT ( 'NONE',  ( 30.68489076841715500, 7.515630652345646400E-015, 46.07477892059625900 ) ) ;
#3241 = VECTOR ( 'NONE', #5655, 1000.000000000000000 ) ;
#3242 = EDGE_LOOP ( 'NONE', ( #2773, #6713, #7051, #6015 ) ) ;
#3243 = CARTESIAN_POINT ( 'NONE',  ( 13.00000000000000200, 0.0000000000000000000, 20.00000000000000000 ) ) ;
#3244 = CARTESIAN_POINT ( 'NONE',  ( 0.0000000000000000000, -13.00000000000000200, 10.00000000000000000 ) ) ;
#3245 = ORIENTED_EDGE ( 'NONE', *, *, #7823, .T. ) ;
#3246 = DIRECTION ( 'NONE',  ( 0.0000000000000000000, 0.0000000000000000000, 1.000000000000000000 ) ) ;
#3247 = EDGE_CURVE ( 'NONE', #387, #3732, #3435, .T. ) ;
#3248 = AXIS2_PLACEMENT_3D ( 'NONE', #4090, #7713, #5272 ) ;
#3249 = DIRECTION ( 'NONE',  ( -1.000000000000000000, 0.0000000000000000000, 0.0000000000000000000 ) ) ;
#3250 = CYLINDRICAL_SURFACE ( 'NONE', #1396, 3.999999999999996400 ) ;
#3251 = FACE_OUTER_BOUND ( 'NONE', #3780, .T. ) ;
#3252 = ORIENTED_EDGE ( 'NONE', *, *, #3284, .F. ) ;
#3253 = DIRECTION ( 'NONE',  ( 1.000000000000000000, 9.251858538542975300E-017, 0.0000000000000000000 ) ) ;
#3254 = ADVANCED_FACE ( 'NONE', ( #6836 ), #5123, .F. ) ;
#3255 = DIRECTION ( 'NONE',  ( -0.0000000000000000000, -0.0000000000000000000, 1.000000000000000000 ) ) ;
#3256 = DIRECTION ( 'NONE',  ( 0.0000000000000000000, 0.0000000000000000000, -1.000000000000000000 ) ) ;
#3257 = CARTESIAN_POINT ( 'NONE',  ( -49.00000000000000000, -10.00000000000000000, 6.000000000000000000 ) ) ;
#3258 = CYLINDRICAL_SURFACE ( 'NONE', #4317, 17.00000000000000000 ) ;
#3259 = EDGE_CURVE ( 'NONE', #5267, #5659, #2272, .T. ) ;
#3260 = AXIS2_PLACEMENT_3D ( 'NONE', #3385, #3986, #319 ) ;
#3261 = LINE ( 'NONE', #3548, #5314 ) ;
#3262 = DIRECTION ( 'NONE',  ( -1.000000000000000000, 0.0000000000000000000, 0.0000000000000000000 ) ) ;
#3263 = CARTESIAN_POINT ( 'NONE',  ( 89.99999999999997200, -75.00000000000000000, 5.000000000000000000 ) ) ;
#3264 = VERTEX_POINT ( 'NONE', #3314 ) ;
#3265 = DIRECTION ( 'NONE',  ( 0.0000000000000000000, 0.0000000000000000000, -1.000000000000000000 ) ) ;
#3266 = LINE ( 'NONE', #2549, #78 ) ;
#3267 = CIRCLE ( 'NONE', #438, 1.650000000000000100 ) ;
#3268 = CYLINDRICAL_SURFACE ( 'NONE', #1496, 2.099999999999997900 ) ;
#3269 = AXIS2_PLACEMENT_3D ( 'NONE', #4379, #5623, #675 ) ;
#3270 = ORIENTED_EDGE ( 'NONE', *, *, #2735, .F. ) ;
#3271 = CARTESIAN_POINT ( 'NONE',  ( 8.000000000000000000, 16.00000000000001400, 17.99999999999998900 ) ) ;
#3272 = EDGE_CURVE ( 'NONE', #4620, #3581, #941, .T. ) ;
#3273 = AXIS2_PLACEMENT_3D ( 'NONE', #862, #2796, #3334 ) ;
#3274 = DIRECTION ( 'NONE',  ( 0.0000000000000000000, 0.0000000000000000000, -1.000000000000000000 ) ) ;
#3275 = DIRECTION ( 'NONE',  ( -0.0000000000000000000, -0.0000000000000000000, -1.000000000000000000 ) ) ;
#3276 = ORIENTED_EDGE ( 'NONE', *, *, #5426, .F. ) ;
#3277 = EDGE_LOOP ( 'NONE', ( #1233, #66, #5919, #3320 ) ) ;
#3278 = CARTESIAN_POINT ( 'NONE',  ( 45.00000000000000700, -68.00000000000000000, 6.000000000000000000 ) ) ;
#3279 = ORIENTED_EDGE ( 'NONE', *, *, #7482, .T. ) ;
#3280 = DIRECTION ( 'NONE',  ( -0.0000000000000000000, -0.0000000000000000000, 1.000000000000000000 ) ) ;
#3281 = CARTESIAN_POINT ( 'NONE',  ( 5.000000000000004400, 60.00000000000000000, 5.000000000000000000 ) ) ;
#3282 = VECTOR ( 'NONE', #4195, 1000.000000000000000 ) ;
#3283 = ORIENTED_EDGE ( 'NONE', *, *, #165, .T. ) ;
#3284 = EDGE_CURVE ( 'NONE', #1353, #6610, #6073, .T. ) ;
#3285 = EDGE_LOOP ( 'NONE', ( #382, #1048, #1672, #1035 ) ) ;
#3286 = ORIENTED_EDGE ( 'NONE', *, *, #3635, .F. ) ;
#3287 = DIRECTION ( 'NONE',  ( -0.0000000000000000000, -0.0000000000000000000, -1.000000000000000000 ) ) ;
#3288 = CARTESIAN_POINT ( 'NONE',  ( 11.65000000000000000, -6.999999999999999100, 10.00000000000000000 ) ) ;
#3289 = FACE_OUTER_BOUND ( 'NONE', #1847, .T. ) ;
#3290 = ORIENTED_EDGE ( 'NONE', *, *, #829, .F. ) ;
#3291 = ORIENTED_EDGE ( 'NONE', *, *, #2396, .T. ) ;
#3292 = ADVANCED_FACE ( 'NONE', ( #4272, #1312 ), #870, .T. ) ;
#3293 = EDGE_CURVE ( 'NONE', #3929, #5659, #1211, .T. ) ;
#3294 = AXIS2_PLACEMENT_3D ( 'NONE', #2274, #6586, #3013 ) ;
#3295 = VECTOR ( 'NONE', #5917, 1000.000000000000000 ) ;
#3296 = CARTESIAN_POINT ( 'NONE',  ( -67.65000000000000600, 3.000000000000000900, 6.000000000000000000 ) ) ;
#3297 = DIRECTION ( 'NONE',  ( -0.0000000000000000000, -0.0000000000000000000, -1.000000000000000000 ) ) ;
#3298 = ORIENTED_EDGE ( 'NONE', *, *, #6764, .T. ) ;
#3299 = ORIENTED_EDGE ( 'NONE', *, *, #4858, .F. ) ;
#3300 = EDGE_CURVE ( 'NONE', #1768, #6906, #5411, .T. ) ;
#3301 = DIRECTION ( 'NONE',  ( -0.0000000000000000000, -0.0000000000000000000, -1.000000000000000000 ) ) ;
#3302 = AXIS2_PLACEMENT_3D ( 'NONE', #3778, #6678, #3093 ) ;
#3303 = ORIENTED_EDGE ( 'NONE', *, *, #1495, .T. ) ;
#3304 = CARTESIAN_POINT ( 'NONE',  ( 0.0000000000000000000, -13.00000000000000200, 20.00000000000000000 ) ) ;
#3305 = ORIENTED_EDGE ( 'NONE', *, *, #3293, .T. ) ;
#3306 = CARTESIAN_POINT ( 'NONE',  ( -45.00000000000000700, 42.00000000000000000, 6.000000000000000000 ) ) ;
#3307 = CARTESIAN_POINT ( 'NONE',  ( -75.00000000000000000, 49.99999999999999300, 5.000000000000000000 ) ) ;
#3308 = ORIENTED_EDGE ( 'NONE', *, *, #7122, .F. ) ;
#3309 = FACE_OUTER_BOUND ( 'NONE', #6069, .T. ) ;
#3310 = DIRECTION ( 'NONE',  ( -0.0000000000000000000, -0.0000000000000000000, -1.000000000000000000 ) ) ;
#3311 = ORIENTED_EDGE ( 'NONE', *, *, #7014, .F. ) ;
#3312 = DIRECTION ( 'NONE',  ( 0.0000000000000000000, 0.0000000000000000000, -1.000000000000000000 ) ) ;
#3313 = ORIENTED_EDGE ( 'NONE', *, *, #5160, .F. ) ;
#3314 = CARTESIAN_POINT ( 'NONE',  ( 100.0000000000000300, -64.99999999999991500, 0.0000000000000000000 ) ) ;
#3315 = EDGE_CURVE ( 'NONE', #556, #6659, #6624, .T. ) ;
#3316 = MECHANICAL_DESIGN_GEOMETRIC_PRESENTATION_REPRESENTATION (  '', ( #429 ), #4771 ) ;
#3317 = APPLICATION_CONTEXT ( 'automotive_design' ) ;
#3318 = CIRCLE ( 'NONE', #1862, 2.099999999999997900 ) ;
#3319 = VECTOR ( 'NONE', #5476, 1000.000000000000000 ) ;
#3320 = ORIENTED_EDGE ( 'NONE', *, *, #3656, .T. ) ;
#3321 = EDGE_LOOP ( 'NONE', ( #1607, #326 ) ) ;
#3322 = AXIS2_PLACEMENT_3D ( 'NONE', #6536, #2918, #7816 ) ;
#3323 = DIRECTION ( 'NONE',  ( 0.0000000000000000000, 0.0000000000000000000, 1.000000000000000000 ) ) ;
#3324 = CIRCLE ( 'NONE', #6882, 1.650000000000000400 ) ;
#3325 = ORIENTED_EDGE ( 'NONE', *, *, #3685, .T. ) ;
#3326 = PRODUCT_DEFINITION_CONTEXT ( 'detailed design', #1483, 'design' ) ;
#3327 = VECTOR ( 'NONE', #3857, 1000.000000000000000 ) ;
#3328 = ADVANCED_FACE ( 'NONE', ( #2563 ), #5153, .T. ) ;
#3329 = DIRECTION ( 'NONE',  ( 0.0000000000000000000, 0.0000000000000000000, 1.000000000000000000 ) ) ;
#3330 = DIRECTION ( 'NONE',  ( -0.0000000000000000000, -0.0000000000000000000, 1.000000000000000000 ) ) ;
#3331 = CARTESIAN_POINT ( 'NONE',  ( -79.99999999999998600, -55.00000000000000000, 0.0000000000000000000 ) ) ;
#3332 = CIRCLE ( 'NONE', #1485, 2.100000000000004500 ) ;
#3333 = ORIENTED_EDGE ( 'NONE', *, *, #1171, .T. ) ;
#3334 = DIRECTION ( 'NONE',  ( -1.000000000000000000, 0.0000000000000000000, 0.0000000000000000000 ) ) ;
#3335 = VERTEX_POINT ( 'NONE', #2039 ) ;
#3336 = CARTESIAN_POINT ( 'NONE',  ( -5.000000000000018700, -30.00000000000000400, 5.000000000000000000 ) ) ;
#3337 = PRODUCT_DEFINITION ( '未知', '', #7765, #5211 ) ;
#3338 = EDGE_CURVE ( 'NONE', #4826, #1848, #156, .T. ) ;
#3339 = ADVANCED_FACE ( 'NONE', ( #7182 ), #4183, .T. ) ;
#3340 = CIRCLE ( 'NONE', #5787, 4.000000000000003600 ) ;
#3341 = FACE_OUTER_BOUND ( 'NONE', #4026, .T. ) ;
#3342 = ORIENTED_EDGE ( 'NONE', *, *, #7053, .F. ) ;
#3343 = CARTESIAN_POINT ( 'NONE',  ( 37.00000000000000700, -55.00000000000000000, 0.0000000000000000000 ) ) ;
#3344 = CYLINDRICAL_SURFACE ( 'NONE', #1812, 17.00000000000000000 ) ;
#3345 = CIRCLE ( 'NONE', #4731, 4.000000000000003600 ) ;
#3346 = EDGE_LOOP ( 'NONE', ( #5033, #2297 ) ) ;
#3347 = EDGE_CURVE ( 'NONE', #1521, #1940, #2763, .T. ) ;
#3348 = AXIS2_PLACEMENT_3D ( 'NONE', #5572, #767, #2091 ) ;
#3349 = ORIENTED_EDGE ( 'NONE', *, *, #6700, .F. ) ;
#3350 = DIRECTION ( 'NONE',  ( 0.0000000000000000000, 0.0000000000000000000, -1.000000000000000000 ) ) ;
#3351 = ORIENTED_EDGE ( 'NONE', *, *, #2219, .F. ) ;
#3352 = DIRECTION ( 'NONE',  ( 0.0000000000000000000, 0.0000000000000000000, 1.000000000000000000 ) ) ;
#3353 = CARTESIAN_POINT ( 'NONE',  ( 70.00000000000000000, -0.5000000000000000000, 6.000000000000000000 ) ) ;
#3354 = EDGE_CURVE ( 'NONE', #5888, #4487, #2663, .T. ) ;
#3355 = ORIENTED_EDGE ( 'NONE', *, *, #3427, .F. ) ;
#3356 = CARTESIAN_POINT ( 'NONE',  ( -1.650000000000000100, 13.00000000000000200, 18.00000000000000400 ) ) ;
#3357 = DIRECTION ( 'NONE',  ( 0.0000000000000000000, 0.0000000000000000000, 1.000000000000000000 ) ) ;
#3358 = FACE_BOUND ( 'NONE', #623, .T. ) ;
#3359 = ORIENTED_EDGE ( 'NONE', *, *, #552, .F. ) ;
#3360 = CARTESIAN_POINT ( 'NONE',  ( 14.99999999999998900, 6.000000000000000000, 16.00000000000000000 ) ) ;
#3361 = VERTEX_POINT ( 'NONE', #7077 ) ;
#3362 = CARTESIAN_POINT ( 'NONE',  ( 0.0000000000000000000, 0.0000000000000000000, 30.00000000000000400 ) ) ;
#3363 = ADVANCED_FACE ( 'NONE', ( #7474 ), #1792, .F. ) ;
#3364 = ORIENTED_EDGE ( 'NONE', *, *, #6736, .F. ) ;
#3365 = FACE_OUTER_BOUND ( 'NONE', #7571, .T. ) ;
#3366 = EDGE_LOOP ( 'NONE', ( #5287, #1884, #199, #3846 ) ) ;
#3367 = AXIS2_PLACEMENT_3D ( 'NONE', #7711, #3479, #5988 ) ;
#3368 = DIRECTION ( 'NONE',  ( -1.000000000000000000, 0.0000000000000000000, 0.0000000000000000000 ) ) ;
#3369 = EDGE_CURVE ( 'NONE', #5135, #5711, #5030, .T. ) ;
#3370 = AXIS2_PLACEMENT_3D ( 'NONE', #2734, #3397, #5772 ) ;
#3371 = ORIENTED_EDGE ( 'NONE', *, *, #6528, .T. ) ;
#3372 = EDGE_LOOP ( 'NONE', ( #3911, #13, #3953, #2257 ) ) ;
#3373 = CARTESIAN_POINT ( 'NONE',  ( 90.00000000000004300, 65.00000000000000000, 0.0000000000000000000 ) ) ;
#3374 = DIRECTION ( 'NONE',  ( -1.000000000000000000, -0.0000000000000000000, -0.0000000000000000000 ) ) ;
#3375 = CYLINDRICAL_SURFACE ( 'NONE', #4122, 3.999999999999996400 ) ;
#3376 = VERTEX_POINT ( 'NONE', #7668 ) ;
#3377 = DIRECTION ( 'NONE',  ( -0.0000000000000000000, -0.0000000000000000000, 1.000000000000000000 ) ) ;
#3378 = AXIS2_PLACEMENT_3D ( 'NONE', #1368, #7388, #2587 ) ;
#3379 = DIRECTION ( 'NONE',  ( 1.000000000000000000, 0.0000000000000000000, 0.0000000000000000000 ) ) ;
#3380 = STYLED_ITEM ( 'NONE', ( #6330 ), #6454 ) ;
#3381 = EDGE_CURVE ( 'NONE', #2119, #5220, #6542, .T. ) ;
#3382 = FACE_OUTER_BOUND ( 'NONE', #3146, .T. ) ;
#3383 = DIRECTION ( 'NONE',  ( -1.000000000000000000, 0.0000000000000000000, 0.0000000000000000000 ) ) ;
#3384 = ORIENTED_EDGE ( 'NONE', *, *, #4214, .F. ) ;
#3385 = CARTESIAN_POINT ( 'NONE',  ( 50.00000000000000000, -14.49999999999999800, -0.0000000000000000000 ) ) ;
#3386 = DIRECTION ( 'NONE',  ( 1.000000000000000000, 0.0000000000000000000, 0.0000000000000000000 ) ) ;
#3387 = VECTOR ( 'NONE', #1246, 1000.000000000000000 ) ;
#3388 = VERTEX_POINT ( 'NONE', #4667 ) ;
#3389 = VERTEX_POINT ( 'NONE', #3411 ) ;
#3390 = EDGE_CURVE ( 'NONE', #7707, #5589, #1010, .T. ) ;
#3391 = CARTESIAN_POINT ( 'NONE',  ( -58.00000000000000000, 55.00000000000000000, 6.000000000000000000 ) ) ;
#3392 = DIRECTION ( 'NONE',  ( -1.000000000000000000, 0.0000000000000000000, 0.0000000000000000000 ) ) ;
#3393 = EDGE_LOOP ( 'NONE', ( #5692, #4120, #6865, #7554 ) ) ;
#3394 = CYLINDRICAL_SURFACE ( 'NONE', #3367, 8.000000000000000000 ) ;
#3395 = VERTEX_POINT ( 'NONE', #5818 ) ;
#3396 = VERTEX_POINT ( 'NONE', #5275 ) ;
#3397 = DIRECTION ( 'NONE',  ( -0.0000000000000000000, -0.0000000000000000000, 1.000000000000000000 ) ) ;
#3398 = EDGE_CURVE ( 'NONE', #5858, #3083, #1112, .T. ) ;
#3399 = ADVANCED_FACE ( 'NONE', ( #5795 ), #1588, .F. ) ;
#3400 = CARTESIAN_POINT ( 'NONE',  ( -45.00000000000000700, 68.00000000000000000, 6.000000000000000000 ) ) ;
#3401 = VERTEX_POINT ( 'NONE', #4590 ) ;
#3402 = DIRECTION ( 'NONE',  ( 0.0000000000000000000, 0.0000000000000000000, -1.000000000000000000 ) ) ;
#3403 = DIRECTION ( 'NONE',  ( -0.0000000000000000000, -0.0000000000000000000, 1.000000000000000000 ) ) ;
#3404 = FACE_OUTER_BOUND ( 'NONE', #4857, .T. ) ;
#3405 = EDGE_LOOP ( 'NONE', ( #5199, #7481, #6327, #7385 ) ) ;
#3406 = DIRECTION ( 'NONE',  ( 0.0000000000000000000, 0.0000000000000000000, 1.000000000000000000 ) ) ;
#3407 = ORIENTED_EDGE ( 'NONE', *, *, #1654, .F. ) ;
#3408 = CARTESIAN_POINT ( 'NONE',  ( -5.000000000000011500, -45.00000000000000000, 5.000000000000000000 ) ) ;
#3409 = CARTESIAN_POINT ( 'NONE',  ( 17.37044324410520300, 0.0000000000000000000, 26.78495389014887400 ) ) ;
#3410 = DIRECTION ( 'NONE',  ( -0.0000000000000000000, -0.0000000000000000000, 1.000000000000000000 ) ) ;
#3411 = CARTESIAN_POINT ( 'NONE',  ( 6.000000000000000900, 0.0000000000000000000, 15.00000000000000400 ) ) ;
#3412 = ORIENTED_EDGE ( 'NONE', *, *, #7470, .F. ) ;
#3413 = EDGE_CURVE ( 'NONE', #4371, #6610, #4834, .T. ) ;
#3414 = CIRCLE ( 'NONE', #6203, 2.099999999999997900 ) ;
#3415 = AXIS2_PLACEMENT_3D ( 'NONE', #162, #5047, #6370 ) ;
#3416 = ADVANCED_BREP_SHAPE_REPRESENTATION ( '', ( #4806, #7414 ), #4188 ) ;
#3417 = CARTESIAN_POINT ( 'NONE',  ( -99.99999999999998600, 64.99999999999991500, 10.00000000000000000 ) ) ;
#3418 = SURFACE_STYLE_FILL_AREA ( #7249 ) ;
#3419 = FACE_OUTER_BOUND ( 'NONE', #2296, .T. ) ;
#3420 = ORIENTED_EDGE ( 'NONE', *, *, #3247, .F. ) ;
#3421 = CARTESIAN_POINT ( 'NONE',  ( -10.99999999999999600, 0.9999999999999967800, 16.00000000000000000 ) ) ;
#3422 = DIRECTION ( 'NONE',  ( 0.0000000000000000000, 0.0000000000000000000, -1.000000000000000000 ) ) ;
#3423 = VERTEX_POINT ( 'NONE', #3989 ) ;
#3424 = AXIS2_PLACEMENT_3D ( 'NONE', #4790, #6010, #6064 ) ;
#3425 = DIRECTION ( 'NONE',  ( 0.0000000000000000000, 0.0000000000000000000, -1.000000000000000000 ) ) ;
#3426 = CYLINDRICAL_SURFACE ( 'NONE', #3710, 8.000000000000000000 ) ;
#3427 = EDGE_CURVE ( 'NONE', #4604, #5141, #65, .T. ) ;
#3428 = VECTOR ( 'NONE', #2202, 1000.000000000000000 ) ;
#3429 = VERTEX_POINT ( 'NONE', #2799 ) ;
#3430 = DIRECTION ( 'NONE',  ( 1.000000000000000000, 0.0000000000000000000, 0.0000000000000000000 ) ) ;
#3431 = DIRECTION ( 'NONE',  ( 1.000000000000000000, 0.0000000000000000000, 0.0000000000000000000 ) ) ;
#3432 = DIRECTION ( 'NONE',  ( 0.0000000000000000000, 0.0000000000000000000, -1.000000000000000000 ) ) ;
#3433 = CARTESIAN_POINT ( 'NONE',  ( -1.650000000000000100, -13.00000000000000200, 10.00000000000000000 ) ) ;
#3434 = VECTOR ( 'NONE', #999, 1000.000000000000000 ) ;
#3435 = LINE ( 'NONE', #194, #653 ) ;
#3436 = EDGE_LOOP ( 'NONE', ( #1673, #3970 ) ) ;
#3437 = DIRECTION ( 'NONE',  ( -0.0000000000000000000, -0.0000000000000000000, 1.000000000000000000 ) ) ;
#3438 = DIRECTION ( 'NONE',  ( -1.000000000000000000, 0.0000000000000000000, 0.0000000000000000000 ) ) ;
#3439 = EDGE_CURVE ( 'NONE', #470, #4336, #933, .T. ) ;
#3440 = DIRECTION ( 'NONE',  ( 0.0000000000000000000, 0.0000000000000000000, 1.000000000000000000 ) ) ;
#3441 = SHAPE_DEFINITION_REPRESENTATION ( #996, #7522 ) ;
#3442 = LINE ( 'NONE', #5064, #73 ) ;
#3443 = ADVANCED_FACE ( 'NONE', ( #1698 ), #7759, .F. ) ;
#3444 = FACE_BOUND ( 'NONE', #3995, .T. ) ;
#3445 = VECTOR ( 'NONE', #77, 1000.000000000000000 ) ;
#3446 = EDGE_LOOP ( 'NONE', ( #6241, #1154, #6866, #6601, #3456, #6273 ) ) ;
#3447 = VECTOR ( 'NONE', #4385, 1000.000000000000000 ) ;
#3448 = EDGE_CURVE ( 'NONE', #2206, #4604, #2369, .T. ) ;
#3449 = AXIS2_PLACEMENT_3D ( 'NONE', #3417, #7085, #5206 ) ;
#3450 = FACE_BOUND ( 'NONE', #774, .T. ) ;
#3451 = ORIENTED_EDGE ( 'NONE', *, *, #5099, .T. ) ;
#3452 = CARTESIAN_POINT ( 'NONE',  ( 55.90000000000000600, -55.00000000000000000, 10.00000000000000000 ) ) ;
#3453 = CIRCLE ( 'NONE', #1073, 1.650000000000000100 ) ;
#3454 = ORIENTED_EDGE ( 'NONE', *, *, #534, .F. ) ;
#3455 = DIRECTION ( 'NONE',  ( -0.0000000000000000000, -0.0000000000000000000, -1.000000000000000000 ) ) ;
#3456 = ORIENTED_EDGE ( 'NONE', *, *, #3787, .F. ) ;
#3457 = DIRECTION ( 'NONE',  ( -0.0000000000000000000, -0.0000000000000000000, 1.000000000000000000 ) ) ;
#3458 = VERTEX_POINT ( 'NONE', #1116 ) ;
#3459 = DIRECTION ( 'NONE',  ( -0.0000000000000000000, -0.0000000000000000000, 1.000000000000000000 ) ) ;
#3460 = ORIENTED_EDGE ( 'NONE', *, *, #140, .F. ) ;
#3461 = EDGE_CURVE ( 'NONE', #7634, #6786, #259, .T. ) ;
#3462 = CARTESIAN_POINT ( 'NONE',  ( 13.00000000000000200, 0.0000000000000000000, 10.00000000000000000 ) ) ;
#3463 = DIRECTION ( 'NONE',  ( -0.0000000000000000000, -0.0000000000000000000, -1.000000000000000000 ) ) ;
#3464 = ORIENTED_EDGE ( 'NONE', *, *, #1790, .F. ) ;
#3465 = EDGE_LOOP ( 'NONE', ( #7330, #892, #4134, #4720 ) ) ;
#3466 = CARTESIAN_POINT ( 'NONE',  ( -75.00000000000000000, 49.99999999999999300, 5.000000000000000000 ) ) ;
#3467 = CARTESIAN_POINT ( 'NONE',  ( -62.00000000000000000, -23.00000000000000000, 0.0000000000000000000 ) ) ;
#3468 = CARTESIAN_POINT ( 'NONE',  ( -49.00000000000000000, 42.00000000000000000, 6.000000000000000000 ) ) ;
#3469 = DIRECTION ( 'NONE',  ( -0.0000000000000000000, -0.0000000000000000000, 1.000000000000000000 ) ) ;
#3470 = ORIENTED_EDGE ( 'NONE', *, *, #2512, .T. ) ;
#3471 = ORIENTED_EDGE ( 'NONE', *, *, #2009, .T. ) ;
#3472 = DIRECTION ( 'NONE',  ( -1.000000000000000000, 0.0000000000000000000, 0.0000000000000000000 ) ) ;
#3473 = FACE_BOUND ( 'NONE', #477, .T. ) ;
#3474 = ADVANCED_FACE ( 'NONE', ( #6264 ), #7653, .T. ) ;
#3475 = ORIENTED_EDGE ( 'NONE', *, *, #6139, .T. ) ;
#3476 = CARTESIAN_POINT ( 'NONE',  ( 67.90000000000000600, -14.49999999999999800, 6.000000000000000000 ) ) ;
#3477 = EDGE_LOOP ( 'NONE', ( #3552, #840 ) ) ;
#3478 = STYLED_ITEM ( 'NONE', ( #5682 ), #2579 ) ;
#3479 = DIRECTION ( 'NONE',  ( -0.0000000000000000000, -0.0000000000000000000, 1.000000000000000000 ) ) ;
#3480 = EDGE_CURVE ( 'NONE', #669, #6299, #4935, .T. ) ;
#3481 = CARTESIAN_POINT ( 'NONE',  ( -1.650000000000000100, 13.00000000000000200, 10.00000000000000000 ) ) ;
#3482 = DIRECTION ( 'NONE',  ( 1.000000000000000000, 0.0000000000000000000, -0.0000000000000000000 ) ) ;
#3483 = DIRECTION ( 'NONE',  ( 1.000000000000000000, 0.0000000000000000000, 0.0000000000000000000 ) ) ;
#3484 = EDGE_LOOP ( 'NONE', ( #214, #3889, #1999, #5315 ) ) ;
#3485 = ORIENTED_EDGE ( 'NONE', *, *, #7862, .T. ) ;
#3486 = CARTESIAN_POINT ( 'NONE',  ( 50.00000000000000000, -14.49999999999999800, 6.000000000000000000 ) ) ;
#3487 = ADVANCED_FACE ( 'NONE', ( #7001 ), #3145, .F. ) ;
#3488 = EDGE_CURVE ( 'NONE', #7666, #5059, #4641, .T. ) ;
#3489 = ORIENTED_EDGE ( 'NONE', *, *, #2463, .F. ) ;
#3490 = AXIS2_PLACEMENT_3D ( 'NONE', #7387, #3177, #6297 ) ;
#3491 = VECTOR ( 'NONE', #4841, 1000.000000000000000 ) ;
#3492 = ORIENTED_EDGE ( 'NONE', *, *, #277, .T. ) ;
#3493 = ORIENTED_EDGE ( 'NONE', *, *, #442, .T. ) ;
#3494 = DIRECTION ( 'NONE',  ( 0.0000000000000000000, 0.0000000000000000000, -1.000000000000000000 ) ) ;
#3495 = CARTESIAN_POINT ( 'NONE',  ( 14.99999999999999300, -2.499999999999998700, 10.00000000000000000 ) ) ;
#3496 = CARTESIAN_POINT ( 'NONE',  ( -66.00000000000000000, -10.00000000000000000, 10.00000000000000000 ) ) ;
#3497 = LINE ( 'NONE', #1452, #4913 ) ;
#3498 = EDGE_LOOP ( 'NONE', ( #4265, #2593, #3680, #1592 ) ) ;
#3499 = ORIENTED_EDGE ( 'NONE', *, *, #4316, .T. ) ;
#3500 = CARTESIAN_POINT ( 'NONE',  ( 90.00000000000004300, -65.00000000000000000, 5.000000000000000000 ) ) ;
#3501 = EDGE_CURVE ( 'NONE', #7279, #879, #6440, .T. ) ;
#3502 = AXIS2_PLACEMENT_3D ( 'NONE', #5040, #5670, #7508 ) ;
#3503 = CARTESIAN_POINT ( 'NONE',  ( -62.00000000000000000, -23.00000000000000000, 6.000000000000000000 ) ) ;
#3504 = DIRECTION ( 'NONE',  ( 1.000000000000000000, 0.0000000000000000000, 0.0000000000000000000 ) ) ;
#3505 = FACE_BOUND ( 'NONE', #3477, .T. ) ;
#3506 = ORIENTED_EDGE ( 'NONE', *, *, #586, .T. ) ;
#3507 = DIRECTION ( 'NONE',  ( 1.000000000000000000, 0.0000000000000000000, 0.0000000000000000000 ) ) ;
#3508 = AXIS2_PLACEMENT_3D ( 'NONE', #5300, #2903, #2961 ) ;
#3509 = VECTOR ( 'NONE', #4150, 1000.000000000000000 ) ;
#3510 = EDGE_CURVE ( 'NONE', #7540, #6934, #1510, .T. ) ;
#3511 = VECTOR ( 'NONE', #5216, 1000.000000000000000 ) ;
#3512 = AXIS2_PLACEMENT_3D ( 'NONE', #4234, #4722, #5921 ) ;
#3513 = CIRCLE ( 'NONE', #2989, 3.999999999999996400 ) ;
#3514 = ORIENTED_EDGE ( 'NONE', *, *, #3338, .F. ) ;
#3515 = DIRECTION ( 'NONE',  ( 0.0000000000000000000, 0.0000000000000000000, 1.000000000000000000 ) ) ;
#3516 = ADVANCED_FACE ( 'NONE', ( #3341 ), #1687, .F. ) ;
#3517 = VERTEX_POINT ( 'NONE', #6514 ) ;
#3518 = DIRECTION ( 'NONE',  ( -1.000000000000000000, 0.0000000000000000000, 0.0000000000000000000 ) ) ;
#3519 = DIRECTION ( 'NONE',  ( -1.000000000000000000, 0.0000000000000000000, 0.0000000000000000000 ) ) ;
#3520 = FACE_OUTER_BOUND ( 'NONE', #7573, .T. ) ;
#3521 = CARTESIAN_POINT ( 'NONE',  ( 5.000000000000002700, 45.00000000000000000, 5.000000000000000000 ) ) ;
#3522 = CYLINDRICAL_SURFACE ( 'NONE', #6211, 2.099999999999997900 ) ;
#3523 = VERTEX_POINT ( 'NONE', #7156 ) ;
#3524 = ADVANCED_FACE ( 'NONE', ( #1399 ), #7130, .F. ) ;
#3525 = DIRECTION ( 'NONE',  ( -0.0000000000000000000, -0.0000000000000000000, 1.000000000000000000 ) ) ;
#3526 = LINE ( 'NONE', #7612, #463 ) ;
#3527 = DIRECTION ( 'NONE',  ( -0.0000000000000000000, -0.0000000000000000000, -1.000000000000000000 ) ) ;
#3528 = FACE_BOUND ( 'NONE', #1502, .T. ) ;
#3529 = ORIENTED_EDGE ( 'NONE', *, *, #106, .F. ) ;
#3530 = CARTESIAN_POINT ( 'NONE',  ( 75.00000000000000000, -7.500000000000000000, 0.0000000000000000000 ) ) ;
#3531 = ORIENTED_EDGE ( 'NONE', *, *, #1331, .T. ) ;
#3532 = FACE_OUTER_BOUND ( 'NONE', #5945, .T. ) ;
#3533 = PLANE ( 'NONE',  #5677 ) ;
#3534 = DIRECTION ( 'NONE',  ( -1.000000000000000000, 0.0000000000000000000, 0.0000000000000000000 ) ) ;
#3535 = ORIENTED_EDGE ( 'NONE', *, *, #7459, .F. ) ;
#3536 = EDGE_CURVE ( 'NONE', #1314, #7766, #745, .T. ) ;
#3537 = CARTESIAN_POINT ( 'NONE',  ( 10.00000000000000200, 7.000000000000000900, 10.00000000000000000 ) ) ;
#3538 = ORIENTED_EDGE ( 'NONE', *, *, #6911, .F. ) ;
#3539 = CARTESIAN_POINT ( 'NONE',  ( -14.99999999999999600, 10.00000000000000000, 16.00000000000000000 ) ) ;
#3540 = ORIENTED_EDGE ( 'NONE', *, *, #5169, .F. ) ;
#3541 = CARTESIAN_POINT ( 'NONE',  ( -10.99999999999999600, 0.9999999999999967800, 16.00000000000000000 ) ) ;
#3542 = FACE_OUTER_BOUND ( 'NONE', #2004, .T. ) ;
#3543 = EDGE_LOOP ( 'NONE', ( #2637, #7793, #1511, #4240 ) ) ;
#3544 = CARTESIAN_POINT ( 'NONE',  ( 0.0000000000000000000, 0.0000000000000000000, 10.00000000000000000 ) ) ;
#3545 = CARTESIAN_POINT ( 'NONE',  ( 25.00000000000000000, 15.00000000000000000, 4.000000000000000000 ) ) ;
#3546 = CARTESIAN_POINT ( 'NONE',  ( -8.000000000000001800, -9.797174393178827600E-016, 17.99999999999999300 ) ) ;
#3547 = ORIENTED_EDGE ( 'NONE', *, *, #4978, .F. ) ;
#3548 = CARTESIAN_POINT ( 'NONE',  ( 85.00000000000000000, 49.99999999999996400, 0.0000000000000000000 ) ) ;
#3549 = EDGE_CURVE ( 'NONE', #1570, #5551, #6357, .T. ) ;
#3550 = AXIS2_PLACEMENT_3D ( 'NONE', #2402, #3773, #1794 ) ;
#3551 = VERTEX_POINT ( 'NONE', #4201 ) ;
#3552 = ORIENTED_EDGE ( 'NONE', *, *, #1781, .T. ) ;
#3553 = VERTEX_POINT ( 'NONE', #1144 ) ;
#3554 = DIRECTION ( 'NONE',  ( -1.000000000000000000, 0.0000000000000000000, 0.0000000000000000000 ) ) ;
#3555 = CARTESIAN_POINT ( 'NONE',  ( -6.000000000000000900, 7.347880794884120700E-016, 12.00000000000000200 ) ) ;
#3556 = AXIS2_PLACEMENT_3D ( 'NONE', #5012, #5066, #785 ) ;
#3557 = EDGE_CURVE ( 'NONE', #3661, #6928, #4368, .T. ) ;
#3558 = AXIS2_PLACEMENT_3D ( 'NONE', #2013, #6189, #1422 ) ;
#3559 = ORIENTED_EDGE ( 'NONE', *, *, #1474, .T. ) ;
#3560 = EDGE_LOOP ( 'NONE', ( #6022, #3157 ) ) ;
#3561 = CARTESIAN_POINT ( 'NONE',  ( 37.09401076758509000, 0.0000000000000000000, 57.99999999999999300 ) ) ;
#3562 = DIRECTION ( 'NONE',  ( -1.000000000000000000, 0.0000000000000000000, 0.0000000000000000000 ) ) ;
#3563 = ADVANCED_FACE ( 'NONE', ( #3807 ), #554, .T. ) ;
#3564 = VECTOR ( 'NONE', #6647, 1000.000000000000000 ) ;
#3565 = DIRECTION ( 'NONE',  ( 1.000000000000000000, 0.0000000000000000000, 0.0000000000000000000 ) ) ;
#3566 = CIRCLE ( 'NONE', #3974, 10.00000000000000900 ) ;
#3567 = DIRECTION ( 'NONE',  ( -0.7071067811865474600, 8.659560562354932900E-017, 0.7071067811865474600 ) ) ;
#3568 = ORIENTED_EDGE ( 'NONE', *, *, #3390, .F. ) ;
#3569 = DIRECTION ( 'NONE',  ( -1.000000000000000000, 0.0000000000000000000, 0.0000000000000000000 ) ) ;
#3570 = AXIS2_PLACEMENT_3D ( 'NONE', #397, #5855, #3431 ) ;
#3571 = DIRECTION ( 'NONE',  ( 1.000000000000000000, 0.0000000000000000000, 0.0000000000000000000 ) ) ;
#3572 = DIRECTION ( 'NONE',  ( 1.000000000000000000, 0.0000000000000000000, 0.0000000000000000000 ) ) ;
#3573 = CARTESIAN_POINT ( 'NONE',  ( 11.53013519640525300, -23.06027039281050200, 20.93762159694730200 ) ) ;
#3574 = DIRECTION ( 'NONE',  ( 1.000000000000000000, 0.0000000000000000000, 0.0000000000000000000 ) ) ;
#3575 = FACE_BOUND ( 'NONE', #3767, .T. ) ;
#3576 = ORIENTED_EDGE ( 'NONE', *, *, #6227, .T. ) ;
#3577 = ORIENTED_EDGE ( 'NONE', *, *, #5415, .F. ) ;
#3578 = CARTESIAN_POINT ( 'NONE',  ( -49.00000000000000000, -10.00000000000000000, 6.000000000000000000 ) ) ;
#3579 = DIRECTION ( 'NONE',  ( -1.000000000000000000, 0.0000000000000000000, 0.0000000000000000000 ) ) ;
#3580 = DIRECTION ( 'NONE',  ( -1.000000000000000000, 0.0000000000000000000, 0.0000000000000000000 ) ) ;
#3581 = VERTEX_POINT ( 'NONE', #5416 ) ;
#3582 = CARTESIAN_POINT ( 'NONE',  ( 32.00000000000000700, -55.00000000000000000, 6.000000000000000000 ) ) ;
#3583 = CARTESIAN_POINT ( 'NONE',  ( -69.99999999999998600, 50.00000000000002800, 10.00000000000000000 ) ) ;
#3584 = ORIENTED_EDGE ( 'NONE', *, *, #5703, .T. ) ;
#3585 = PLANE ( 'NONE',  #69 ) ;
#3586 = EDGE_LOOP ( 'NONE', ( #7723, #2, #7658, #6505 ) ) ;
#3587 = EDGE_CURVE ( 'NONE', #1212, #1800, #5877, .T. ) ;
#3588 = CARTESIAN_POINT ( 'NONE',  ( 0.0000000000000000000, -13.00000000000000200, 10.00000000000000000 ) ) ;
#3589 = DIRECTION ( 'NONE',  ( -1.000000000000000000, 0.0000000000000000000, 0.0000000000000000000 ) ) ;
#3590 = DIRECTION ( 'NONE',  ( 1.000000000000000000, 0.0000000000000000000, 0.0000000000000000000 ) ) ;
#3591 = DIRECTION ( 'NONE',  ( -1.000000000000000000, 0.0000000000000000000, 0.0000000000000000000 ) ) ;
#3592 = ORIENTED_EDGE ( 'NONE', *, *, #330, .T. ) ;
#3593 = FACE_OUTER_BOUND ( 'NONE', #7434, .T. ) ;
#3594 = FACE_OUTER_BOUND ( 'NONE', #2243, .T. ) ;
#3595 = ORIENTED_EDGE ( 'NONE', *, *, #5467, .F. ) ;
#3596 = VERTEX_POINT ( 'NONE', #4350 ) ;
#3597 = CARTESIAN_POINT ( 'NONE',  ( -11.35000000000000100, 2.020667218593133500E-016, 18.00000000000000400 ) ) ;
#3598 = CARTESIAN_POINT ( 'NONE',  ( 15.00000000000000400, 2.500000000000000900, 10.00000000000000000 ) ) ;
#3599 = EDGE_CURVE ( 'NONE', #2827, #6756, #6170, .T. ) ;
#3600 = DIRECTION ( 'NONE',  ( -1.000000000000000000, 0.0000000000000000000, 0.0000000000000000000 ) ) ;
#3601 = CARTESIAN_POINT ( 'NONE',  ( 46.00000000000000000, -14.49999999999999800, 6.000000000000000000 ) ) ;
#3602 = CYLINDRICAL_SURFACE ( 'NONE', #6286, 2.099999999999997900 ) ;
#3603 = DIRECTION ( 'NONE',  ( -1.051613052770068500E-016, 0.0000000000000000000, 1.000000000000000000 ) ) ;
#3604 = EDGE_LOOP ( 'NONE', ( #7680, #1169 ) ) ;
#3605 = DIRECTION ( 'NONE',  ( -1.000000000000000000, 0.0000000000000000000, 0.0000000000000000000 ) ) ;
#3606 = CIRCLE ( 'NONE', #1038, 4.000000000000003600 ) ;
#3607 = ORIENTED_EDGE ( 'NONE', *, *, #2846, .F. ) ;
#3608 = ADVANCED_FACE ( 'NONE', ( #2848 ), #3617, .F. ) ;
#3609 = CYLINDRICAL_SURFACE ( 'NONE', #5246, 2.099999999999997900 ) ;
#3610 = FACE_OUTER_BOUND ( 'NONE', #3100, .T. ) ;
#3611 = DIRECTION ( 'NONE',  ( 1.000000000000000000, 0.0000000000000000000, 0.0000000000000000000 ) ) ;
#3612 = EDGE_CURVE ( 'NONE', #5542, #3458, #2177, .T. ) ;
#3613 = ORIENTED_EDGE ( 'NONE', *, *, #5815, .F. ) ;
#3614 = CARTESIAN_POINT ( 'NONE',  ( -62.00000000000000000, 3.000000000000001300, 6.000000000000000000 ) ) ;
#3615 = VECTOR ( 'NONE', #5237, 1000.000000000000000 ) ;
#3616 = DIRECTION ( 'NONE',  ( 0.0000000000000000000, 0.0000000000000000000, -1.000000000000000000 ) ) ;
#3617 = CYLINDRICAL_SURFACE ( 'NONE', #1744, 3.999999999999996400 ) ;
#3618 = ORIENTED_EDGE ( 'NONE', *, *, #1861, .F. ) ;
#3619 = CARTESIAN_POINT ( 'NONE',  ( -5.000000000000001800, 15.00000000000000000, 3.999999999999999100 ) ) ;
#3620 = VERTEX_POINT ( 'NONE', #2429 ) ;
#3621 = CARTESIAN_POINT ( 'NONE',  ( 90.00000000000000000, 40.00000000000007100, 10.00000000000000000 ) ) ;
#3622 = AXIS2_PLACEMENT_3D ( 'NONE', #5113, #2711, #6932 ) ;
#3623 = AXIS2_PLACEMENT_3D ( 'NONE', #6144, #1335, #1863 ) ;
#3624 = CYLINDRICAL_SURFACE ( 'NONE', #479, 2.500000000000002200 ) ;
#3625 = LINE ( 'NONE', #7336, #6631 ) ;
#3626 = EDGE_LOOP ( 'NONE', ( #6459, #3801 ) ) ;
#3627 = CARTESIAN_POINT ( 'NONE',  ( -14.99999999999999600, -2.499999999999999100, 0.0000000000000000000 ) ) ;
#3628 = DIRECTION ( 'NONE',  ( 1.000000000000000000, 0.0000000000000000000, 0.0000000000000000000 ) ) ;
#3629 = CARTESIAN_POINT ( 'NONE',  ( -30.68489076841714800, -61.36978153683430300, 46.07477892059625900 ) ) ;
#3630 = LINE ( 'NONE', #3828, #1993 ) ;
#3631 = CIRCLE ( 'NONE', #6538, 6.000000000000000900 ) ;
#3632 = AXIS2_PLACEMENT_3D ( 'NONE', #3496, #6551, #7700 ) ;
#3633 = MECHANICAL_DESIGN_GEOMETRIC_PRESENTATION_REPRESENTATION (  '', ( #1568 ), #5499 ) ;
#3634 = ORIENTED_EDGE ( 'NONE', *, *, #6513, .T. ) ;
#3635 = EDGE_CURVE ( 'NONE', #3551, #6305, #7570, .T. ) ;
#3636 = DIRECTION ( 'NONE',  ( -0.0000000000000000000, 0.0000000000000000000, -1.000000000000000000 ) ) ;
#3637 = FACE_OUTER_BOUND ( 'NONE', #1567, .T. ) ;
#3638 = DIRECTION ( 'NONE',  ( 0.0000000000000000000, 0.0000000000000000000, 1.000000000000000000 ) ) ;
#3639 = VERTEX_POINT ( 'NONE', #1172 ) ;
#3640 = CIRCLE ( 'NONE', #832, 3.999999999999996400 ) ;
#3641 = EDGE_LOOP ( 'NONE', ( #1894, #2945 ) ) ;
#3642 = DIRECTION ( 'NONE',  ( -1.000000000000000000, 0.0000000000000000000, 0.0000000000000000000 ) ) ;
#3643 = CARTESIAN_POINT ( 'NONE',  ( -45.00000000000000700, 55.00000000000000000, 0.0000000000000000000 ) ) ;
#3644 = EDGE_CURVE ( 'NONE', #4688, #363, #1784, .T. ) ;
#3645 = DIRECTION ( 'NONE',  ( 0.0000000000000000000, -1.000000000000000000, 0.0000000000000000000 ) ) ;
#3646 = ADVANCED_FACE ( 'NONE', ( #4548 ), #7238, .F. ) ;
#3647 = AXIS2_PLACEMENT_3D ( 'NONE', #5138, #2108, #3572 ) ;
#3648 = EDGE_LOOP ( 'NONE', ( #7286, #1471 ) ) ;
#3649 = DIRECTION ( 'NONE',  ( -1.000000000000000000, 0.0000000000000000000, 0.0000000000000000000 ) ) ;
#3650 = DIRECTION ( 'NONE',  ( -1.000000000000000000, 0.0000000000000000000, 0.0000000000000000000 ) ) ;
#3651 = DIRECTION ( 'NONE',  ( 0.0000000000000000000, 0.0000000000000000000, -1.000000000000000000 ) ) ;
#3652 = FACE_OUTER_BOUND ( 'NONE', #5994, .T. ) ;
#3653 = CARTESIAN_POINT ( 'NONE',  ( -89.99999999999991500, 75.00000000000000000, 10.00000000000000000 ) ) ;
#3654 = EDGE_LOOP ( 'NONE', ( #3075, #686, #3470, #3514 ) ) ;
#3655 = EDGE_LOOP ( 'NONE', ( #5967, #7016 ) ) ;
#3656 = EDGE_CURVE ( 'NONE', #5550, #5822, #5495, .T. ) ;
#3657 = UNCERTAINTY_MEASURE_WITH_UNIT (LENGTH_MEASURE( 1.000000000000000100E-005 ), #4861, 'distance_accuracy_value', 'NONE');
#3658 =( NAMED_UNIT ( * ) PLANE_ANGLE_UNIT ( ) SI_UNIT ( $, .RADIAN. ) );
#3659 = CYLINDRICAL_SURFACE ( 'NONE', #6696, 10.00000000000000900 ) ;
#3660 = EDGE_LOOP ( 'NONE', ( #7443, #1868 ) ) ;
#3661 = VERTEX_POINT ( 'NONE', #15 ) ;
#3662 = DIRECTION ( 'NONE',  ( -0.0000000000000000000, -0.0000000000000000000, -1.000000000000000000 ) ) ;
#3663 = ADVANCED_FACE ( 'NONE', ( #6913 ), #5462, .F. ) ;
#3664 = AXIS2_PLACEMENT_3D ( 'NONE', #5539, #700, #4427 ) ;
#3665 = EDGE_CURVE ( 'NONE', #4675, #781, #1303, .T. ) ;
#3666 = DIRECTION ( 'NONE',  ( 0.0000000000000000000, 0.0000000000000000000, 1.000000000000000000 ) ) ;
#3667 = ORIENTED_EDGE ( 'NONE', *, *, #4091, .F. ) ;
#3668 = EDGE_LOOP ( 'NONE', ( #2069, #2082, #4384, #3283 ) ) ;
#3669 = CARTESIAN_POINT ( 'NONE',  ( -105.9400074696056200, 30.00000000000000000, 0.0000000000000000000 ) ) ;
#3670 = SPHERICAL_SURFACE ( 'NONE', #2535, 2.000000000000002200 ) ;
#3671 = VERTEX_POINT ( 'NONE', #1253 ) ;
#3672 = AXIS2_PLACEMENT_3D ( 'NONE', #3133, #1272, #694 ) ;
#3673 = ORIENTED_EDGE ( 'NONE', *, *, #478, .T. ) ;
#3674 = CARTESIAN_POINT ( 'NONE',  ( -10.99999999999999500, -10.00000000000000000, 31.00000000000000000 ) ) ;
#3675 = CARTESIAN_POINT ( 'NONE',  ( 24.36811466635144500, -48.73622933270287700, 35.84315225237544700 ) ) ;
#3676 = EDGE_CURVE ( 'NONE', #4536, #4291, #7750, .T. ) ;
#3677 = CARTESIAN_POINT ( 'NONE',  ( -53.00000000000000700, 55.00000000000000000, 0.0000000000000000000 ) ) ;
#3678 = ADVANCED_FACE ( 'NONE', ( #2261 ), #4877, .T. ) ;
#3679 = CONICAL_SURFACE ( 'NONE', #6636, 14.91145236876709200, 0.7853981633974479500 ) ;
#3680 = ORIENTED_EDGE ( 'NONE', *, *, #4247, .T. ) ;
#3681 = ORIENTED_EDGE ( 'NONE', *, *, #357, .F. ) ;
#3682 = CARTESIAN_POINT ( 'NONE',  ( 0.0000000000000000000, 0.0000000000000000000, 16.00000000000000000 ) ) ;
#3683 = DIRECTION ( 'NONE',  ( -0.0000000000000000000, -0.0000000000000000000, -1.000000000000000000 ) ) ;
#3684 = DIRECTION ( 'NONE',  ( -0.0000000000000000000, -0.0000000000000000000, -1.000000000000000000 ) ) ;
#3685 = EDGE_CURVE ( 'NONE', #1951, #501, #1690, .T. ) ;
#3686 = AXIS2_PLACEMENT_3D ( 'NONE', #7506, #2789, #935 ) ;
#3687 = VECTOR ( 'NONE', #351, 1000.000000000000000 ) ;
#3688 = VERTEX_POINT ( 'NONE', #3088 ) ;
#3689 = DIRECTION ( 'NONE',  ( 0.0000000000000000000, 0.0000000000000000000, 1.000000000000000000 ) ) ;
#3690 = EDGE_LOOP ( 'NONE', ( #6309, #5776, #1050, #3613 ) ) ;
#3691 = DIRECTION ( 'NONE',  ( -1.000000000000000000, 0.0000000000000000000, 0.0000000000000000000 ) ) ;
#3692 = CARTESIAN_POINT ( 'NONE',  ( -105.9400074696056200, 9.999999999999998200, 0.0000000000000000000 ) ) ;
#3693 = CARTESIAN_POINT ( 'NONE',  ( -89.99999999999991500, -75.00000000000000000, 10.00000000000000000 ) ) ;
#3694 = CIRCLE ( 'NONE', #5417, 1.650000000000000400 ) ;
#3695 = ORIENTED_EDGE ( 'NONE', *, *, #5277, .F. ) ;
#3696 = EDGE_CURVE ( 'NONE', #2098, #697, #2556, .T. ) ;
#3697 = DIRECTION ( 'NONE',  ( -0.0000000000000000000, -0.0000000000000000000, 1.000000000000000000 ) ) ;
#3698 = ADVANCED_FACE ( 'NONE', ( #4080 ), #7452, .T. ) ;
#3699 = DIRECTION ( 'NONE',  ( -0.0000000000000000000, -0.0000000000000000000, -1.000000000000000000 ) ) ;
#3700 = CARTESIAN_POINT ( 'NONE',  ( 0.0000000000000000000, 0.0000000000000000000, 57.99999999999997900 ) ) ;
#3701 = FACE_OUTER_BOUND ( 'NONE', #3724, .T. ) ;
#3702 = CIRCLE ( 'NONE', #5940, 1.650000000000000400 ) ;
#3703 = CIRCLE ( 'NONE', #928, 1.650000000000000400 ) ;
#3704 = EDGE_LOOP ( 'NONE', ( #2687, #2717, #1782, #1733 ) ) ;
#3705 = ORIENTED_EDGE ( 'NONE', *, *, #4012, .T. ) ;
#3706 = FILL_AREA_STYLE_COLOUR ( '', #5108 ) ;
#3707 = AXIS2_PLACEMENT_3D ( 'NONE', #7191, #2964, #7856 ) ;
#3708 = CYLINDRICAL_SURFACE ( 'NONE', #6341, 3.999999999999996400 ) ;
#3709 = EDGE_CURVE ( 'NONE', #401, #6122, #5208, .T. ) ;
#3710 = AXIS2_PLACEMENT_3D ( 'NONE', #7017, #7604, #1609 ) ;
#3711 = CYLINDRICAL_SURFACE ( 'NONE', #7809, 8.000000000000000000 ) ;
#3712 = EDGE_LOOP ( 'NONE', ( #6873, #6467 ) ) ;
#3713 = DIRECTION ( 'NONE',  ( -1.000000000000000000, 0.0000000000000000000, 0.0000000000000000000 ) ) ;
#3714 = PLANE ( 'NONE',  #2275 ) ;
#3715 = VECTOR ( 'NONE', #2863, 1000.000000000000000 ) ;
#3716 = VECTOR ( 'NONE', #3297, 1000.000000000000000 ) ;
#3717 = ORIENTED_EDGE ( 'NONE', *, *, #4858, .T. ) ;
#3718 = DIRECTION ( 'NONE',  ( -1.000000000000000000, -0.0000000000000000000, -0.0000000000000000000 ) ) ;
#3719 = ADVANCED_FACE ( 'NONE', ( #3610 ), #4361, .F. ) ;
#3720 = EDGE_LOOP ( 'NONE', ( #315, #5785, #4156, #1121 ) ) ;
#3721 = LINE ( 'NONE', #3151, #5239 ) ;
#3722 = DIRECTION ( 'NONE',  ( -1.000000000000000000, 0.0000000000000000000, -0.0000000000000000000 ) ) ;
#3723 = LINE ( 'NONE', #6088, #5612 ) ;
#3724 = EDGE_LOOP ( 'NONE', ( #1376, #5909 ) ) ;
#3725 = CARTESIAN_POINT ( 'NONE',  ( -5.000000000000011500, -45.00000000000000000, 0.0000000000000000000 ) ) ;
#3726 = CARTESIAN_POINT ( 'NONE',  ( 1.650000000000000100, 13.00000000000000200, 10.00000000000000000 ) ) ;
#3727 = ORIENTED_EDGE ( 'NONE', *, *, #658, .F. ) ;
#3728 = DIRECTION ( 'NONE',  ( -0.0000000000000000000, -0.0000000000000000000, 1.000000000000000000 ) ) ;
#3729 = AXIS2_PLACEMENT_3D ( 'NONE', #4639, #1598, #6616 ) ;
#3730 =( NAMED_UNIT ( * ) PLANE_ANGLE_UNIT ( ) SI_UNIT ( $, .RADIAN. ) );
#3731 = FACE_OUTER_BOUND ( 'NONE', #5975, .T. ) ;
#3732 = VERTEX_POINT ( 'NONE', #3195 ) ;
#3733 = PRESENTATION_LAYER_ASSIGNMENT (  '', '', ( #5910 ) ) ;
#3734 = EDGE_CURVE ( 'NONE', #2743, #6131, #3513, .T. ) ;
#3735 = VERTEX_POINT ( 'NONE', #1922 ) ;
#3736 = DIRECTION ( 'NONE',  ( -1.000000000000000000, 0.0000000000000000000, 0.0000000000000000000 ) ) ;
#3737 = DIRECTION ( 'NONE',  ( 0.0000000000000000000, 0.0000000000000000000, -1.000000000000000000 ) ) ;
#3738 = CARTESIAN_POINT ( 'NONE',  ( -7.500000000000000000, 9.491012693391985800E-016, 0.0000000000000000000 ) ) ;
#3739 = EDGE_LOOP ( 'NONE', ( #6419, #3471 ) ) ;
#3740 = ADVANCED_FACE ( 'NONE', ( #5587 ), #931, .F. ) ;
#3741 = CIRCLE ( 'NONE', #1823, 1.650000000000000100 ) ;
#3742 = ORIENTED_EDGE ( 'NONE', *, *, #5130, .F. ) ;
#3743 = ORIENTED_EDGE ( 'NONE', *, *, #7006, .F. ) ;
#3744 = EDGE_CURVE ( 'NONE', #5484, #7384, #738, .T. ) ;
#3745 = CARTESIAN_POINT ( 'NONE',  ( 29.90000000000000900, -55.00000000000000000, 0.0000000000000000000 ) ) ;
#3746 = CARTESIAN_POINT ( 'NONE',  ( -10.00000000000000200, -6.999999999999999100, 16.00000000000000000 ) ) ;
#3747 = ORIENTED_EDGE ( 'NONE', *, *, #1022, .T. ) ;
#3748 = EDGE_LOOP ( 'NONE', ( #2982, #5336, #5707, #7678 ) ) ;
#3749 = UNCERTAINTY_MEASURE_WITH_UNIT (LENGTH_MEASURE( 1.000000000000000100E-005 ), #4892, 'distance_accuracy_value', 'NONE');
#3750 = CARTESIAN_POINT ( 'NONE',  ( -17.00000000000000000, 0.0000000000000000000, 18.00000000000000400 ) ) ;
#3751 = DIRECTION ( 'NONE',  ( 0.0000000000000000000, 0.0000000000000000000, -1.000000000000000000 ) ) ;
#3752 = DIRECTION ( 'NONE',  ( 0.0000000000000000000, 0.0000000000000000000, -1.000000000000000000 ) ) ;
#3753 = CIRCLE ( 'NONE', #3218, 7.500000000000000000 ) ;
#3754 = CARTESIAN_POINT ( 'NONE',  ( 5.000000000000004400, 29.99999999999999600, 5.000000000000000000 ) ) ;
#3755 = FACE_BOUND ( 'NONE', #6804, .T. ) ;
#3756 = EDGE_CURVE ( 'NONE', #875, #6257, #6996, .T. ) ;
#3757 = AXIS2_PLACEMENT_3D ( 'NONE', #3104, #7318, #3736 ) ;
#3758 = VERTEX_POINT ( 'NONE', #6884 ) ;
#3759 = ORIENTED_EDGE ( 'NONE', *, *, #2018, .T. ) ;
#3760 = ADVANCED_FACE ( 'NONE', ( #3419 ), #1306, .F. ) ;
#3761 = DIRECTION ( 'NONE',  ( 1.000000000000000000, 0.0000000000000000000, 0.0000000000000000000 ) ) ;
#3762 = LINE ( 'NONE', #2651, #1552 ) ;
#3763 =( LENGTH_UNIT ( ) NAMED_UNIT ( * ) SI_UNIT ( .MILLI., .METRE. ) );
#3764 = PLANE ( 'NONE',  #1870 ) ;
#3765 = ORIENTED_EDGE ( 'NONE', *, *, #3988, .F. ) ;
#3766 = CARTESIAN_POINT ( 'NONE',  ( 0.0000000000000000000, 0.0000000000000000000, 50.00000000000000000 ) ) ;
#3767 = EDGE_LOOP ( 'NONE', ( #3535, #6031 ) ) ;
#3768 = EDGE_CURVE ( 'NONE', #2882, #901, #3139, .T. ) ;
#3769 = CARTESIAN_POINT ( 'NONE',  ( -1.650000000000000100, 13.00000000000000200, 18.00000000000000400 ) ) ;
#3770 = ORIENTED_EDGE ( 'NONE', *, *, #7292, .F. ) ;
#3771 = VECTOR ( 'NONE', #6292, 1000.000000000000000 ) ;
#3772 = ORIENTED_EDGE ( 'NONE', *, *, #4718, .F. ) ;
#3773 = DIRECTION ( 'NONE',  ( 0.0000000000000000000, 0.0000000000000000000, -1.000000000000000000 ) ) ;
#3774 = ORIENTED_EDGE ( 'NONE', *, *, #2463, .T. ) ;
#3775 = CARTESIAN_POINT ( 'NONE',  ( -66.00000000000000000, -23.00000000000000000, 0.0000000000000000000 ) ) ;
#3776 = DIRECTION ( 'NONE',  ( 0.0000000000000000000, 0.0000000000000000000, -1.000000000000000000 ) ) ;
#3777 = AXIS2_PLACEMENT_3D ( 'NONE', #4023, #7042, #6998 ) ;
#3778 = CARTESIAN_POINT ( 'NONE',  ( -32.00000000000000700, 55.00000000000000000, 6.000000000000000000 ) ) ;
#3779 = ADVANCED_FACE ( 'NONE', ( #1970 ), #6258, .T. ) ;
#3780 = EDGE_LOOP ( 'NONE', ( #6197, #5439, #197, #4066 ) ) ;
#3781 = FACE_OUTER_BOUND ( 'NONE', #805, .T. ) ;
#3782 = DIRECTION ( 'NONE',  ( -0.0000000000000000000, -0.0000000000000000000, -1.000000000000000000 ) ) ;
#3783 = EDGE_LOOP ( 'NONE', ( #7248, #4648 ) ) ;
#3784 = SURFACE_STYLE_USAGE ( .BOTH. , #4968 ) ;
#3785 = AXIS2_PLACEMENT_3D ( 'NONE', #3101, #1809, #2394 ) ;
#3786 = ORIENTED_EDGE ( 'NONE', *, *, #631, .T. ) ;
#3787 = EDGE_CURVE ( 'NONE', #1353, #6043, #5784, .T. ) ;
#3788 =( LENGTH_UNIT ( ) NAMED_UNIT ( * ) SI_UNIT ( .MILLI., .METRE. ) );
#3789 = VECTOR ( 'NONE', #3410, 1000.000000000000000 ) ;
#3790 = ORIENTED_EDGE ( 'NONE', *, *, #7574, .T. ) ;
#3791 = CARTESIAN_POINT ( 'NONE',  ( -8.349999999999997900, 7.000000000000000900, 16.00000000000000000 ) ) ;
#3792 = VECTOR ( 'NONE', #5886, 1000.000000000000000 ) ;
#3793 = CARTESIAN_POINT ( 'NONE',  ( 8.350000000000001400, 7.000000000000000900, 16.00000000000000000 ) ) ;
#3794 = ORIENTED_EDGE ( 'NONE', *, *, #618, .T. ) ;
#3795 = CARTESIAN_POINT ( 'NONE',  ( 45.00000000000000700, -68.00000000000000000, 6.000000000000000000 ) ) ;
#3796 = DIRECTION ( 'NONE',  ( 0.0000000000000000000, 0.0000000000000000000, -1.000000000000000000 ) ) ;
#3797 = EDGE_CURVE ( 'NONE', #2048, #3620, #5691, .T. ) ;
#3798 = AXIS2_PLACEMENT_3D ( 'NONE', #6018, #5380, #7214 ) ;
#3799 = CIRCLE ( 'NONE', #750, 17.00000000000000000 ) ;
#3800 = FACE_OUTER_BOUND ( 'NONE', #2134, .T. ) ;
#3801 = ORIENTED_EDGE ( 'NONE', *, *, #927, .F. ) ;
#3802 = EDGE_LOOP ( 'NONE', ( #7023, #3883, #2327, #4835 ) ) ;
#3803 = ADVANCED_FACE ( 'NONE', ( #1103 ), #346, .F. ) ;
#3804 = DIRECTION ( 'NONE',  ( -0.0000000000000000000, -0.0000000000000000000, -1.000000000000000000 ) ) ;
#3805 = DIRECTION ( 'NONE',  ( 1.000000000000000000, 0.0000000000000000000, 0.0000000000000000000 ) ) ;
#3806 = CIRCLE ( 'NONE', #2524, 1.650000000000000400 ) ;
#3807 = FACE_OUTER_BOUND ( 'NONE', #3393, .T. ) ;
#3808 = VERTEX_POINT ( 'NONE', #5192 ) ;
#3809 = EDGE_CURVE ( 'NONE', #2608, #5469, #5302, .T. ) ;
#3810 = ORIENTED_EDGE ( 'NONE', *, *, #986, .F. ) ;
#3811 = CARTESIAN_POINT ( 'NONE',  ( -80.00000000000001400, -40.00000000000000000, 0.0000000000000000000 ) ) ;
#3812 = ADVANCED_FACE ( 'NONE', ( #3235 ), #3609, .F. ) ;
#3813 = CARTESIAN_POINT ( 'NONE',  ( 58.00000000000000000, -55.00000000000000000, 6.000000000000000000 ) ) ;
#3814 = VECTOR ( 'NONE', #6430, 1000.000000000000000 ) ;
#3815 = VECTOR ( 'NONE', #7807, 1000.000000000000000 ) ;
#3816 = ORIENTED_EDGE ( 'NONE', *, *, #3354, .T. ) ;
#3817 =( NAMED_UNIT ( * ) PLANE_ANGLE_UNIT ( ) SI_UNIT ( $, .RADIAN. ) );
#3818 = CARTESIAN_POINT ( 'NONE',  ( 30.68489076841714100, 61.36978153683434600, 46.07477892059625900 ) ) ;
#3819 = EDGE_CURVE ( 'NONE', #619, #7509, #3703, .T. ) ;
#3820 = FACE_OUTER_BOUND ( 'NONE', #7, .T. ) ;
#3821 = VECTOR ( 'NONE', #2479, 1000.000000000000000 ) ;
#3822 = CIRCLE ( 'NONE', #276, 1.650000000000000400 ) ;
#3823 = EDGE_LOOP ( 'NONE', ( #5504, #5359 ) ) ;
#3824 = CARTESIAN_POINT ( 'NONE',  ( -11.65000000000000200, -6.999999999999999100, 16.00000000000000000 ) ) ;
#3825 = LINE ( 'NONE', #706, #2001 ) ;
#3826 = CIRCLE ( 'NONE', #6760, 1.650000000000000400 ) ;
#3827 = ORIENTED_EDGE ( 'NONE', *, *, #7046, .F. ) ;
#3828 = CARTESIAN_POINT ( 'NONE',  ( -8.000000000000000000, 0.0000000000000000000, 10.00000000000000000 ) ) ;
#3829 = AXIS2_PLACEMENT_3D ( 'NONE', #4977, #1939, #4346 ) ;
#3830 = CARTESIAN_POINT ( 'NONE',  ( 5.000000000000004400, 34.99999999999999300, 0.0000000000000000000 ) ) ;
#3831 = VECTOR ( 'NONE', #2647, 1000.000000000000000 ) ;
#3832 = ORIENTED_EDGE ( 'NONE', *, *, #2149, .F. ) ;
#3833 = EDGE_CURVE ( 'NONE', #1961, #2984, #56, .T. ) ;
#3834 = DIRECTION ( 'NONE',  ( 1.387778780781460900E-015, 1.000000000000000000, 0.0000000000000000000 ) ) ;
#3835 = CARTESIAN_POINT ( 'NONE',  ( 29.90000000000000900, -55.00000000000000000, 10.00000000000000000 ) ) ;
#3836 = LINE ( 'NONE', #7455, #189 ) ;
#3837 = CARTESIAN_POINT ( 'NONE',  ( 70.00000000000000000, -14.49999999999999800, 6.000000000000000000 ) ) ;
#3838 = CARTESIAN_POINT ( 'NONE',  ( 75.00000000000001400, -9.999999999999994700, 0.0000000000000000000 ) ) ;
#3839 = ORIENTED_EDGE ( 'NONE', *, *, #1898, .F. ) ;
#3840 = ADVANCED_FACE ( 'NONE', ( #253 ), #6350, .F. ) ;
#3841 = APPLICATION_PROTOCOL_DEFINITION ( 'draft international standard', 'automotive_design', 1998, #4439 ) ;
#3842 = EDGE_CURVE ( 'NONE', #1717, #2154, #2944, .T. ) ;
#3843 = VECTOR ( 'NONE', #4109, 1000.000000000000000 ) ;
#3844 = CARTESIAN_POINT ( 'NONE',  ( 8.000000000000001800, 1.959434878635765500E-015, 17.99999999999999300 ) ) ;
#3845 = ORIENTED_EDGE ( 'NONE', *, *, #5799, .F. ) ;
#3846 = ORIENTED_EDGE ( 'NONE', *, *, #2094, .F. ) ;
#3847 = DIRECTION ( 'NONE',  ( -0.0000000000000000000, -0.0000000000000000000, 1.000000000000000000 ) ) ;
#3848 = CARTESIAN_POINT ( 'NONE',  ( -1.650000000000000100, -13.00000000000000200, 20.00000000000000000 ) ) ;
#3849 = DIRECTION ( 'NONE',  ( -0.0000000000000000000, -0.0000000000000000000, 1.000000000000000000 ) ) ;
#3850 = EDGE_LOOP ( 'NONE', ( #5228, #1764, #3592 ) ) ;
#3851 = ORIENTED_EDGE ( 'NONE', *, *, #6479, .F. ) ;
#3852 = EDGE_CURVE ( 'NONE', #195, #5120, #4736, .T. ) ;
#3853 = DIRECTION ( 'NONE',  ( -0.0000000000000000000, -0.0000000000000000000, 1.000000000000000000 ) ) ;
#3854 = AXIS2_PLACEMENT_3D ( 'NONE', #6445, #6522, #7060 ) ;
#3855 = DIRECTION ( 'NONE',  ( -1.000000000000000000, 0.0000000000000000000, 0.0000000000000000000 ) ) ;
#3856 = DIRECTION ( 'NONE',  ( -0.0000000000000000000, -0.0000000000000000000, 1.000000000000000000 ) ) ;
#3857 = DIRECTION ( 'NONE',  ( -0.0000000000000000000, -0.0000000000000000000, -1.000000000000000000 ) ) ;
#3858 = VERTEX_POINT ( 'NONE', #312 ) ;
#3859 = ORIENTED_EDGE ( 'NONE', *, *, #4347, .F. ) ;
#3860 = DIRECTION ( 'NONE',  ( -0.0000000000000000000, -0.0000000000000000000, -1.000000000000000000 ) ) ;
#3861 = CARTESIAN_POINT ( 'NONE',  ( -45.00000000000000700, 42.00000000000000000, 10.00000000000000000 ) ) ;
#3862 = CYLINDRICAL_SURFACE ( 'NONE', #1147, 6.000000000000000900 ) ;
#3863 = EDGE_CURVE ( 'NONE', #4983, #697, #2074, .T. ) ;
#3864 = AXIS2_PLACEMENT_3D ( 'NONE', #6950, #2128, #4492 ) ;
#3865 = ORIENTED_EDGE ( 'NONE', *, *, #1601, .T. ) ;
#3866 = ORIENTED_EDGE ( 'NONE', *, *, #819, .F. ) ;
#3867 = CARTESIAN_POINT ( 'NONE',  ( -24.36811466635144500, -1.380585015045603300E-014, 35.84315225237544700 ) ) ;
#3868 = CARTESIAN_POINT ( 'NONE',  ( -64.35000000000000900, 3.000000000000000900, 6.000000000000000000 ) ) ;
#3869 = CARTESIAN_POINT ( 'NONE',  ( -54.00000000000000700, 55.00000000000000000, 6.000000000000000000 ) ) ;
#3870 = CARTESIAN_POINT ( 'NONE',  ( -42.90000000000000600, 42.00000000000000000, 0.0000000000000000000 ) ) ;
#3871 = CLOSED_SHELL ( 'NONE', ( #6701, #1715, #2513, #4577, #2357, #5257, #695, #3339, #2109, #6563, #5297, #6992, #7393, #6723, #4860, #5482, #2314, #872, #5577, #7546, #6096, #275, #2393, #4298, #4905, #3876, #3678 ) ) ;
#3872 = FACE_OUTER_BOUND ( 'NONE', #3720, .T. ) ;
#3873 = ORIENTED_EDGE ( 'NONE', *, *, #1590, .F. ) ;
#3874 = AXIS2_PLACEMENT_3D ( 'NONE', #2326, #5379, #3534 ) ;
#3875 = ORIENTED_EDGE ( 'NONE', *, *, #2896, .F. ) ;
#3876 = ADVANCED_FACE ( 'NONE', ( #1878 ), #4927, .F. ) ;
#3877 = DIRECTION ( 'NONE',  ( 1.000000000000000000, 0.0000000000000000000, 0.0000000000000000000 ) ) ;
#3878 = DIRECTION ( 'NONE',  ( 1.000000000000000000, 0.0000000000000000000, 0.0000000000000000000 ) ) ;
#3879 = CARTESIAN_POINT ( 'NONE',  ( -99.99999999999998600, 64.99999999999991500, 10.00000000000000000 ) ) ;
#3880 = CYLINDRICAL_SURFACE ( 'NONE', #7495, 17.00000000000000000 ) ;
#3881 = FACE_OUTER_BOUND ( 'NONE', #5709, .T. ) ;
#3882 = EDGE_LOOP ( 'NONE', ( #1533, #1378, #938, #2351 ) ) ;
#3883 = ORIENTED_EDGE ( 'NONE', *, *, #7319, .T. ) ;
#3884 = DIRECTION ( 'NONE',  ( 0.0000000000000000000, 0.0000000000000000000, 1.000000000000000000 ) ) ;
#3885 = MECHANICAL_DESIGN_GEOMETRIC_PRESENTATION_REPRESENTATION (  '', ( #3478 ), #2241 ) ;
#3886 = EDGE_CURVE ( 'NONE', #6257, #5596, #3983, .T. ) ;
#3887 = DIRECTION ( 'NONE',  ( -1.000000000000000000, 0.0000000000000000000, 0.0000000000000000000 ) ) ;
#3888 = FACE_OUTER_BOUND ( 'NONE', #1712, .T. ) ;
#3889 = ORIENTED_EDGE ( 'NONE', *, *, #6093, .F. ) ;
#3890 = APPLICATION_PROTOCOL_DEFINITION ( 'draft international standard', 'automotive_design', 1998, #221 ) ;
#3891 = FACE_OUTER_BOUND ( 'NONE', #2519, .T. ) ;
#3892 = DIRECTION ( 'NONE',  ( 0.0000000000000000000, 0.0000000000000000000, -1.000000000000000000 ) ) ;
#3893 = LINE ( 'NONE', #3928, #2847 ) ;
#3894 = FACE_BOUND ( 'NONE', #3626, .T. ) ;
#3895 = ORIENTED_EDGE ( 'NONE', *, *, #4638, .F. ) ;
#3896 = CARTESIAN_POINT ( 'NONE',  ( 70.00000000000000000, -14.49999999999999800, 6.000000000000000000 ) ) ;
#3897 = CARTESIAN_POINT ( 'NONE',  ( -6.000000000000000900, 7.347880794884120700E-016, 15.00000000000000400 ) ) ;
#3898 = ORIENTED_EDGE ( 'NONE', *, *, #3439, .T. ) ;
#3899 = EDGE_CURVE ( 'NONE', #5737, #6500, #2456, .T. ) ;
#3900 = AXIS2_PLACEMENT_3D ( 'NONE', #560, #1756, #6007 ) ;
#3901 = CIRCLE ( 'NONE', #605, 2.099999999999997900 ) ;
#3902 = CARTESIAN_POINT ( 'NONE',  ( -90.00000000000000000, 45.00000000000000000, 10.00000000000000000 ) ) ;
#3903 = DIRECTION ( 'NONE',  ( 0.0000000000000000000, 0.0000000000000000000, -1.000000000000000000 ) ) ;
#3904 = DIRECTION ( 'NONE',  ( -1.000000000000000000, 0.0000000000000000000, 0.0000000000000000000 ) ) ;
#3905 = CARTESIAN_POINT ( 'NONE',  ( 0.0000000000000000000, 0.0000000000000000000, 10.00000000000000000 ) ) ;
#3906 = CIRCLE ( 'NONE', #7682, 9.999999999999994700 ) ;
#3907 = EDGE_CURVE ( 'NONE', #2630, #2098, #4540, .T. ) ;
#3908 = AXIS2_PLACEMENT_3D ( 'NONE', #1451, #2583, #2037 ) ;
#3909 = CARTESIAN_POINT ( 'NONE',  ( 66.00000000000000000, -14.49999999999999800, -0.0000000000000000000 ) ) ;
#3910 = CIRCLE ( 'NONE', #7247, 1.650000000000000400 ) ;
#3911 = ORIENTED_EDGE ( 'NONE', *, *, #4189, .F. ) ;
#3912 = PLANE ( 'NONE',  #7673 ) ;
#3913 = CARTESIAN_POINT ( 'NONE',  ( 85.00000000000000000, 49.99999999999996400, 0.0000000000000000000 ) ) ;
#3914 = ORIENTED_EDGE ( 'NONE', *, *, #3768, .F. ) ;
#3915 = CARTESIAN_POINT ( 'NONE',  ( 0.0000000000000000000, 0.0000000000000000000, 18.00000000000000400 ) ) ;
#3916 = VECTOR ( 'NONE', #1259, 1000.000000000000000 ) ;
#3917 = ADVANCED_FACE ( 'NONE', ( #3894, #645 ), #1442, .T. ) ;
#3918 = APPLICATION_PROTOCOL_DEFINITION ( 'draft international standard', 'automotive_design', 1998, #7468 ) ;
#3919 = FACE_OUTER_BOUND ( 'NONE', #4424, .T. ) ;
#3920 = ORIENTED_EDGE ( 'NONE', *, *, #330, .F. ) ;
#3921 = EDGE_LOOP ( 'NONE', ( #776, #2810, #5871, #7605, #7690 ) ) ;
#3922 = CARTESIAN_POINT ( 'NONE',  ( 75.00000000000004300, -49.99999999999999300, 5.000000000000000000 ) ) ;
#3923 = EDGE_CURVE ( 'NONE', #6659, #4043, #6717, .T. ) ;
#3924 = AXIS2_PLACEMENT_3D ( 'NONE', #5970, #2333, #7163 ) ;
#3925 = CARTESIAN_POINT ( 'NONE',  ( 0.0000000000000000000, 0.0000000000000000000, 10.00000000000000000 ) ) ;
#3926 = CIRCLE ( 'NONE', #596, 8.000000000000000000 ) ;
#3927 = ORIENTED_EDGE ( 'NONE', *, *, #4956, .T. ) ;
#3928 = CARTESIAN_POINT ( 'NONE',  ( -80.65000000000000600, -10.00000000000000000, 0.0000000000000000000 ) ) ;
#3929 = VERTEX_POINT ( 'NONE', #288 ) ;
#3930 = DIRECTION ( 'NONE',  ( -0.0000000000000000000, -0.0000000000000000000, 1.000000000000000000 ) ) ;
#3931 = CARTESIAN_POINT ( 'NONE',  ( 46.00000000000000000, -0.5000000000000002200, 6.000000000000000000 ) ) ;
#3932 = VERTEX_POINT ( 'NONE', #5747 ) ;
#3933 = DIRECTION ( 'NONE',  ( -1.000000000000000000, 0.0000000000000000000, 0.0000000000000000000 ) ) ;
#3934 = VECTOR ( 'NONE', #7791, 1000.000000000000000 ) ;
#3935 = CARTESIAN_POINT ( 'NONE',  ( -85.00000000000001400, -40.00000000000003600, 0.0000000000000000000 ) ) ;
#3936 = EDGE_CURVE ( 'NONE', #2288, #7764, #6532, .T. ) ;
#3937 = ORIENTED_EDGE ( 'NONE', *, *, #4064, .T. ) ;
#3938 = EDGE_LOOP ( 'NONE', ( #6384, #1682, #6524, #1202 ) ) ;
#3939 = CARTESIAN_POINT ( 'NONE',  ( -40.09401076758509000, 4.910100195150259700E-015, 57.99999999999997900 ) ) ;
#3940 = DIRECTION ( 'NONE',  ( -0.0000000000000000000, -0.0000000000000000000, -1.000000000000000000 ) ) ;
#3941 = ORIENTED_EDGE ( 'NONE', *, *, #3587, .T. ) ;
#3942 = ORIENTED_EDGE ( 'NONE', *, *, #7537, .T. ) ;
#3943 = EDGE_CURVE ( 'NONE', #2922, #4074, #5966, .T. ) ;
#3944 = AXIS2_PLACEMENT_3D ( 'NONE', #2696, #3265, #2669 ) ;
#3945 = CARTESIAN_POINT ( 'NONE',  ( 37.09401076758509000, 9.085412310812106900E-015, 57.99999999999999300 ) ) ;
#3946 = CIRCLE ( 'NONE', #7131, 3.999999999999996400 ) ;
#3947 = DIRECTION ( 'NONE',  ( -0.0000000000000000000, -0.0000000000000000000, -1.000000000000000000 ) ) ;
#3948 = ORIENTED_EDGE ( 'NONE', *, *, #4556, .T. ) ;
#3949 = ORIENTED_EDGE ( 'NONE', *, *, #4051, .F. ) ;
#3950 = EDGE_CURVE ( 'NONE', #4035, #206, #5116, .T. ) ;
#3951 = ADVANCED_FACE ( 'NONE', ( #3800 ), #7376, .F. ) ;
#3952 = AXIS2_PLACEMENT_3D ( 'NONE', #6807, #1338, #6182 ) ;
#3953 = ORIENTED_EDGE ( 'NONE', *, *, #405, .T. ) ;
#3954 = DIRECTION ( 'NONE',  ( 0.0000000000000000000, 0.0000000000000000000, 1.000000000000000000 ) ) ;
#3955 = EDGE_LOOP ( 'NONE', ( #4769, #1921, #3873, #3492 ) ) ;
#3956 = CARTESIAN_POINT ( 'NONE',  ( -14.99999999999999600, 2.500000000000000900, 0.0000000000000000000 ) ) ;
#3957 = CARTESIAN_POINT ( 'NONE',  ( -10.00000000000000200, -6.999999999999999100, 10.00000000000000000 ) ) ;
#3958 = CARTESIAN_POINT ( 'NONE',  ( 45.00000000000000700, -42.00000000000000000, 6.000000000000000000 ) ) ;
#3959 = CARTESIAN_POINT ( 'NONE',  ( -6.000000000000000900, 7.347880794884120700E-016, 15.00000000000000400 ) ) ;
#3960 = ORIENTED_EDGE ( 'NONE', *, *, #6700, .T. ) ;
#3961 = VECTOR ( 'NONE', #6363, 1000.000000000000000 ) ;
#3962 = DIRECTION ( 'NONE',  ( -1.000000000000000000, 0.0000000000000000000, 0.0000000000000000000 ) ) ;
#3963 = ORIENTED_EDGE ( 'NONE', *, *, #2080, .F. ) ;
#3964 = ORIENTED_EDGE ( 'NONE', *, *, #2617, .T. ) ;
#3965 = AXIS2_PLACEMENT_3D ( 'NONE', #1975, #1362, #209 ) ;
#3966 = EDGE_CURVE ( 'NONE', #528, #6496, #3332, .T. ) ;
#3967 = AXIS2_PLACEMENT_3D ( 'NONE', #2638, #6819, #4991 ) ;
#3968 = ORIENTED_EDGE ( 'NONE', *, *, #7704, .T. ) ;
#3969 = ORIENTED_EDGE ( 'NONE', *, *, #7527, .F. ) ;
#3970 = ORIENTED_EDGE ( 'NONE', *, *, #6785, .T. ) ;
#3971 = CARTESIAN_POINT ( 'NONE',  ( 74.00000000000001400, -0.4999999999999994400, 6.000000000000000000 ) ) ;
#3972 = DIRECTION ( 'NONE',  ( -1.000000000000000000, 0.0000000000000000000, 0.0000000000000000000 ) ) ;
#3973 = CARTESIAN_POINT ( 'NONE',  ( 80.00000000000000000, 50.00000000000000000, 0.0000000000000000000 ) ) ;
#3974 = AXIS2_PLACEMENT_3D ( 'NONE', #4009, #4630, #6483 ) ;
#3975 = ORIENTED_EDGE ( 'NONE', *, *, #1437, .T. ) ;
#3976 = FACE_BOUND ( 'NONE', #2301, .T. ) ;
#3977 = ORIENTED_EDGE ( 'NONE', *, *, #2348, .F. ) ;
#3978 = DIRECTION ( 'NONE',  ( 1.000000000000000000, 0.0000000000000000000, 0.0000000000000000000 ) ) ;
#3979 = DIRECTION ( 'NONE',  ( 0.0000000000000000000, 0.0000000000000000000, 1.000000000000000000 ) ) ;
#3980 = DIRECTION ( 'NONE',  ( 0.0000000000000000000, 0.0000000000000000000, 1.000000000000000000 ) ) ;
#3981 = DIRECTION ( 'NONE',  ( -0.0000000000000000000, -0.0000000000000000000, -1.000000000000000000 ) ) ;
#3982 = CIRCLE ( 'NONE', #7552, 1.650000000000000100 ) ;
#3983 = LINE ( 'NONE', #5722, #7278 ) ;
#3984 = ORIENTED_EDGE ( 'NONE', *, *, #3293, .F. ) ;
#3985 = ORIENTED_EDGE ( 'NONE', *, *, #927, .T. ) ;
#3986 = DIRECTION ( 'NONE',  ( 0.0000000000000000000, 0.0000000000000000000, -1.000000000000000000 ) ) ;
#3987 = CARTESIAN_POINT ( 'NONE',  ( -99.99999999999998600, 64.99999999999991500, 5.000000000000000000 ) ) ;
#3988 = EDGE_CURVE ( 'NONE', #7492, #2826, #2169, .T. ) ;
#3989 = CARTESIAN_POINT ( 'NONE',  ( 11.00000000000000000, 0.0000000000000000000, 30.00000000000000400 ) ) ;
#3990 = LINE ( 'NONE', #3080, #7000 ) ;
#3991 = VECTOR ( 'NONE', #6898, 1000.000000000000000 ) ;
#3992 = VERTEX_POINT ( 'NONE', #4781 ) ;
#3993 = UNCERTAINTY_MEASURE_WITH_UNIT (LENGTH_MEASURE( 1.000000000000000100E-005 ), #3, 'distance_accuracy_value', 'NONE');
#3994 = ADVANCED_FACE ( 'NONE', ( #447 ), #1492, .F. ) ;
#3995 = EDGE_LOOP ( 'NONE', ( #7329, #3827 ) ) ;
#3996 = DIRECTION ( 'NONE',  ( -0.0000000000000000000, -0.0000000000000000000, -1.000000000000000000 ) ) ;
#3997 = CARTESIAN_POINT ( 'NONE',  ( 41.00000000000000700, -68.00000000000000000, 6.000000000000000000 ) ) ;
#3998 = FACE_BOUND ( 'NONE', #3238, .T. ) ;
#3999 = DIRECTION ( 'NONE',  ( -0.0000000000000000000, -0.0000000000000000000, 1.000000000000000000 ) ) ;
#4000 = FACE_OUTER_BOUND ( 'NONE', #6718, .T. ) ;
#4001 = ORIENTED_EDGE ( 'NONE', *, *, #2641, .F. ) ;
#4002 = EDGE_CURVE ( 'NONE', #6906, #6129, #7563, .T. ) ;
#4003 = STYLED_ITEM ( 'NONE', ( #1501 ), #4806 ) ;
#4004 = ORIENTED_EDGE ( 'NONE', *, *, #2701, .T. ) ;
#4005 = CARTESIAN_POINT ( 'NONE',  ( 9.999999999999985800, -45.00000000000000000, 5.000000000000000000 ) ) ;
#4006 = CIRCLE ( 'NONE', #2580, 14.99999999999999800 ) ;
#4007 = LINE ( 'NONE', #409, #1808 ) ;
#4008 = DIRECTION ( 'NONE',  ( -1.000000000000000000, 0.0000000000000000000, 0.0000000000000000000 ) ) ;
#4009 = CARTESIAN_POINT ( 'NONE',  ( -80.00000000000001400, -50.00000000000000000, 5.000000000000000000 ) ) ;
#4010 = ORIENTED_EDGE ( 'NONE', *, *, #7494, .T. ) ;
#4011 = DIRECTION ( 'NONE',  ( 1.000000000000000000, 0.0000000000000000000, 2.326699550219919100E-016 ) ) ;
#4012 = EDGE_CURVE ( 'NONE', #3376, #2485, #6822, .T. ) ;
#4013 = CARTESIAN_POINT ( 'NONE',  ( 85.00000000000000000, 49.99999999999996400, 0.0000000000000000000 ) ) ;
#4014 = ORIENTED_EDGE ( 'NONE', *, *, #4792, .F. ) ;
#4015 = DIRECTION ( 'NONE',  ( -1.000000000000000000, 0.0000000000000000000, 0.0000000000000000000 ) ) ;
#4016 = FACE_OUTER_BOUND ( 'NONE', #6983, .T. ) ;
#4017 = ORIENTED_EDGE ( 'NONE', *, *, #5160, .T. ) ;
#4018 = ORIENTED_EDGE ( 'NONE', *, *, #5415, .T. ) ;
#4019 = LINE ( 'NONE', #7614, #7873 ) ;
#4020 = AXIS2_PLACEMENT_3D ( 'NONE', #5554, #1914, #4976 ) ;
#4021 = CARTESIAN_POINT ( 'NONE',  ( 13.00000000000000200, 0.0000000000000000000, 10.00000000000000000 ) ) ;
#4022 = ORIENTED_EDGE ( 'NONE', *, *, #4002, .F. ) ;
#4023 = CARTESIAN_POINT ( 'NONE',  ( -58.00000000000000000, 55.00000000000000000, 10.00000000000000000 ) ) ;
#4024 = DIRECTION ( 'NONE',  ( -0.0000000000000000000, -0.0000000000000000000, 1.000000000000000000 ) ) ;
#4025 = ORIENTED_EDGE ( 'NONE', *, *, #4718, .T. ) ;
#4026 = EDGE_LOOP ( 'NONE', ( #4875, #4798, #4025, #7548 ) ) ;
#4027 = ADVANCED_FACE ( 'NONE', ( #5402 ), #4724, .F. ) ;
#4028 = DIRECTION ( 'NONE',  ( -0.0000000000000000000, -0.0000000000000000000, -1.000000000000000000 ) ) ;
#4029 = DIRECTION ( 'NONE',  ( -1.000000000000000000, 0.0000000000000000000, 0.0000000000000000000 ) ) ;
#4030 = CARTESIAN_POINT ( 'NONE',  ( -90.00000000000000000, 65.00000000000000000, 0.0000000000000000000 ) ) ;
#4031 = AXIS2_PLACEMENT_3D ( 'NONE', #7440, #4944, #2525 ) ;
#4032 = DIRECTION ( 'NONE',  ( 1.000000000000000000, 0.0000000000000000000, 0.0000000000000000000 ) ) ;
#4033 = EDGE_CURVE ( 'NONE', #2732, #186, #542, .T. ) ;
#4034 = CIRCLE ( 'NONE', #6444, 17.00000000000000000 ) ;
#4035 = VERTEX_POINT ( 'NONE', #4124 ) ;
#4036 = EDGE_LOOP ( 'NONE', ( #6238, #877, #5048, #2956 ) ) ;
#4037 = CARTESIAN_POINT ( 'NONE',  ( 90.00000000000001400, 49.99999999999996400, 10.00000000000000000 ) ) ;
#4038 = DIRECTION ( 'NONE',  ( 1.000000000000000000, 0.0000000000000000000, 0.0000000000000000000 ) ) ;
#4039 = CARTESIAN_POINT ( 'NONE',  ( 0.0000000000000000000, 0.0000000000000000000, 30.00000000000000400 ) ) ;
#4040 = VECTOR ( 'NONE', #4093, 1000.000000000000000 ) ;
#4041 = CARTESIAN_POINT ( 'NONE',  ( 62.00000000000000000, -55.00000000000000000, 0.0000000000000000000 ) ) ;
#4042 = VERTEX_POINT ( 'NONE', #1726 ) ;
#4043 = VERTEX_POINT ( 'NONE', #4725 ) ;
#4044 = EDGE_CURVE ( 'NONE', #7509, #619, #3694, .T. ) ;
#4045 = AXIS2_PLACEMENT_3D ( 'NONE', #5404, #2979, #7202 ) ;
#4046 = CARTESIAN_POINT ( 'NONE',  ( -99.99999999999998600, 9.999999999999998200, 10.00000000000000000 ) ) ;
#4047 = DIRECTION ( 'NONE',  ( -0.0000000000000000000, -0.0000000000000000000, 1.000000000000000000 ) ) ;
#4048 = LINE ( 'NONE', #1165, #7441 ) ;
#4049 = ORIENTED_EDGE ( 'NONE', *, *, #6434, .F. ) ;
#4050 = VERTEX_POINT ( 'NONE', #6027 ) ;
#4051 = EDGE_CURVE ( 'NONE', #3423, #328, #2543, .T. ) ;
#4052 = AXIS2_PLACEMENT_3D ( 'NONE', #2199, #6411, #2815 ) ;
#4053 = ORIENTED_EDGE ( 'NONE', *, *, #6967, .T. ) ;
#4054 = CARTESIAN_POINT ( 'NONE',  ( -58.00000000000000000, 55.00000000000000000, 6.000000000000000000 ) ) ;
#4055 = CARTESIAN_POINT ( 'NONE',  ( -8.000000000000000000, 0.0000000000000000000, 10.00000000000000000 ) ) ;
#4056 = FACE_OUTER_BOUND ( 'NONE', #1337, .T. ) ;
#4057 = ORIENTED_EDGE ( 'NONE', *, *, #6971, .F. ) ;
#4058 = ORIENTED_EDGE ( 'NONE', *, *, #6116, .F. ) ;
#4059 = DIRECTION ( 'NONE',  ( 0.0000000000000000000, 0.0000000000000000000, -1.000000000000000000 ) ) ;
#4060 = DIRECTION ( 'NONE',  ( -1.000000000000000000, 0.0000000000000000000, 0.0000000000000000000 ) ) ;
#4061 = CIRCLE ( 'NONE', #2824, 1.650000000000000100 ) ;
#4062 = EDGE_LOOP ( 'NONE', ( #1739, #6753, #2998, #4493 ) ) ;
#4063 = AXIS2_PLACEMENT_3D ( 'NONE', #2606, #1949, #6207 ) ;
#4064 = EDGE_CURVE ( 'NONE', #238, #3388, #7166, .T. ) ;
#4065 = AXIS2_PLACEMENT_3D ( 'NONE', #2388, #1748, #7804 ) ;
#4066 = ORIENTED_EDGE ( 'NONE', *, *, #1181, .F. ) ;
#4067 = CARTESIAN_POINT ( 'NONE',  ( 0.0000000000000000000, 0.0000000000000000000, 18.00000000000000000 ) ) ;
#4068 = ADVANCED_FACE ( 'NONE', ( #1094 ), #6907, .F. ) ;
#4069 = LINE ( 'NONE', #5474, #4352 ) ;
#4070 = VECTOR ( 'NONE', #3699, 1000.000000000000000 ) ;
#4071 = ORIENTED_EDGE ( 'NONE', *, *, #7798, .T. ) ;
#4072 = CARTESIAN_POINT ( 'NONE',  ( 0.0000000000000000000, 0.0000000000000000000, 10.00000000000000000 ) ) ;
#4073 = CARTESIAN_POINT ( 'NONE',  ( 46.00000000000000000, -14.49999999999999800, 6.000000000000000000 ) ) ;
#4074 = VERTEX_POINT ( 'NONE', #6077 ) ;
#4075 = ADVANCED_FACE ( 'NONE', ( #6060, #3505 ), #6732, .T. ) ;
#4076 = CARTESIAN_POINT ( 'NONE',  ( 1.650000000000000100, 13.00000000000000200, 20.00000000000000000 ) ) ;
#4077 = CIRCLE ( 'NONE', #1086, 4.000000000000003600 ) ;
#4078 = EDGE_CURVE ( 'NONE', #5059, #123, #4535, .T. ) ;
#4079 = LINE ( 'NONE', #6383, #6163 ) ;
#4080 = FACE_OUTER_BOUND ( 'NONE', #7244, .T. ) ;
#4081 = ORIENTED_EDGE ( 'NONE', *, *, #2668, .T. ) ;
#4082 = DIRECTION ( 'NONE',  ( -0.0000000000000000000, -0.0000000000000000000, -1.000000000000000000 ) ) ;
#4083 = EDGE_LOOP ( 'NONE', ( #6815, #3790 ) ) ;
#4084 = DIRECTION ( 'NONE',  ( 1.000000000000000000, 0.0000000000000000000, 0.0000000000000000000 ) ) ;
#4085 = DIRECTION ( 'NONE',  ( -1.000000000000000000, 0.0000000000000000000, 0.0000000000000000000 ) ) ;
#4086 = VECTOR ( 'NONE', #4047, 1000.000000000000000 ) ;
#4087 = DIRECTION ( 'NONE',  ( 8.673617379884035500E-016, 1.000000000000000000, -0.0000000000000000000 ) ) ;
#4088 = CIRCLE ( 'NONE', #5243, 1.650000000000000400 ) ;
#4089 = ORIENTED_EDGE ( 'NONE', *, *, #7263, .F. ) ;
#4090 = CARTESIAN_POINT ( 'NONE',  ( -80.00000000000001400, -50.00000000000000000, 5.000000000000000000 ) ) ;
#4091 = EDGE_CURVE ( 'NONE', #1371, #1665, #5291, .T. ) ;
#4092 = CARTESIAN_POINT ( 'NONE',  ( -80.00000000000001400, -40.00000000000000000, 10.00000000000000000 ) ) ;
#4093 = DIRECTION ( 'NONE',  ( -0.0000000000000000000, -0.0000000000000000000, -1.000000000000000000 ) ) ;
#4094 = CIRCLE ( 'NONE', #4052, 4.000000000000003600 ) ;
#4095 = CARTESIAN_POINT ( 'NONE',  ( 45.00000000000000700, -55.00000000000000000, 10.00000000000000000 ) ) ;
#4096 = VECTOR ( 'NONE', #2705, 1000.000000000000000 ) ;
#4097 = EDGE_LOOP ( 'NONE', ( #3460, #499, #2849, #3420 ) ) ;
#4098 = ORIENTED_EDGE ( 'NONE', *, *, #5616, .F. ) ;
#4099 = CARTESIAN_POINT ( 'NONE',  ( -80.00000000000001400, -40.00000000000000000, 5.000000000000000000 ) ) ;
#4100 = LINE ( 'NONE', #6296, #2095 ) ;
#4101 = EDGE_CURVE ( 'NONE', #5596, #4254, #3324, .T. ) ;
#4102 = AXIS2_PLACEMENT_3D ( 'NONE', #7411, #2666, #4483 ) ;
#4103 = LINE ( 'NONE', #2379, #3821 ) ;
#4104 = ORIENTED_EDGE ( 'NONE', *, *, #2537, .F. ) ;
#4105 = CARTESIAN_POINT ( 'NONE',  ( 41.00000000000000700, -42.00000000000000000, 6.000000000000000000 ) ) ;
#4106 = CIRCLE ( 'NONE', #4799, 2.100000000000004500 ) ;
#4107 = ORIENTED_EDGE ( 'NONE', *, *, #1617, .T. ) ;
#4108 = VERTEX_POINT ( 'NONE', #4259 ) ;
#4109 = DIRECTION ( 'NONE',  ( -0.0000000000000000000, -0.0000000000000000000, -1.000000000000000000 ) ) ;
#4110 = DIRECTION ( 'NONE',  ( 0.0000000000000000000, 0.0000000000000000000, -1.000000000000000000 ) ) ;
#4111 = PLANE ( 'NONE',  #7691 ) ;
#4112 = AXIS2_PLACEMENT_3D ( 'NONE', #1256, #677, #48 ) ;
#4113 = ORIENTED_EDGE ( 'NONE', *, *, #4570, .T. ) ;
#4114 = EDGE_CURVE ( 'NONE', #6767, #2759, #6255, .T. ) ;
#4115 = AXIS2_PLACEMENT_3D ( 'NONE', #1749, #1153, #3605 ) ;
#4116 = CARTESIAN_POINT ( 'NONE',  ( -1.650000000000000100, -13.00000000000000200, 20.00000000000000000 ) ) ;
#4117 = ORIENTED_EDGE ( 'NONE', *, *, #4993, .T. ) ;
#4118 = CIRCLE ( 'NONE', #6044, 2.099999999999997900 ) ;
#4119 = ORIENTED_EDGE ( 'NONE', *, *, #1984, .F. ) ;
#4120 = ORIENTED_EDGE ( 'NONE', *, *, #1319, .T. ) ;
#4121 = CARTESIAN_POINT ( 'NONE',  ( -8.000000000000000000, 0.0000000000000000000, 10.00000000000000000 ) ) ;
#4122 = AXIS2_PLACEMENT_3D ( 'NONE', #4054, #2196, #7589 ) ;
#4123 = CARTESIAN_POINT ( 'NONE',  ( 85.00000000000000000, 40.00000000000003600, 5.000000000000000000 ) ) ;
#4124 = CARTESIAN_POINT ( 'NONE',  ( 36.00000000000000700, -55.00000000000000000, 0.0000000000000000000 ) ) ;
#4125 = EDGE_CURVE ( 'NONE', #2757, #4695, #1393, .T. ) ;
#4126 = ORIENTED_EDGE ( 'NONE', *, *, #2794, .T. ) ;
#4127 = VERTEX_POINT ( 'NONE', #2467 ) ;
#4128 = CIRCLE ( 'NONE', #6587, 1.650000000000000100 ) ;
#4129 = FACE_BOUND ( 'NONE', #3783, .T. ) ;
#4130 = CARTESIAN_POINT ( 'NONE',  ( -99.99999999999998600, 30.00000000000000000, 10.00000000000000000 ) ) ;
#4131 = ORIENTED_EDGE ( 'NONE', *, *, #921, .T. ) ;
#4132 = DIRECTION ( 'NONE',  ( -1.000000000000000000, 0.0000000000000000000, 0.0000000000000000000 ) ) ;
#4133 = AXIS2_PLACEMENT_3D ( 'NONE', #2385, #3142, #672 ) ;
#4134 = ORIENTED_EDGE ( 'NONE', *, *, #574, .F. ) ;
#4135 = DIRECTION ( 'NONE',  ( 0.0000000000000000000, 0.0000000000000000000, 1.000000000000000000 ) ) ;
#4136 = AXIS2_PLACEMENT_3D ( 'NONE', #139, #5552, #4319 ) ;
#4137 = DIRECTION ( 'NONE',  ( -0.0000000000000000000, -0.0000000000000000000, 1.000000000000000000 ) ) ;
#4138 = EDGE_CURVE ( 'NONE', #4890, #6767, #3128, .T. ) ;
#4139 = LINE ( 'NONE', #6745, #6783 ) ;
#4140 = DIRECTION ( 'NONE',  ( 0.0000000000000000000, 0.0000000000000000000, 1.000000000000000000 ) ) ;
#4141 = ORIENTED_EDGE ( 'NONE', *, *, #4341, .F. ) ;
#4142 = VERTEX_POINT ( 'NONE', #6104 ) ;
#4143 = CARTESIAN_POINT ( 'NONE',  ( 70.00000000000000000, -0.5000000000000000000, 0.0000000000000000000 ) ) ;
#4144 = COLOUR_RGB ( '',1.000000000000000000, 1.000000000000000000, 1.000000000000000000 ) ;
#4145 = EDGE_CURVE ( 'NONE', #989, #3688, #4448, .T. ) ;
#4146 = AXIS2_PLACEMENT_3D ( 'NONE', #216, #3357, #895 ) ;
#4147 = VERTEX_POINT ( 'NONE', #4310 ) ;
#4148 = ORIENTED_EDGE ( 'NONE', *, *, #1363, .T. ) ;
#4149 = DIRECTION ( 'NONE',  ( 0.0000000000000000000, 0.0000000000000000000, 1.000000000000000000 ) ) ;
#4150 = DIRECTION ( 'NONE',  ( -0.0000000000000000000, -0.0000000000000000000, 1.000000000000000000 ) ) ;
#4151 = CARTESIAN_POINT ( 'NONE',  ( 7.500000000000000000, 0.0000000000000000000, 0.0000000000000000000 ) ) ;
#4152 = FACE_BOUND ( 'NONE', #1612, .T. ) ;
#4153 = ADVANCED_FACE ( 'NONE', ( #4264 ), #6151, .F. ) ;
#4154 = DIRECTION ( 'NONE',  ( -0.0000000000000000000, -0.0000000000000000000, 1.000000000000000000 ) ) ;
#4155 = EDGE_LOOP ( 'NONE', ( #2113, #6473 ) ) ;
#4156 = ORIENTED_EDGE ( 'NONE', *, *, #1231, .T. ) ;
#4157 = EDGE_CURVE ( 'NONE', #4915, #6422, #2445, .T. ) ;
#4158 = AXIS2_PLACEMENT_3D ( 'NONE', #5032, #6830, #6199 ) ;
#4159 = CARTESIAN_POINT ( 'NONE',  ( 70.00000000000002800, -50.00000000000002800, 5.000000000000000000 ) ) ;
#4160 = CARTESIAN_POINT ( 'NONE',  ( -64.35000000000000900, 3.000000000000000900, 0.0000000000000000000 ) ) ;
#4161 = VECTOR ( 'NONE', #7832, 1000.000000000000000 ) ;
#4162 = CYLINDRICAL_SURFACE ( 'NONE', #620, 3.999999999999996400 ) ;
#4163 = ORIENTED_EDGE ( 'NONE', *, *, #3809, .F. ) ;
#4164 = CYLINDRICAL_SURFACE ( 'NONE', #1969, 2.099999999999997900 ) ;
#4165 = CARTESIAN_POINT ( 'NONE',  ( 0.0000000000000000000, 0.0000000000000000000, 10.00000000000000000 ) ) ;
#4166 = ORIENTED_EDGE ( 'NONE', *, *, #2244, .F. ) ;
#4167 = DIRECTION ( 'NONE',  ( -1.000000000000000000, 0.0000000000000000000, 0.0000000000000000000 ) ) ;
#4168 = DIRECTION ( 'NONE',  ( 1.387778780781460900E-015, 1.000000000000000000, 0.0000000000000000000 ) ) ;
#4169 = AXIS2_PLACEMENT_3D ( 'NONE', #6098, #5444, #650 ) ;
#4170 = EDGE_CURVE ( 'NONE', #669, #6767, #1681, .T. ) ;
#4171 = CARTESIAN_POINT ( 'NONE',  ( 0.0000000000000000000, -13.00000000000000200, 18.00000000000000400 ) ) ;
#4172 = FACE_OUTER_BOUND ( 'NONE', #6908, .T. ) ;
#4173 = AXIS2_PLACEMENT_3D ( 'NONE', #7687, #430, #400 ) ;
#4174 = VECTOR ( 'NONE', #1843, 1000.000000000000000 ) ;
#4175 = ORIENTED_EDGE ( 'NONE', *, *, #4044, .T. ) ;
#4176 = EDGE_LOOP ( 'NONE', ( #5014, #5189, #2986, #5104 ) ) ;
#4177 = CARTESIAN_POINT ( 'NONE',  ( -13.00000000000000200, 0.0000000000000000000, 10.00000000000000000 ) ) ;
#4178 = DIRECTION ( 'NONE',  ( -1.000000000000000000, 0.0000000000000000000, 0.0000000000000000000 ) ) ;
#4179 = DIRECTION ( 'NONE',  ( 0.0000000000000000000, 0.0000000000000000000, -1.000000000000000000 ) ) ;
#4180 = CARTESIAN_POINT ( 'NONE',  ( 13.00000000000000200, 0.0000000000000000000, 20.00000000000000000 ) ) ;
#4181 = LINE ( 'NONE', #305, #3144 ) ;
#4182 = CARTESIAN_POINT ( 'NONE',  ( 100.0000000000000300, 64.99999999999991500, 10.00000000000000000 ) ) ;
#4183 = CYLINDRICAL_SURFACE ( 'NONE', #6778, 17.00000000000000000 ) ;
#4184 = EDGE_LOOP ( 'NONE', ( #1441, #5638 ) ) ;
#4185 = AXIS2_PLACEMENT_3D ( 'NONE', #4729, #2442, #553 ) ;
#4186 = ORIENTED_EDGE ( 'NONE', *, *, #6202, .T. ) ;
#4187 = CONTEXT_DEPENDENT_SHAPE_REPRESENTATION ( #2723, #4205 ) ;
#4188 =( GEOMETRIC_REPRESENTATION_CONTEXT ( 3 ) GLOBAL_UNCERTAINTY_ASSIGNED_CONTEXT ( ( #911 ) ) GLOBAL_UNIT_ASSIGNED_CONTEXT ( ( #742, #1959, #6243 ) ) REPRESENTATION_CONTEXT ( 'NONE', 'WORKASPACE' ) );
#4189 = EDGE_CURVE ( 'NONE', #7609, #1521, #2839, .T. ) ;
#4190 = LINE ( 'NONE', #2195, #2088 ) ;
#4191 = CARTESIAN_POINT ( 'NONE',  ( 100.0000000000000300, -45.00000000000000000, 5.000000000000000000 ) ) ;
#4192 = FACE_OUTER_BOUND ( 'NONE', #40, .T. ) ;
#4193 = ORIENTED_EDGE ( 'NONE', *, *, #7254, .T. ) ;
#4194 = DIRECTION ( 'NONE',  ( 0.0000000000000000000, 0.0000000000000000000, 1.000000000000000000 ) ) ;
#4195 = DIRECTION ( 'NONE',  ( -0.0000000000000000000, -0.0000000000000000000, -1.000000000000000000 ) ) ;
#4196 = VERTEX_POINT ( 'NONE', #1421 ) ;
#4197 = FACE_OUTER_BOUND ( 'NONE', #1493, .T. ) ;
#4198 = CARTESIAN_POINT ( 'NONE',  ( 90.00000000000001400, 49.99999999999996400, 5.000000000000000000 ) ) ;
#4199 = LINE ( 'NONE', #6546, #4288 ) ;
#4200 = EDGE_CURVE ( 'NONE', #5715, #3129, #2653, .T. ) ;
#4201 = CARTESIAN_POINT ( 'NONE',  ( -59.99999999999999300, 30.00000000000000000, 0.0000000000000000000 ) ) ;
#4202 = ADVANCED_FACE ( 'NONE', ( #4634 ), #4162, .F. ) ;
#4203 = AXIS2_PLACEMENT_3D ( 'NONE', #5511, #6754, #7351 ) ;
#4204 = EDGE_LOOP ( 'NONE', ( #2059, #4602 ) ) ;
#4205 = PRODUCT_DEFINITION_SHAPE ( 'NONE', 'NONE',  #7894 ) ;
#4206 = FACE_BOUND ( 'NONE', #4811, .T. ) ;
#4207 = EDGE_LOOP ( 'NONE', ( #6380, #444, #4399, #2511 ) ) ;
#4208 = DIRECTION ( 'NONE',  ( -0.0000000000000000000, -0.0000000000000000000, 1.000000000000000000 ) ) ;
#4209 = VECTOR ( 'NONE', #6222, 1000.000000000000000 ) ;
#4210 = DIRECTION ( 'NONE',  ( 1.000000000000000000, 0.0000000000000000000, 0.0000000000000000000 ) ) ;
#4211 = CARTESIAN_POINT ( 'NONE',  ( 49.00000000000000000, -68.00000000000000000, 6.000000000000000000 ) ) ;
#4212 = VERTEX_POINT ( 'NONE', #6268 ) ;
#4213 = CARTESIAN_POINT ( 'NONE',  ( 60.10000000000000100, -55.00000000000000000, 10.00000000000000000 ) ) ;
#4214 = EDGE_CURVE ( 'NONE', #87, #628, #7269, .T. ) ;
#4215 = AXIS2_PLACEMENT_3D ( 'NONE', #757, #5622, #1469 ) ;
#4216 = ORIENTED_EDGE ( 'NONE', *, *, #5521, .T. ) ;
#4217 = DIRECTION ( 'NONE',  ( -0.0000000000000000000, -0.0000000000000000000, 1.000000000000000000 ) ) ;
#4218 = CIRCLE ( 'NONE', #726, 8.000000000000000000 ) ;
#4219 = VERTEX_POINT ( 'NONE', #2636 ) ;
#4220 = DIRECTION ( 'NONE',  ( -0.0000000000000000000, -0.0000000000000000000, 1.000000000000000000 ) ) ;
#4221 = DIRECTION ( 'NONE',  ( 1.000000000000000000, 0.0000000000000000000, -0.0000000000000000000 ) ) ;
#4222 = DIRECTION ( 'NONE',  ( 1.000000000000000000, 0.0000000000000000000, 0.0000000000000000000 ) ) ;
#4223 = CARTESIAN_POINT ( 'NONE',  ( -14.99999999999999600, -2.499999999999999100, 0.0000000000000000000 ) ) ;
#4224 = AXIS2_PLACEMENT_3D ( 'NONE', #6460, #7030, #5247 ) ;
#4225 = EDGE_CURVE ( 'NONE', #6756, #4818, #4825, .T. ) ;
#4226 = CARTESIAN_POINT ( 'NONE',  ( -58.00000000000000000, 55.00000000000000000, 0.0000000000000000000 ) ) ;
#4227 = ORIENTED_EDGE ( 'NONE', *, *, #643, .F. ) ;
#4228 = ORIENTED_EDGE ( 'NONE', *, *, #4012, .F. ) ;
#4229 = CARTESIAN_POINT ( 'NONE',  ( 45.00000000000000000, -10.00000000000000000, 0.0000000000000000000 ) ) ;
#4230 = DIRECTION ( 'NONE',  ( 0.0000000000000000000, 0.0000000000000000000, 1.000000000000000000 ) ) ;
#4231 = CIRCLE ( 'NONE', #174, 7.999999999999992900 ) ;
#4232 = DIRECTION ( 'NONE',  ( 0.0000000000000000000, 0.0000000000000000000, 1.000000000000000000 ) ) ;
#4233 = VERTEX_POINT ( 'NONE', #735 ) ;
#4234 = CARTESIAN_POINT ( 'NONE',  ( 0.0000000000000000000, 0.0000000000000000000, 18.00000000000000000 ) ) ;
#4235 = AXIS2_PLACEMENT_3D ( 'NONE', #4740, #7067, #2892 ) ;
#4236 = CARTESIAN_POINT ( 'NONE',  ( -34.50245047955376500, -69.00490095910753000, 53.51438774526344800 ) ) ;
#4237 = EDGE_CURVE ( 'NONE', #4371, #6786, #826, .T. ) ;
#4238 = DIRECTION ( 'NONE',  ( -1.000000000000000000, 0.0000000000000000000, 0.0000000000000000000 ) ) ;
#4239 = UNCERTAINTY_MEASURE_WITH_UNIT (LENGTH_MEASURE( 1.000000000000000100E-005 ), #3763, 'distance_accuracy_value', 'NONE');
#4240 = ORIENTED_EDGE ( 'NONE', *, *, #7035, .T. ) ;
#4241 = VERTEX_POINT ( 'NONE', #161 ) ;
#4242 = ADVANCED_FACE ( 'NONE', ( #3888 ), #5486, .F. ) ;
#4243 = CARTESIAN_POINT ( 'NONE',  ( 45.00000000000000700, -68.00000000000000000, 0.0000000000000000000 ) ) ;
#4244 = CIRCLE ( 'NONE', #4567, 1.650000000000000400 ) ;
#4245 = ORIENTED_EDGE ( 'NONE', *, *, #2115, .T. ) ;
#4246 = EDGE_LOOP ( 'NONE', ( #7644, #2586, #3412, #7787 ) ) ;
#4247 = EDGE_CURVE ( 'NONE', #123, #5059, #7648, .T. ) ;
#4248 = DIRECTION ( 'NONE',  ( 0.0000000000000000000, 0.0000000000000000000, 1.000000000000000000 ) ) ;
#4249 = PRESENTATION_STYLE_ASSIGNMENT (( #7394 ) ) ;
#4250 = CARTESIAN_POINT ( 'NONE',  ( 58.00000000000000000, -55.00000000000000000, 10.00000000000000000 ) ) ;
#4251 = DIRECTION ( 'NONE',  ( -0.0000000000000000000, -0.0000000000000000000, 1.000000000000000000 ) ) ;
#4252 = VECTOR ( 'NONE', #5626, 1000.000000000000000 ) ;
#4253 = EDGE_LOOP ( 'NONE', ( #466, #1856 ) ) ;
#4254 = VERTEX_POINT ( 'NONE', #3288 ) ;
#4255 = CARTESIAN_POINT ( 'NONE',  ( 75.00000000000000000, -7.500000000000000000, 0.0000000000000000000 ) ) ;
#4256 = EDGE_CURVE ( 'NONE', #4982, #6209, #636, .T. ) ;
#4257 = MECHANICAL_DESIGN_GEOMETRIC_PRESENTATION_REPRESENTATION (  '', ( #1540 ), #7890 ) ;
#4258 = LINE ( 'NONE', #7121, #5864 ) ;
#4259 = CARTESIAN_POINT ( 'NONE',  ( -29.90000000000000600, 55.00000000000000000, 6.000000000000000000 ) ) ;
#4260 = EDGE_LOOP ( 'NONE', ( #7531, #2850, #7869, #654 ) ) ;
#4261 = DIRECTION ( 'NONE',  ( -0.0000000000000000000, -0.0000000000000000000, -1.000000000000000000 ) ) ;
#4262 = VERTEX_POINT ( 'NONE', #7412 ) ;
#4263 = DIRECTION ( 'NONE',  ( -0.0000000000000000000, -0.0000000000000000000, -1.000000000000000000 ) ) ;
#4264 = FACE_OUTER_BOUND ( 'NONE', #6999, .T. ) ;
#4265 = ORIENTED_EDGE ( 'NONE', *, *, #70, .F. ) ;
#4266 = DIRECTION ( 'NONE',  ( -0.0000000000000000000, -0.0000000000000000000, -1.000000000000000000 ) ) ;
#4267 = EDGE_CURVE ( 'NONE', #7810, #7843, #7465, .T. ) ;
#4268 = DIRECTION ( 'NONE',  ( -1.000000000000000000, 0.0000000000000000000, 0.0000000000000000000 ) ) ;
#4269 = DIRECTION ( 'NONE',  ( -1.000000000000000000, 0.0000000000000000000, 0.0000000000000000000 ) ) ;
#4270 = CONICAL_SURFACE ( 'NONE', #690, 40.09401076758509000, 0.5235987755983002600 ) ;
#4271 = VECTOR ( 'NONE', #7117, 1000.000000000000000 ) ;
#4272 = FACE_BOUND ( 'NONE', #284, .T. ) ;
#4273 = FACE_OUTER_BOUND ( 'NONE', #5774, .T. ) ;
#4274 = ORIENTED_EDGE ( 'NONE', *, *, #3899, .T. ) ;
#4275 = CARTESIAN_POINT ( 'NONE',  ( 80.00000000000000000, 50.00000000000000000, 5.000000000000000000 ) ) ;
#4276 = ORIENTED_EDGE ( 'NONE', *, *, #6764, .F. ) ;
#4277 = ADVANCED_FACE ( 'NONE', ( #46, #2254 ), #707, .T. ) ;
#4278 = AXIS2_PLACEMENT_3D ( 'NONE', #4789, #6606, #1055 ) ;
#4279 = CARTESIAN_POINT ( 'NONE',  ( 79.99999999999994300, 60.00000000000001400, 5.000000000000000000 ) ) ;
#4280 = SPHERICAL_SURFACE ( 'NONE', #3864, 17.00000000000000000 ) ;
#4281 = CARTESIAN_POINT ( 'NONE',  ( -5.000000000000011500, -45.00000000000000000, 0.0000000000000000000 ) ) ;
#4282 = FACE_BOUND ( 'NONE', #3712, .T. ) ;
#4283 = EDGE_LOOP ( 'NONE', ( #3816, #4010 ) ) ;
#4284 = DIRECTION ( 'NONE',  ( -0.0000000000000000000, -0.0000000000000000000, 1.000000000000000000 ) ) ;
#4285 = CARTESIAN_POINT ( 'NONE',  ( -89.99999999999991500, -75.00000000000000000, 10.00000000000000000 ) ) ;
#4286 = VECTOR ( 'NONE', #5413, 1000.000000000000000 ) ;
#4287 = LINE ( 'NONE', #3188, #2861 ) ;
#4288 = VECTOR ( 'NONE', #1604, 1000.000000000000000 ) ;
#4289 = AXIS2_PLACEMENT_3D ( 'NONE', #5973, #6475, #5925 ) ;
#4290 = AXIS2_PLACEMENT_3D ( 'NONE', #2912, #7729, #7703 ) ;
#4291 = VERTEX_POINT ( 'NONE', #3835 ) ;
#4292 = EDGE_CURVE ( 'NONE', #5209, #704, #1291, .T. ) ;
#4293 = DIRECTION ( 'NONE',  ( 1.000000000000000000, 0.0000000000000000000, 0.0000000000000000000 ) ) ;
#4294 = CYLINDRICAL_SURFACE ( 'NONE', #5215, 9.999999999999998200 ) ;
#4295 = DIRECTION ( 'NONE',  ( -0.0000000000000000000, -0.0000000000000000000, 1.000000000000000000 ) ) ;
#4296 = ORIENTED_EDGE ( 'NONE', *, *, #3259, .T. ) ;
#4297 = DIRECTION ( 'NONE',  ( 1.000000000000000000, 0.0000000000000000000, 0.0000000000000000000 ) ) ;
#4298 = ADVANCED_FACE ( 'NONE', ( #2065 ), #6710, .F. ) ;
#4299 = FACE_OUTER_BOUND ( 'NONE', #7579, .T. ) ;
#4300 = ORIENTED_EDGE ( 'NONE', *, *, #5310, .F. ) ;
#4301 = DIRECTION ( 'NONE',  ( 0.0000000000000000000, 0.0000000000000000000, 1.000000000000000000 ) ) ;
#4302 = CARTESIAN_POINT ( 'NONE',  ( 0.0000000000000000000, 0.0000000000000000000, 50.00000000000000000 ) ) ;
#4303 = EDGE_CURVE ( 'NONE', #1800, #1570, #2936, .T. ) ;
#4304 = CARTESIAN_POINT ( 'NONE',  ( -14.99999999999999600, -10.00000000000000000, 16.00000000000000000 ) ) ;
#4305 = AXIS2_PLACEMENT_3D ( 'NONE', #7011, #5791, #7490 ) ;
#4306 = ORIENTED_EDGE ( 'NONE', *, *, #6891, .F. ) ;
#4307 = PLANE ( 'NONE',  #327 ) ;
#4308 = EDGE_LOOP ( 'NONE', ( #3270, #4764, #7082, #1292, #1903, #584, #3568 ) ) ;
#4309 = CARTESIAN_POINT ( 'NONE',  ( -5.000000000000011500, -35.00000000000000000, 0.0000000000000000000 ) ) ;
#4310 = CARTESIAN_POINT ( 'NONE',  ( -74.00000000000000000, -9.999999999999998200, 10.00000000000000000 ) ) ;
#4311 = CIRCLE ( 'NONE', #7239, 1.649999999999998600 ) ;
#4312 = CARTESIAN_POINT ( 'NONE',  ( -11.53013519640525400, -1.412034316201393400E-015, 20.93762159694730200 ) ) ;
#4313 = DIRECTION ( 'NONE',  ( -1.000000000000000000, 0.0000000000000000000, -0.0000000000000000000 ) ) ;
#4314 = EDGE_LOOP ( 'NONE', ( #1280, #2255, #6399, #4778 ) ) ;
#4315 = ORIENTED_EDGE ( 'NONE', *, *, #881, .F. ) ;
#4316 = EDGE_CURVE ( 'NONE', #5589, #6136, #440, .T. ) ;
#4317 = AXIS2_PLACEMENT_3D ( 'NONE', #5045, #5708, #2061 ) ;
#4318 = ADVANCED_FACE ( 'NONE', ( #5773 ), #7556, .F. ) ;
#4319 = DIRECTION ( 'NONE',  ( 1.000000000000000000, 0.0000000000000000000, 0.0000000000000000000 ) ) ;
#4320 = DIRECTION ( 'NONE',  ( 0.0000000000000000000, -1.000000000000000000, 0.0000000000000000000 ) ) ;
#4321 = ORIENTED_EDGE ( 'NONE', *, *, #5400, .T. ) ;
#4322 = EDGE_LOOP ( 'NONE', ( #148, #4071 ) ) ;
#4323 = CARTESIAN_POINT ( 'NONE',  ( -8.350000000000001400, -6.999999999999999100, 16.00000000000000000 ) ) ;
#4324 = CARTESIAN_POINT ( 'NONE',  ( 0.0000000000000000000, 13.00000000000000200, 20.00000000000000000 ) ) ;
#4325 = AXIS2_PLACEMENT_3D ( 'NONE', #7240, #1199, #1255 ) ;
#4326 = EDGE_CURVE ( 'NONE', #671, #395, #4353, .T. ) ;
#4327 = CARTESIAN_POINT ( 'NONE',  ( 70.00000000000000000, -0.5000000000000000000, 6.000000000000000000 ) ) ;
#4328 = FACE_OUTER_BOUND ( 'NONE', #7270, .T. ) ;
#4329 = DIRECTION ( 'NONE',  ( -1.000000000000000000, 0.0000000000000000000, 0.0000000000000000000 ) ) ;
#4330 = ORIENTED_EDGE ( 'NONE', *, *, #4761, .F. ) ;
#4331 = VERTEX_POINT ( 'NONE', #2719 ) ;
#4332 = DIRECTION ( 'NONE',  ( 0.0000000000000000000, 0.0000000000000000000, 1.000000000000000000 ) ) ;
#4333 = CYLINDRICAL_SURFACE ( 'NONE', #641, 3.999999999999996400 ) ;
#4334 = CARTESIAN_POINT ( 'NONE',  ( -32.00000000000000700, 55.00000000000000000, 10.00000000000000000 ) ) ;
#4335 = CARTESIAN_POINT ( 'NONE',  ( -45.00000000000000700, 42.00000000000000000, 6.000000000000000000 ) ) ;
#4336 = VERTEX_POINT ( 'NONE', #6939 ) ;
#4337 = ORIENTED_EDGE ( 'NONE', *, *, #491, .T. ) ;
#4338 = ADVANCED_FACE ( 'NONE', ( #5959 ), #297, .F. ) ;
#4339 = CARTESIAN_POINT ( 'NONE',  ( 0.0000000000000000000, 0.0000000000000000000, 0.0000000000000000000 ) ) ;
#4340 = CARTESIAN_POINT ( 'NONE',  ( -37.09401076758509000, -4.542706155406053400E-015, 57.99999999999999300 ) ) ;
#4341 = EDGE_CURVE ( 'NONE', #7599, #5267, #7367, .T. ) ;
#4342 = ORIENTED_EDGE ( 'NONE', *, *, #1694, .F. ) ;
#4343 = ORIENTED_EDGE ( 'NONE', *, *, #4593, .F. ) ;
#4344 = DIRECTION ( 'NONE',  ( -1.000000000000000000, 0.0000000000000000000, 0.0000000000000000000 ) ) ;
#4345 = CARTESIAN_POINT ( 'NONE',  ( 1.650000000000000100, -13.00000000000000200, 18.00000000000000400 ) ) ;
#4346 = DIRECTION ( 'NONE',  ( -1.000000000000000000, 0.0000000000000000000, 0.0000000000000000000 ) ) ;
#4347 = EDGE_CURVE ( 'NONE', #222, #5522, #7839, .T. ) ;
#4348 = FACE_OUTER_BOUND ( 'NONE', #7361, .T. ) ;
#4349 = EDGE_LOOP ( 'NONE', ( #2075, #5579 ) ) ;
#4350 = CARTESIAN_POINT ( 'NONE',  ( -5.000000000000018700, -30.00000000000000000, 10.00000000000000000 ) ) ;
#4351 = ADVANCED_FACE ( 'NONE', ( #924 ), #3912, .F. ) ;
#4352 = VECTOR ( 'NONE', #4217, 1000.000000000000000 ) ;
#4353 = CIRCLE ( 'NONE', #2933, 1.650000000000000100 ) ;
#4354 = ORIENTED_EDGE ( 'NONE', *, *, #1379, .T. ) ;
#4355 = CARTESIAN_POINT ( 'NONE',  ( -8.000000000000001800, -2.761211797361968100E-015, 18.00000000000000000 ) ) ;
#4356 = VECTOR ( 'NONE', #811, 1000.000000000000000 ) ;
#4357 = AXIS2_PLACEMENT_3D ( 'NONE', #2691, #1420, #6915 ) ;
#4358 = PLANE ( 'NONE',  #789 ) ;
#4359 = PLANE ( 'NONE',  #4923 ) ;
#4360 = CARTESIAN_POINT ( 'NONE',  ( 14.99999999999999300, -10.00000000000000000, 10.00000000000000000 ) ) ;
#4361 = CYLINDRICAL_SURFACE ( 'NONE', #1631, 1.650000000000000400 ) ;
#4362 = VERTEX_POINT ( 'NONE', #6414 ) ;
#4363 = DIRECTION ( 'NONE',  ( 1.000000000000000000, 0.0000000000000000000, 0.0000000000000000000 ) ) ;
#4364 = AXIS2_PLACEMENT_3D ( 'NONE', #3905, #239, #2607 ) ;
#4365 = FACE_OUTER_BOUND ( 'NONE', #4322, .T. ) ;
#4366 = EDGE_CURVE ( 'NONE', #2046, #7825, #1583, .T. ) ;
#4367 = AXIS2_PLACEMENT_3D ( 'NONE', #4434, #3752, #2585 ) ;
#4368 = CIRCLE ( 'NONE', #4133, 1.649999999999998600 ) ;
#4369 = ORIENTED_EDGE ( 'NONE', *, *, #6637, .F. ) ;
#4370 = DIRECTION ( 'NONE',  ( -1.000000000000000000, 0.0000000000000000000, -0.0000000000000000000 ) ) ;
#4371 = VERTEX_POINT ( 'NONE', #4589 ) ;
#4372 = ADVANCED_FACE ( 'NONE', ( #5109 ), #2247, .F. ) ;
#4373 = LINE ( 'NONE', #1836, #1118 ) ;
#4374 = FACE_BOUND ( 'NONE', #962, .T. ) ;
#4375 = ORIENTED_EDGE ( 'NONE', *, *, #2626, .T. ) ;
#4376 = CARTESIAN_POINT ( 'NONE',  ( 10.00000000000000000, -6.999999999999999100, 16.00000000000000000 ) ) ;
#4377 = AXIS2_PLACEMENT_3D ( 'NONE', #7659, #422, #3379 ) ;
#4378 = ORIENTED_EDGE ( 'NONE', *, *, #4256, .F. ) ;
#4379 = CARTESIAN_POINT ( 'NONE',  ( 70.00000000000000000, -0.5000000000000000000, 6.000000000000000000 ) ) ;
#4380 = CARTESIAN_POINT ( 'NONE',  ( 0.0000000000000000000, 0.0000000000000000000, 57.99999999999997900 ) ) ;
#4381 = FACE_BOUND ( 'NONE', #254, .T. ) ;
#4382 = DIRECTION ( 'NONE',  ( 0.0000000000000000000, 0.0000000000000000000, 1.000000000000000000 ) ) ;
#4383 = VECTOR ( 'NONE', #7347, 1000.000000000000000 ) ;
#4384 = ORIENTED_EDGE ( 'NONE', *, *, #3644, .T. ) ;
#4385 = DIRECTION ( 'NONE',  ( -0.0000000000000000000, -0.0000000000000000000, 1.000000000000000000 ) ) ;
#4386 = ORIENTED_EDGE ( 'NONE', *, *, #6814, .F. ) ;
#4387 = CARTESIAN_POINT ( 'NONE',  ( -58.00000000000000000, 55.00000000000000000, 6.000000000000000000 ) ) ;
#4388 = ADVANCED_FACE ( 'NONE', ( #1867 ), #1960, .F. ) ;
#4389 = SURFACE_SIDE_STYLE ('',( #4617 ) ) ;
#4390 = EDGE_LOOP ( 'NONE', ( #3717, #1043, #3342, #434 ) ) ;
#4391 = EDGE_CURVE ( 'NONE', #4983, #5918, #245, .T. ) ;
#4392 = FACE_OUTER_BOUND ( 'NONE', #3484, .T. ) ;
#4393 = VERTEX_POINT ( 'NONE', #3987 ) ;
#4394 = CARTESIAN_POINT ( 'NONE',  ( -11.53013519640526700, 23.06027039281051200, 20.93762159694729900 ) ) ;
#4395 = CARTESIAN_POINT ( 'NONE',  ( 0.0000000000000000000, -13.00000000000000200, 18.00000000000000400 ) ) ;
#4396 = DIRECTION ( 'NONE',  ( 0.0000000000000000000, 0.0000000000000000000, -1.000000000000000000 ) ) ;
#4397 = ORIENTED_EDGE ( 'NONE', *, *, #1171, .F. ) ;
#4398 = CIRCLE ( 'NONE', #5898, 2.099999999999997900 ) ;
#4399 = ORIENTED_EDGE ( 'NONE', *, *, #2846, .T. ) ;
#4400 = EDGE_CURVE ( 'NONE', #1961, #3671, #1671, .T. ) ;
#4401 = AXIS2_PLACEMENT_3D ( 'NONE', #1458, #876, #252 ) ;
#4402 = CARTESIAN_POINT ( 'NONE',  ( 80.00000000000000000, 40.00000000000000000, 5.000000000000000000 ) ) ;
#4403 = CARTESIAN_POINT ( 'NONE',  ( -34.50245047955376500, -4.225331554252558300E-015, 53.51438774526344100 ) ) ;
#4404 = ORIENTED_EDGE ( 'NONE', *, *, #6215, .T. ) ;
#4405 = ORIENTED_EDGE ( 'NONE', *, *, #2626, .F. ) ;
#4406 = DIRECTION ( 'NONE',  ( -0.0000000000000000000, -0.0000000000000000000, -1.000000000000000000 ) ) ;
#4407 = DIRECTION ( 'NONE',  ( -1.000000000000000000, 0.0000000000000000000, 0.0000000000000000000 ) ) ;
#4408 = DIRECTION ( 'NONE',  ( -0.0000000000000000000, -0.0000000000000000000, -1.000000000000000000 ) ) ;
#4409 = CIRCLE ( 'NONE', #3622, 5.000000000000004400 ) ;
#4410 = EDGE_CURVE ( 'NONE', #6888, #4695, #3497, .T. ) ;
#4411 = AXIS2_PLACEMENT_3D ( 'NONE', #6359, #7027, #5778 ) ;
#4412 = EDGE_LOOP ( 'NONE', ( #858, #6052 ) ) ;
#4413 =( NAMED_UNIT ( * ) SI_UNIT ( $, .STERADIAN. ) SOLID_ANGLE_UNIT ( ) );
#4414 = FACE_OUTER_BOUND ( 'NONE', #6436, .T. ) ;
#4415 = CARTESIAN_POINT ( 'NONE',  ( 85.00000000000000000, 40.00000000000000000, 5.000000000000000000 ) ) ;
#4416 = FACE_OUTER_BOUND ( 'NONE', #5038, .T. ) ;
#4417 = DIRECTION ( 'NONE',  ( -0.0000000000000000000, -0.0000000000000000000, 1.000000000000000000 ) ) ;
#4418 = DIRECTION ( 'NONE',  ( 0.0000000000000000000, 0.0000000000000000000, -1.000000000000000000 ) ) ;
#4419 = ORIENTED_EDGE ( 'NONE', *, *, #3204, .T. ) ;
#4420 = ORIENTED_EDGE ( 'NONE', *, *, #4400, .F. ) ;
#4421 = AXIS2_PLACEMENT_3D ( 'NONE', #3957, #6362, #3904 ) ;
#4422 = DIRECTION ( 'NONE',  ( -1.000000000000000000, 0.0000000000000000000, 0.0000000000000000000 ) ) ;
#4423 = ADVANCED_FACE ( 'NONE', ( #3881 ), #2350, .F. ) ;
#4424 = EDGE_LOOP ( 'NONE', ( #2318, #3167, #4274, #6298 ) ) ;
#4425 = CARTESIAN_POINT ( 'NONE',  ( -89.99999999999998600, -65.00000000000000000, 10.00000000000000000 ) ) ;
#4426 = ORIENTED_EDGE ( 'NONE', *, *, #3943, .F. ) ;
#4427 = DIRECTION ( 'NONE',  ( 1.000000000000000000, 0.0000000000000000000, 0.0000000000000000000 ) ) ;
#4428 = DIRECTION ( 'NONE',  ( -1.000000000000000000, 0.0000000000000000000, 0.0000000000000000000 ) ) ;
#4429 = AXIS2_PLACEMENT_3D ( 'NONE', #2495, #4994, #1346 ) ;
#4430 = CARTESIAN_POINT ( 'NONE',  ( -66.00000000000000000, -10.00000000000000000, 0.0000000000000000000 ) ) ;
#4431 = EDGE_LOOP ( 'NONE', ( #1918, #7732, #47, #6465, #6121, #6968, #6543 ) ) ;
#4432 = CARTESIAN_POINT ( 'NONE',  ( 47.10000000000000100, -68.00000000000000000, 0.0000000000000000000 ) ) ;
#4433 = ORIENTED_EDGE ( 'NONE', *, *, #5118, .F. ) ;
#4434 = CARTESIAN_POINT ( 'NONE',  ( 45.00000000000000700, -42.00000000000000000, 6.000000000000000000 ) ) ;
#4435 = AXIS2_PLACEMENT_3D ( 'NONE', #6791, #1349, #88 ) ;
#4436 = VERTEX_POINT ( 'NONE', #5859 ) ;
#4437 = EDGE_CURVE ( 'NONE', #7730, #1879, #1777, .T. ) ;
#4438 = CARTESIAN_POINT ( 'NONE',  ( 37.00000000000000700, -55.00000000000000000, 10.00000000000000000 ) ) ;
#4439 = APPLICATION_CONTEXT ( 'automotive_design' ) ;
#4440 = FACE_OUTER_BOUND ( 'NONE', #2992, .T. ) ;
#4441 = ORIENTED_EDGE ( 'NONE', *, *, #2688, .F. ) ;
#4442 = CARTESIAN_POINT ( 'NONE',  ( -34.50245047955376500, -1.954749752560850600E-014, 53.51438774526344100 ) ) ;
#4443 = ORIENTED_EDGE ( 'NONE', *, *, #6847, .T. ) ;
#4444 = CARTESIAN_POINT ( 'NONE',  ( -1.650000000000000100, 13.00000000000000200, 20.00000000000000000 ) ) ;
#4445 = EDGE_CURVE ( 'NONE', #4505, #521, #7834, .T. ) ;
#4446 = PRESENTATION_LAYER_ASSIGNMENT (  '', '', ( #6569 ) ) ;
#4447 = CARTESIAN_POINT ( 'NONE',  ( 14.99999999999999300, -10.00000000000000000, 16.00000000000000000 ) ) ;
#4448 = CIRCLE ( 'NONE', #5666, 15.00000000000000200 ) ;
#4449 = EDGE_LOOP ( 'NONE', ( #2392, #7145, #646, #3531, #7857, #7722, #1479 ) ) ;
#4450 = DIRECTION ( 'NONE',  ( 0.0000000000000000000, 0.0000000000000000000, 1.000000000000000000 ) ) ;
#4451 = LINE ( 'NONE', #2938, #2845 ) ;
#4452 = DIRECTION ( 'NONE',  ( -0.0000000000000000000, -0.0000000000000000000, -1.000000000000000000 ) ) ;
#4453 = FACE_OUTER_BOUND ( 'NONE', #2042, .T. ) ;
#4454 = VECTOR ( 'NONE', #4168, 1000.000000000000000 ) ;
#4455 = EDGE_LOOP ( 'NONE', ( #994, #7368, #2496, #7835 ) ) ;
#4456 = CARTESIAN_POINT ( 'NONE',  ( 32.00000000000000700, -55.00000000000000000, 6.000000000000000000 ) ) ;
#4457 = EDGE_LOOP ( 'NONE', ( #7175, #770, #2599, #6929 ) ) ;
#4458 = CARTESIAN_POINT ( 'NONE',  ( -58.00000000000000000, 55.00000000000000000, 6.000000000000000000 ) ) ;
#4459 = DIRECTION ( 'NONE',  ( 1.000000000000000000, 0.0000000000000000000, 0.0000000000000000000 ) ) ;
#4460 = DIRECTION ( 'NONE',  ( 1.000000000000000000, 0.0000000000000000000, -0.0000000000000000000 ) ) ;
#4461 = VECTOR ( 'NONE', #3162, 1000.000000000000000 ) ;
#4462 = CIRCLE ( 'NONE', #4682, 6.000000000000000900 ) ;
#4463 = ORIENTED_EDGE ( 'NONE', *, *, #7062, .T. ) ;
#4464 = ADVANCED_FACE ( 'NONE', ( #334 ), #38, .F. ) ;
#4465 = PRODUCT_CONTEXT ( 'NONE', #5762, 'mechanical' ) ;
#4466 = CARTESIAN_POINT ( 'NONE',  ( 11.53013519640525400, 2.824068632402786700E-015, 20.93762159694730200 ) ) ;
#4467 = EDGE_CURVE ( 'NONE', #5711, #5135, #4817, .T. ) ;
#4468 = AXIS2_PLACEMENT_3D ( 'NONE', #4608, #1503, #3383 ) ;
#4469 = LINE ( 'NONE', #7744, #2469 ) ;
#4470 = MANIFOLD_SOLID_BREP ( '倒角1', #4476 ) ;
#4471 = FACE_BOUND ( 'NONE', #7298, .T. ) ;
#4472 = FACE_OUTER_BOUND ( 'NONE', #6695, .T. ) ;
#4473 = CARTESIAN_POINT ( 'NONE',  ( -42.90000000000000600, 68.00000000000000000, 6.000000000000000000 ) ) ;
#4474 = FACE_OUTER_BOUND ( 'NONE', #3068, .T. ) ;
#4475 = FACE_BOUND ( 'NONE', #2557, .T. ) ;
#4476 = CLOSED_SHELL ( 'NONE', ( #1705, #3126, #5745, #138, #5463, #7026, #5430, #7265, #5154, #1831, #464, #2683, #6403, #6332, #7697, #3443, #3328, #4538, #3698, #6301, #3069, #6132 ) ) ;
#4477 = DIRECTION ( 'NONE',  ( -0.0000000000000000000, -0.0000000000000000000, -1.000000000000000000 ) ) ;
#4478 = DIRECTION ( 'NONE',  ( 0.0000000000000000000, 0.0000000000000000000, 1.000000000000000000 ) ) ;
#4479 = LINE ( 'NONE', #3343, #2876 ) ;
#4480 = ORIENTED_EDGE ( 'NONE', *, *, #2149, .T. ) ;
#4481 = DIRECTION ( 'NONE',  ( 0.0000000000000000000, 0.0000000000000000000, -1.000000000000000000 ) ) ;
#4482 = EDGE_CURVE ( 'NONE', #4848, #3596, #6609, .T. ) ;
#4483 = DIRECTION ( 'NONE',  ( 1.000000000000000000, 0.0000000000000000000, 0.0000000000000000000 ) ) ;
#4484 = CARTESIAN_POINT ( 'NONE',  ( 45.00000000000000700, -55.00000000000000000, 0.0000000000000000000 ) ) ;
#4485 = LINE ( 'NONE', #3879, #4862 ) ;
#4486 = CARTESIAN_POINT ( 'NONE',  ( 50.00000000000000000, -0.5000000000000002200, 10.00000000000000000 ) ) ;
#4487 = VERTEX_POINT ( 'NONE', #1628 ) ;
#4488 = DIRECTION ( 'NONE',  ( 0.0000000000000000000, 0.0000000000000000000, 1.000000000000000000 ) ) ;
#4489 = EDGE_LOOP ( 'NONE', ( #7457, #4597, #3875, #5561 ) ) ;
#4490 = EDGE_CURVE ( 'NONE', #1933, #5551, #5391, .T. ) ;
#4491 = AXIS2_PLACEMENT_3D ( 'NONE', #6988, #7597, #5891 ) ;
#4492 = DIRECTION ( 'NONE',  ( 1.000000000000000000, 0.0000000000000000000, 0.0000000000000000000 ) ) ;
#4493 = ORIENTED_EDGE ( 'NONE', *, *, #2276, .F. ) ;
#4494 = DIRECTION ( 'NONE',  ( -1.000000000000000000, 0.0000000000000000000, 0.0000000000000000000 ) ) ;
#4495 = DIRECTION ( 'NONE',  ( -0.0000000000000000000, -0.0000000000000000000, -1.000000000000000000 ) ) ;
#4496 = EDGE_LOOP ( 'NONE', ( #5650, #6914, #4801, #3759 ) ) ;
#4497 = VERTEX_POINT ( 'NONE', #1007 ) ;
#4498 = EDGE_CURVE ( 'NONE', #2646, #84, #3224, .T. ) ;
#4499 = DIRECTION ( 'NONE',  ( 1.000000000000000000, 0.0000000000000000000, -0.0000000000000000000 ) ) ;
#4500 = ADVANCED_FACE ( 'NONE', ( #1859 ), #1573, .F. ) ;
#4501 = AXIS2_PLACEMENT_3D ( 'NONE', #7358, #4284, #5491 ) ;
#4502 = DIRECTION ( 'NONE',  ( -9.251858538542975300E-017, 1.000000000000000000, 0.0000000000000000000 ) ) ;
#4503 = DIRECTION ( 'NONE',  ( 1.000000000000000000, 0.0000000000000000000, 0.0000000000000000000 ) ) ;
#4504 = DIRECTION ( 'NONE',  ( -1.000000000000000000, 0.0000000000000000000, 0.0000000000000000000 ) ) ;
#4505 = VERTEX_POINT ( 'NONE', #4116 ) ;
#4506 = ORIENTED_EDGE ( 'NONE', *, *, #1781, .F. ) ;
#4507 = CARTESIAN_POINT ( 'NONE',  ( -8.350000000000001400, -6.999999999999999100, 10.00000000000000000 ) ) ;
#4508 = DIRECTION ( 'NONE',  ( -1.000000000000000000, 0.0000000000000000000, 0.0000000000000000000 ) ) ;
#4509 = PLANE ( 'NONE',  #4616 ) ;
#4510 = DIRECTION ( 'NONE',  ( -0.0000000000000000000, -0.0000000000000000000, 1.000000000000000000 ) ) ;
#4511 = VECTOR ( 'NONE', #4320, 1000.000000000000000 ) ;
#4512 = EDGE_CURVE ( 'NONE', #4746, #2439, #1384, .T. ) ;
#4513 = AXIS2_PLACEMENT_3D ( 'NONE', #4180, #7168, #2308 ) ;
#4514 = FACE_BOUND ( 'NONE', #2785, .T. ) ;
#4515 = APPLICATION_CONTEXT ( 'automotive_design' ) ;
#4516 = ORIENTED_EDGE ( 'NONE', *, *, #6490, .T. ) ;
#4517 = VERTEX_POINT ( 'NONE', #377 ) ;
#4518 = DIRECTION ( 'NONE',  ( 0.0000000000000000000, 0.0000000000000000000, 1.000000000000000000 ) ) ;
#4519 = CARTESIAN_POINT ( 'NONE',  ( 0.0000000000000000000, 13.00000000000000200, 10.00000000000000000 ) ) ;
#4520 = ORIENTED_EDGE ( 'NONE', *, *, #6984, .F. ) ;
#4521 = CIRCLE ( 'NONE', #6795, 1.650000000000000400 ) ;
#4522 = EDGE_LOOP ( 'NONE', ( #1535, #2146, #6429, #3085, #2028, #2262, #637, #3772, #5535, #6233, #1542, #5406, #2532, #5414, #755, #105 ) ) ;
#4523 = AXIS2_PLACEMENT_3D ( 'NONE', #3582, #6009, #4708 ) ;
#4524 = ORIENTED_EDGE ( 'NONE', *, *, #3315, .T. ) ;
#4525 = EDGE_CURVE ( 'NONE', #5168, #7392, #4061, .T. ) ;
#4526 = DIRECTION ( 'NONE',  ( 1.000000000000000000, 0.0000000000000000000, 0.0000000000000000000 ) ) ;
#4527 = FACE_OUTER_BOUND ( 'NONE', #7074, .T. ) ;
#4528 = VECTOR ( 'NONE', #6812, 1000.000000000000000 ) ;
#4529 = ORIENTED_EDGE ( 'NONE', *, *, #5456, .F. ) ;
#4530 = CARTESIAN_POINT ( 'NONE',  ( 0.0000000000000000000, 0.0000000000000000000, 15.00000000000000400 ) ) ;
#4531 = EDGE_LOOP ( 'NONE', ( #4864, #7305, #2698, #2573 ) ) ;
#4532 = CARTESIAN_POINT ( 'NONE',  ( 45.00000000000000000, -5.000000000000000000, 0.0000000000000000000 ) ) ;
#4533 = EDGE_CURVE ( 'NONE', #7478, #4848, #2159, .T. ) ;
#4534 = CARTESIAN_POINT ( 'NONE',  ( -85.00000000000001400, -40.00000000000003600, 0.0000000000000000000 ) ) ;
#4535 = CIRCLE ( 'NONE', #468, 2.099999999999997900 ) ;
#4536 = VERTEX_POINT ( 'NONE', #5251 ) ;
#4537 = VECTOR ( 'NONE', #6892, 1000.000000000000000 ) ;
#4538 = ADVANCED_FACE ( 'NONE', ( #4624 ), #5010, .F. ) ;
#4539 = FACE_OUTER_BOUND ( 'NONE', #1273, .T. ) ;
#4540 = LINE ( 'NONE', #235, #7081 ) ;
#4541 = VERTEX_POINT ( 'NONE', #2263 ) ;
#4542 = PLANE ( 'NONE',  #765 ) ;
#4543 = EDGE_LOOP ( 'NONE', ( #5631, #1589 ) ) ;
#4544 = EDGE_CURVE ( 'NONE', #5551, #5951, #532, .T. ) ;
#4545 = AXIS2_PLACEMENT_3D ( 'NONE', #6987, #271, #6965 ) ;
#4546 = DIRECTION ( 'NONE',  ( 1.000000000000000000, 0.0000000000000000000, 0.0000000000000000000 ) ) ;
#4547 = FACE_OUTER_BOUND ( 'NONE', #5079, .T. ) ;
#4548 = FACE_OUTER_BOUND ( 'NONE', #7808, .T. ) ;
#4549 = ORIENTED_EDGE ( 'NONE', *, *, #2822, .T. ) ;
#4550 = DIRECTION ( 'NONE',  ( -1.000000000000000000, 0.0000000000000000000, 0.0000000000000000000 ) ) ;
#4551 = CARTESIAN_POINT ( 'NONE',  ( 14.99999999999998900, 6.000000000000000000, 31.00000000000000000 ) ) ;
#4552 = ORIENTED_EDGE ( 'NONE', *, *, #7181, .T. ) ;
#4553 = CARTESIAN_POINT ( 'NONE',  ( -99.99999999999998600, 64.99999999999991500, 10.00000000000000000 ) ) ;
#4554 = DIRECTION ( 'NONE',  ( -0.0000000000000000000, 1.000000000000000000, -0.0000000000000000000 ) ) ;
#4555 = LINE ( 'NONE', #7491, #7389 ) ;
#4556 = EDGE_CURVE ( 'NONE', #2439, #4746, #6050, .T. ) ;
#4557 = CARTESIAN_POINT ( 'NONE',  ( -62.00000000000000000, 55.00000000000000000, 6.000000000000000000 ) ) ;
#4558 = LINE ( 'NONE', #972, #7578 ) ;
#4559 = VERTEX_POINT ( 'NONE', #4191 ) ;
#4560 = CARTESIAN_POINT ( 'NONE',  ( -90.00000000000002800, -40.00000000000006400, 10.00000000000000000 ) ) ;
#4561 = ORIENTED_EDGE ( 'NONE', *, *, #1875, .T. ) ;
#4562 = DIRECTION ( 'NONE',  ( 1.000000000000000000, 0.0000000000000000000, 0.0000000000000000000 ) ) ;
#4563 = LINE ( 'NONE', #1382, #6640 ) ;
#4564 = DIRECTION ( 'NONE',  ( -1.000000000000000000, 0.0000000000000000000, 0.0000000000000000000 ) ) ;
#4565 = CYLINDRICAL_SURFACE ( 'NONE', #5849, 3.999999999999996400 ) ;
#4566 = CIRCLE ( 'NONE', #2474, 2.100000000000004500 ) ;
#4567 = AXIS2_PLACEMENT_3D ( 'NONE', #1220, #6038, #6714 ) ;
#4568 = EDGE_LOOP ( 'NONE', ( #2840, #4126, #1236, #998 ) ) ;
#4569 = CARTESIAN_POINT ( 'NONE',  ( -66.00000000000000000, -23.00000000000000000, 10.00000000000000000 ) ) ;
#4570 = EDGE_CURVE ( 'NONE', #4233, #967, #7643, .T. ) ;
#4571 = AXIS2_PLACEMENT_3D ( 'NONE', #2465, #1869, #3722 ) ;
#4572 = CARTESIAN_POINT ( 'NONE',  ( 67.90000000000000600, -14.49999999999999800, 10.00000000000000000 ) ) ;
#4573 = PRODUCT_DEFINITION_SHAPE ( 'NONE', 'NONE',  #7892 ) ;
#4574 = FACE_BOUND ( 'NONE', #3660, .T. ) ;
#4575 = ORIENTED_EDGE ( 'NONE', *, *, #6826, .F. ) ;
#4576 = DIRECTION ( 'NONE',  ( -0.0000000000000000000, -0.0000000000000000000, -1.000000000000000000 ) ) ;
#4577 = ADVANCED_FACE ( 'NONE', ( #4440 ), #7456, .F. ) ;
#4578 = DIRECTION ( 'NONE',  ( -0.0000000000000000000, -0.0000000000000000000, 1.000000000000000000 ) ) ;
#4579 = AXIS2_PLACEMENT_3D ( 'NONE', #7363, #6216, #54 ) ;
#4580 = ORIENTED_EDGE ( 'NONE', *, *, #6994, .T. ) ;
#4581 = DIRECTION ( 'NONE',  ( 0.0000000000000000000, 0.0000000000000000000, 1.000000000000000000 ) ) ;
#4582 = CARTESIAN_POINT ( 'NONE',  ( -70.00000000000000000, -23.00000000000000000, 6.000000000000000000 ) ) ;
#4583 = EDGE_LOOP ( 'NONE', ( #2716, #441 ) ) ;
#4584 = STYLED_ITEM ( 'NONE', ( #2064 ), #7850 ) ;
#4585 = CARTESIAN_POINT ( 'NONE',  ( -11.00000000000000000, 1.347111479062088400E-015, 30.00000000000000400 ) ) ;
#4586 = EDGE_CURVE ( 'NONE', #6305, #6632, #2830, .T. ) ;
#4587 = EDGE_LOOP ( 'NONE', ( #6731, #5625, #6682, #4397, #2153, #5516, #4891, #324, #2336, #5344 ) ) ;
#4588 = CARTESIAN_POINT ( 'NONE',  ( 10.00000000000000000, -6.999999999999999100, 16.00000000000000000 ) ) ;
#4589 = CARTESIAN_POINT ( 'NONE',  ( 11.65000000000000200, 7.000000000000000900, 16.00000000000000000 ) ) ;
#4590 = CARTESIAN_POINT ( 'NONE',  ( 4.999999999999986700, -45.00000000000000000, 0.0000000000000000000 ) ) ;
#4591 = ORIENTED_EDGE ( 'NONE', *, *, #5547, .T. ) ;
#4592 = ORIENTED_EDGE ( 'NONE', *, *, #609, .T. ) ;
#4593 = EDGE_CURVE ( 'NONE', #4917, #5542, #4258, .T. ) ;
#4594 = AXIS2_PLACEMENT_3D ( 'NONE', #4143, #7824, #3507 ) ;
#4595 = CYLINDRICAL_SURFACE ( 'NONE', #3269, 4.000000000000003600 ) ;
#4596 = CARTESIAN_POINT ( 'NONE',  ( 13.00000000000000200, 0.0000000000000000000, 20.00000000000000000 ) ) ;
#4597 = ORIENTED_EDGE ( 'NONE', *, *, #4498, .F. ) ;
#4598 = EDGE_LOOP ( 'NONE', ( #4405, #2899, #112, #1835 ) ) ;
#4599 = PLANE ( 'NONE',  #1720 ) ;
#4600 = EDGE_CURVE ( 'NONE', #6585, #6823, #2645, .T. ) ;
#4601 = AXIS2_PLACEMENT_3D ( 'NONE', #2811, #3954, #2836 ) ;
#4602 = ORIENTED_EDGE ( 'NONE', *, *, #3756, .T. ) ;
#4603 = CARTESIAN_POINT ( 'NONE',  ( 50.00000000000000000, -0.5000000000000002200, 6.000000000000000000 ) ) ;
#4604 = VERTEX_POINT ( 'NONE', #5953 ) ;
#4605 = DIRECTION ( 'NONE',  ( 0.0000000000000000000, 0.0000000000000000000, -1.000000000000000000 ) ) ;
#4606 = CARTESIAN_POINT ( 'NONE',  ( 89.99999999999997200, 75.00000000000000000, 10.00000000000000000 ) ) ;
#4607 = CARTESIAN_POINT ( 'NONE',  ( 25.00000000000000000, 15.00000000000000000, 4.000000000000000000 ) ) ;
#4608 = CARTESIAN_POINT ( 'NONE',  ( 10.00000000000000200, 7.000000000000000900, 16.00000000000000000 ) ) ;
#4609 = CARTESIAN_POINT ( 'NONE',  ( 90.00000000000004300, -65.00000000000000000, 0.0000000000000000000 ) ) ;
#4610 = CIRCLE ( 'NONE', #5177, 1.650000000000000400 ) ;
#4611 = ORIENTED_EDGE ( 'NONE', *, *, #2490, .F. ) ;
#4612 = EDGE_LOOP ( 'NONE', ( #4049, #6351, #3948, #6554 ) ) ;
#4613 = DIRECTION ( 'NONE',  ( 1.000000000000000000, 0.0000000000000000000, 0.0000000000000000000 ) ) ;
#4614 = AXIS2_PLACEMENT_3D ( 'NONE', #7736, #6510, #7685 ) ;
#4615 = EDGE_CURVE ( 'NONE', #5182, #119, #433, .T. ) ;
#4616 = AXIS2_PLACEMENT_3D ( 'NONE', #2720, #3312, #6966 ) ;
#4617 = SURFACE_STYLE_FILL_AREA ( #1990 ) ;
#4618 = ADVANCED_FACE ( 'NONE', ( #7259 ), #6810, .F. ) ;
#4619 = ORIENTED_EDGE ( 'NONE', *, *, #3549, .F. ) ;
#4620 = VERTEX_POINT ( 'NONE', #1703 ) ;
#4621 = VERTEX_POINT ( 'NONE', #2317 ) ;
#4622 = DIRECTION ( 'NONE',  ( 0.0000000000000000000, 0.0000000000000000000, -1.000000000000000000 ) ) ;
#4623 = CIRCLE ( 'NONE', #1193, 1.649999999999998600 ) ;
#4624 = FACE_OUTER_BOUND ( 'NONE', #7243, .T. ) ;
#4625 = ORIENTED_EDGE ( 'NONE', *, *, #7662, .T. ) ;
#4626 = LINE ( 'NONE', #6204, #3032 ) ;
#4627 = EDGE_CURVE ( 'NONE', #4621, #7701, #2437, .T. ) ;
#4628 = ORIENTED_EDGE ( 'NONE', *, *, #5654, .F. ) ;
#4629 = CARTESIAN_POINT ( 'NONE',  ( -79.00000000000000000, -10.00000000000000000, 0.0000000000000000000 ) ) ;
#4630 = DIRECTION ( 'NONE',  ( 0.0000000000000000000, 0.0000000000000000000, 1.000000000000000000 ) ) ;
#4631 = CIRCLE ( 'NONE', #5180, 6.000000000000000900 ) ;
#4632 = DIRECTION ( 'NONE',  ( 1.000000000000000000, 0.0000000000000000000, 0.0000000000000000000 ) ) ;
#4633 = LINE ( 'NONE', #1046, #6059 ) ;
#4634 = FACE_OUTER_BOUND ( 'NONE', #2066, .T. ) ;
#4635 = ORIENTED_EDGE ( 'NONE', *, *, #4482, .T. ) ;
#4636 = DIRECTION ( 'NONE',  ( -1.000000000000000000, 0.0000000000000000000, 0.0000000000000000000 ) ) ;
#4637 = DIRECTION ( 'NONE',  ( -0.0000000000000000000, -0.0000000000000000000, -1.000000000000000000 ) ) ;
#4638 = EDGE_CURVE ( 'NONE', #4254, #5596, #5203, .T. ) ;
#4639 = CARTESIAN_POINT ( 'NONE',  ( 13.00000000000000200, 0.0000000000000000000, 20.00000000000000000 ) ) ;
#4640 = AXIS2_PLACEMENT_3D ( 'NONE', #3692, #43, #7884 ) ;
#4641 = LINE ( 'NONE', #4748, #5974 ) ;
#4642 = EDGE_LOOP ( 'NONE', ( #7066, #4148, #4245, #3618 ) ) ;
#4643 = DIRECTION ( 'NONE',  ( -0.0000000000000000000, -0.0000000000000000000, -1.000000000000000000 ) ) ;
#4644 = ORIENTED_EDGE ( 'NONE', *, *, #5477, .F. ) ;
#4645 = FACE_OUTER_BOUND ( 'NONE', #4457, .T. ) ;
#4646 = DIRECTION ( 'NONE',  ( -0.0000000000000000000, -0.0000000000000000000, 1.000000000000000000 ) ) ;
#4647 = CYLINDRICAL_SURFACE ( 'NONE', #3228, 1.649999999999998600 ) ;
#4648 = ORIENTED_EDGE ( 'NONE', *, *, #367, .F. ) ;
#4649 = EDGE_CURVE ( 'NONE', #3732, #6906, #5674, .T. ) ;
#4650 = AXIS2_PLACEMENT_3D ( 'NONE', #3544, #2365, #3650 ) ;
#4651 = DIRECTION ( 'NONE',  ( -1.000000000000000000, 0.0000000000000000000, 0.0000000000000000000 ) ) ;
#4652 = LINE ( 'NONE', #2084, #5991 ) ;
#4653 = ADVANCED_FACE ( 'NONE', ( #6703 ), #3602, .F. ) ;
#4654 = CIRCLE ( 'NONE', #5025, 8.000000000000000000 ) ;
#4655 = DIRECTION ( 'NONE',  ( -1.000000000000000000, 0.0000000000000000000, -0.0000000000000000000 ) ) ;
#4656 = DIRECTION ( 'NONE',  ( -0.0000000000000000000, -0.0000000000000000000, 1.000000000000000000 ) ) ;
#4657 = DIRECTION ( 'NONE',  ( 1.000000000000000000, 0.0000000000000000000, 0.0000000000000000000 ) ) ;
#4658 = ORIENTED_EDGE ( 'NONE', *, *, #2822, .F. ) ;
#4659 = DIRECTION ( 'NONE',  ( 0.0000000000000000000, 0.0000000000000000000, -1.000000000000000000 ) ) ;
#4660 = EDGE_CURVE ( 'NONE', #1025, #6774, #2056, .T. ) ;
#4661 = AXIS2_PLACEMENT_3D ( 'NONE', #937, #7633, #1525 ) ;
#4662 = PRESENTATION_STYLE_ASSIGNMENT (( #6048 ) ) ;
#4663 = DIRECTION ( 'NONE',  ( 0.0000000000000000000, 0.0000000000000000000, 1.000000000000000000 ) ) ;
#4664 = DIRECTION ( 'NONE',  ( -1.000000000000000000, 0.0000000000000000000, 0.0000000000000000000 ) ) ;
#4665 = CIRCLE ( 'NONE', #6307, 17.00000000000000000 ) ;
#4666 = ORIENTED_EDGE ( 'NONE', *, *, #1022, .F. ) ;
#4667 = CARTESIAN_POINT ( 'NONE',  ( -14.65000000000000200, 0.0000000000000000000, 10.00000000000000000 ) ) ;
#4668 = CIRCLE ( 'NONE', #5468, 1.649999999999998600 ) ;
#4669 = VERTEX_POINT ( 'NONE', #6062 ) ;
#4670 = DIRECTION ( 'NONE',  ( -0.0000000000000000000, -0.0000000000000000000, 1.000000000000000000 ) ) ;
#4671 = ORIENTED_EDGE ( 'NONE', *, *, #5169, .T. ) ;
#4672 = ORIENTED_EDGE ( 'NONE', *, *, #5608, .F. ) ;
#4673 = AXIS2_PLACEMENT_3D ( 'NONE', #2864, #6978, #4815 ) ;
#4674 = CARTESIAN_POINT ( 'NONE',  ( 55.90000000000000600, -55.00000000000000000, 0.0000000000000000000 ) ) ;
#4675 = VERTEX_POINT ( 'NONE', #4865 ) ;
#4676 = CARTESIAN_POINT ( 'NONE',  ( 11.35000000000000100, 0.0000000000000000000, 20.00000000000000000 ) ) ;
#4677 = LINE ( 'NONE', #7129, #1249 ) ;
#4678 = EDGE_LOOP ( 'NONE', ( #6321, #4561 ) ) ;
#4679 = VERTEX_POINT ( 'NONE', #2502 ) ;
#4680 = VERTEX_POINT ( 'NONE', #6630 ) ;
#4681 = CARTESIAN_POINT ( 'NONE',  ( -75.00000000000000000, 49.99999999999999300, 5.000000000000000000 ) ) ;
#4682 = AXIS2_PLACEMENT_3D ( 'NONE', #26, #1180, #5449 ) ;
#4683 = DIRECTION ( 'NONE',  ( 0.0000000000000000000, -1.000000000000000000, 0.0000000000000000000 ) ) ;
#4684 = CARTESIAN_POINT ( 'NONE',  ( 0.0000000000000000000, 13.00000000000000200, 18.00000000000000400 ) ) ;
#4685 =( GEOMETRIC_REPRESENTATION_CONTEXT ( 3 ) GLOBAL_UNCERTAINTY_ASSIGNED_CONTEXT ( ( #3657 ) ) GLOBAL_UNIT_ASSIGNED_CONTEXT ( ( #4861, #6706, #6110 ) ) REPRESENTATION_CONTEXT ( 'NONE', 'WORKASPACE' ) );
#4686 = CARTESIAN_POINT ( 'NONE',  ( -59.99999999999999300, 30.00000000000000000, 0.0000000000000000000 ) ) ;
#4687 = EDGE_CURVE ( 'NONE', #87, #4559, #424, .T. ) ;
#4688 = VERTEX_POINT ( 'NONE', #6742 ) ;
#4689 = CARTESIAN_POINT ( 'NONE',  ( -14.99999999999999600, 2.500000000000000900, 0.0000000000000000000 ) ) ;
#4690 = DIRECTION ( 'NONE',  ( 0.0000000000000000000, 0.0000000000000000000, -1.000000000000000000 ) ) ;
#4691 = DIRECTION ( 'NONE',  ( -1.000000000000000000, 0.0000000000000000000, 0.0000000000000000000 ) ) ;
#4692 = FACE_BOUND ( 'NONE', #3648, .T. ) ;
#4693 = CARTESIAN_POINT ( 'NONE',  ( 13.00000000000000200, 0.0000000000000000000, 20.00000000000000000 ) ) ;
#4694 = ADVANCED_FACE ( 'NONE', ( #4056 ), #7242, .T. ) ;
#4695 = VERTEX_POINT ( 'NONE', #6660 ) ;
#4696 = ORIENTED_EDGE ( 'NONE', *, *, #4114, .F. ) ;
#4697 = EDGE_CURVE ( 'NONE', #6183, #4362, #237, .T. ) ;
#4698 = AXIS2_PLACEMENT_3D ( 'NONE', #5981, #2344, #4786 ) ;
#4699 = CARTESIAN_POINT ( 'NONE',  ( -13.00000000000000200, 0.0000000000000000000, 20.00000000000000000 ) ) ;
#4700 = CARTESIAN_POINT ( 'NONE',  ( -75.00000000000002800, 45.00000000000000000, 10.00000000000000000 ) ) ;
#4701 = LINE ( 'NONE', #640, #3387 ) ;
#4702 = DIRECTION ( 'NONE',  ( 0.0000000000000000000, 0.0000000000000000000, 1.000000000000000000 ) ) ;
#4703 = ORIENTED_EDGE ( 'NONE', *, *, #7445, .F. ) ;
#4704 = ORIENTED_EDGE ( 'NONE', *, *, #6348, .F. ) ;
#4705 = ADVANCED_FACE ( 'NONE', ( #5101 ), #5270, .F. ) ;
#4706 = EDGE_CURVE ( 'NONE', #6314, #2977, #3017, .T. ) ;
#4707 = AXIS2_PLACEMENT_3D ( 'NONE', #7371, #7396, #1885 ) ;
#4708 = DIRECTION ( 'NONE',  ( -1.000000000000000000, 0.0000000000000000000, 0.0000000000000000000 ) ) ;
#4709 = VERTEX_POINT ( 'NONE', #2418 ) ;
#4710 = CARTESIAN_POINT ( 'NONE',  ( -10.99999999999999800, -10.00000000000000000, 16.00000000000000000 ) ) ;
#4711 = ORIENTED_EDGE ( 'NONE', *, *, #6604, .F. ) ;
#4712 = DIRECTION ( 'NONE',  ( -1.000000000000000000, 0.0000000000000000000, 0.0000000000000000000 ) ) ;
#4713 = CARTESIAN_POINT ( 'NONE',  ( 0.0000000000000000000, 0.0000000000000000000, 57.99999999999999300 ) ) ;
#4714 = DIRECTION ( 'NONE',  ( 0.0000000000000000000, 0.0000000000000000000, -1.000000000000000000 ) ) ;
#4715 = VECTOR ( 'NONE', #268, 1000.000000000000000 ) ;
#4716 = ORIENTED_EDGE ( 'NONE', *, *, #4410, .F. ) ;
#4717 = AXIS2_PLACEMENT_3D ( 'NONE', #2006, #127, #2631 ) ;
#4718 = EDGE_CURVE ( 'NONE', #4212, #7631, #3121, .T. ) ;
#4719 = CARTESIAN_POINT ( 'NONE',  ( 89.99999999999997200, 75.00000000000000000, 10.00000000000000000 ) ) ;
#4720 = ORIENTED_EDGE ( 'NONE', *, *, #6192, .T. ) ;
#4721 = DIRECTION ( 'NONE',  ( -0.0000000000000000000, -0.0000000000000000000, -1.000000000000000000 ) ) ;
#4722 = DIRECTION ( 'NONE',  ( 0.0000000000000000000, -1.000000000000000000, -0.0000000000000000000 ) ) ;
#4723 =( NAMED_UNIT ( * ) SI_UNIT ( $, .STERADIAN. ) SOLID_ANGLE_UNIT ( ) );
#4724 = CONICAL_SURFACE ( 'NONE', #2679, 1.999999999999994900, 0.7853981633974397300 ) ;
#4725 = CARTESIAN_POINT ( 'NONE',  ( -99.99999999999998600, 45.00000000000000000, 10.00000000000000000 ) ) ;
#4726 = ORIENTED_EDGE ( 'NONE', *, *, #7620, .F. ) ;
#4727 = CARTESIAN_POINT ( 'NONE',  ( 8.000000000000001800, -16.00000000000000000, 17.99999999999999300 ) ) ;
#4728 = VECTOR ( 'NONE', #7272, 1000.000000000000000 ) ;
#4729 = CARTESIAN_POINT ( 'NONE',  ( -45.00000000000000700, 68.00000000000000000, 6.000000000000000000 ) ) ;
#4730 = ORIENTED_EDGE ( 'NONE', *, *, #6126, .F. ) ;
#4731 = AXIS2_PLACEMENT_3D ( 'NONE', #6831, #145, #5133 ) ;
#4732 = DIRECTION ( 'NONE',  ( -1.000000000000000000, 0.0000000000000000000, 0.0000000000000000000 ) ) ;
#4733 = PRESENTATION_STYLE_ASSIGNMENT (( #3784 ) ) ;
#4734 = EDGE_CURVE ( 'NONE', #322, #3210, #7045, .T. ) ;
#4735 = FACE_OUTER_BOUND ( 'NONE', #3543, .T. ) ;
#4736 = CIRCLE ( 'NONE', #2875, 2.099999999999997900 ) ;
#4737 = EDGE_LOOP ( 'NONE', ( #7417, #230, #4802, #5983 ) ) ;
#4738 = DIRECTION ( 'NONE',  ( 0.0000000000000000000, 0.0000000000000000000, 1.000000000000000000 ) ) ;
#4739 = DIRECTION ( 'NONE',  ( -0.0000000000000000000, -0.0000000000000000000, 1.000000000000000000 ) ) ;
#4740 = CARTESIAN_POINT ( 'NONE',  ( 0.0000000000000000000, 0.0000000000000000000, 18.00000000000000400 ) ) ;
#4741 = PRODUCT ( 'YH0701005_柱孔', 'YH0701005_柱孔', '', ( #5657 ) ) ;
#4742 = FACE_OUTER_BOUND ( 'NONE', #838, .T. ) ;
#4743 = CARTESIAN_POINT ( 'NONE',  ( -47.10000000000000100, 68.00000000000000000, 10.00000000000000000 ) ) ;
#4744 = VECTOR ( 'NONE', #3063, 1000.000000000000000 ) ;
#4745 = ORIENTED_EDGE ( 'NONE', *, *, #7889, .T. ) ;
#4746 = VERTEX_POINT ( 'NONE', #6712 ) ;
#4747 = EDGE_CURVE ( 'NONE', #4336, #3376, #5458, .T. ) ;
#4748 = CARTESIAN_POINT ( 'NONE',  ( 47.10000000000000100, -42.00000000000000000, 0.0000000000000000000 ) ) ;
#4749 = ADVANCED_FACE ( 'NONE', ( #6029 ), #2600, .F. ) ;
#4750 = AXIS2_PLACEMENT_3D ( 'NONE', #944, #2775, #6438 ) ;
#4751 = ITEM_DEFINED_TRANSFORMATION ( 'NONE', 'NONE', #2500,  #7414 ) ;
#4752 = CARTESIAN_POINT ( 'NONE',  ( -45.00000000000000700, 68.00000000000000000, 6.000000000000000000 ) ) ;
#4753 = LINE ( 'NONE', #7532, #3814 ) ;
#4754 = CARTESIAN_POINT ( 'NONE',  ( 11.35000000000000100, 0.0000000000000000000, 20.00000000000000000 ) ) ;
#4755 = VECTOR ( 'NONE', #6323, 1000.000000000000000 ) ;
#4756 = ORIENTED_EDGE ( 'NONE', *, *, #5146, .T. ) ;
#4757 = EDGE_LOOP ( 'NONE', ( #6533, #3859, #4672, #1932, #4619, #1082 ) ) ;
#4758 = DIRECTION ( 'NONE',  ( 0.0000000000000000000, 0.0000000000000000000, -1.000000000000000000 ) ) ;
#4759 = DIRECTION ( 'NONE',  ( -1.000000000000000000, 0.0000000000000000000, 0.0000000000000000000 ) ) ;
#4760 = FACE_OUTER_BOUND ( 'NONE', #630, .T. ) ;
#4761 = EDGE_CURVE ( 'NONE', #7127, #4890, #4218, .T. ) ;
#4762 = FACE_OUTER_BOUND ( 'NONE', #5282, .T. ) ;
#4763 = CARTESIAN_POINT ( 'NONE',  ( 10.00000000000000000, -6.999999999999999100, 16.00000000000000000 ) ) ;
#4764 = ORIENTED_EDGE ( 'NONE', *, *, #4482, .F. ) ;
#4765 = CARTESIAN_POINT ( 'NONE',  ( -10.99999999999999600, 0.9999999999999967800, 31.00000000000000000 ) ) ;
#4766 = CIRCLE ( 'NONE', #7144, 9.999999999999994700 ) ;
#4767 = ORIENTED_EDGE ( 'NONE', *, *, #2441, .F. ) ;
#4768 = AXIS2_PLACEMENT_3D ( 'NONE', #3598, #5466, #1773 ) ;
#4769 = ORIENTED_EDGE ( 'NONE', *, *, #6871, .T. ) ;
#4770 = EDGE_CURVE ( 'NONE', #1740, #6421, #6472, .T. ) ;
#4771 =( GEOMETRIC_REPRESENTATION_CONTEXT ( 3 ) GLOBAL_UNCERTAINTY_ASSIGNED_CONTEXT ( ( #5397 ) ) GLOBAL_UNIT_ASSIGNED_CONTEXT ( ( #6160, #6869, #1345 ) ) REPRESENTATION_CONTEXT ( 'NONE', 'WORKASPACE' ) );
#4772 = DIRECTION ( 'NONE',  ( -1.000000000000000000, 0.0000000000000000000, 0.0000000000000000000 ) ) ;
#4773 = DIRECTION ( 'NONE',  ( 1.000000000000000000, 0.0000000000000000000, 0.0000000000000000000 ) ) ;
#4774 = ORIENTED_EDGE ( 'NONE', *, *, #4900, .F. ) ;
#4775 = DIRECTION ( 'NONE',  ( -0.0000000000000000000, -0.0000000000000000000, -1.000000000000000000 ) ) ;
#4776 = FACE_OUTER_BOUND ( 'NONE', #1787, .T. ) ;
#4777 = DIRECTION ( 'NONE',  ( -1.000000000000000000, 0.0000000000000000000, 0.0000000000000000000 ) ) ;
#4778 = ORIENTED_EDGE ( 'NONE', *, *, #7527, .T. ) ;
#4779 = DIRECTION ( 'NONE',  ( 1.000000000000000000, 0.0000000000000000000, 0.0000000000000000000 ) ) ;
#4780 = DIRECTION ( 'NONE',  ( 0.0000000000000000000, 0.0000000000000000000, 1.000000000000000000 ) ) ;
#4781 = CARTESIAN_POINT ( 'NONE',  ( -14.65000000000000200, 0.0000000000000000000, 20.00000000000000000 ) ) ;
#4782 = ORIENTED_EDGE ( 'NONE', *, *, #7775, .F. ) ;
#4783 = ADVANCED_FACE ( 'NONE', ( #6195 ), #1807, .F. ) ;
#4784 = FACE_OUTER_BOUND ( 'NONE', #5473, .T. ) ;
#4785 = CIRCLE ( 'NONE', #4063, 14.00000000000000000 ) ;
#4786 = DIRECTION ( 'NONE',  ( -1.000000000000000000, 0.0000000000000000000, 0.0000000000000000000 ) ) ;
#4787 = ORIENTED_EDGE ( 'NONE', *, *, #7681, .T. ) ;
#4788 = DIRECTION ( 'NONE',  ( -1.000000000000000000, 0.0000000000000000000, 0.0000000000000000000 ) ) ;
#4789 = CARTESIAN_POINT ( 'NONE',  ( -80.00000000000001400, -50.00000000000000000, 0.0000000000000000000 ) ) ;
#4790 = CARTESIAN_POINT ( 'NONE',  ( -66.00000000000000000, 3.000000000000000900, 6.000000000000000000 ) ) ;
#4791 = DIRECTION ( 'NONE',  ( 0.0000000000000000000, 0.0000000000000000000, 1.000000000000000000 ) ) ;
#4792 = EDGE_CURVE ( 'NONE', #5120, #195, #763, .T. ) ;
#4793 = ORIENTED_EDGE ( 'NONE', *, *, #5371, .T. ) ;
#4794 = ORIENTED_EDGE ( 'NONE', *, *, #2678, .T. ) ;
#4795 = CARTESIAN_POINT ( 'NONE',  ( 90.00000000000000000, 40.00000000000000000, 5.000000000000000000 ) ) ;
#4796 = CARTESIAN_POINT ( 'NONE',  ( 13.00000000000000200, 0.0000000000000000000, 18.00000000000000400 ) ) ;
#4797 = EDGE_CURVE ( 'NONE', #7803, #867, #6449, .T. ) ;
#4798 = ORIENTED_EDGE ( 'NONE', *, *, #6093, .T. ) ;
#4799 = AXIS2_PLACEMENT_3D ( 'NONE', #1802, #5946, #7860 ) ;
#4800 = CIRCLE ( 'NONE', #2592, 4.000000000000000000 ) ;
#4801 = ORIENTED_EDGE ( 'NONE', *, *, #1352, .T. ) ;
#4802 = ORIENTED_EDGE ( 'NONE', *, *, #714, .T. ) ;
#4803 = DIRECTION ( 'NONE',  ( 1.000000000000000000, 0.0000000000000000000, 0.0000000000000000000 ) ) ;
#4804 = DIRECTION ( 'NONE',  ( -1.000000000000000000, 0.0000000000000000000, 0.0000000000000000000 ) ) ;
#4805 = DIRECTION ( 'NONE',  ( -0.0000000000000000000, -0.0000000000000000000, -1.000000000000000000 ) ) ;
#4806 = MANIFOLD_SOLID_BREP ( '倒角1', #2823 ) ;
#4807 = VERTEX_POINT ( 'NONE', #142 ) ;
#4808 =( NAMED_UNIT ( * ) PLANE_ANGLE_UNIT ( ) SI_UNIT ( $, .RADIAN. ) );
#4809 = CYLINDRICAL_SURFACE ( 'NONE', #381, 2.099999999999997900 ) ;
#4810 = ORIENTED_EDGE ( 'NONE', *, *, #6708, .F. ) ;
#4811 = EDGE_LOOP ( 'NONE', ( #6412, #4843 ) ) ;
#4812 = CARTESIAN_POINT ( 'NONE',  ( 0.0000000000000000000, 0.0000000000000000000, 18.00000000000000400 ) ) ;
#4813 = EDGE_CURVE ( 'NONE', #1045, #3125, #3070, .T. ) ;
#4814 = CARTESIAN_POINT ( 'NONE',  ( -5.000000000000011500, -55.00000000000000000, 0.0000000000000000000 ) ) ;
#4815 = DIRECTION ( 'NONE',  ( 1.000000000000000000, 0.0000000000000000000, 0.0000000000000000000 ) ) ;
#4816 = DIRECTION ( 'NONE',  ( -0.0000000000000000000, -0.0000000000000000000, 1.000000000000000000 ) ) ;
#4817 = CIRCLE ( 'NONE', #1438, 4.000000000000003600 ) ;
#4818 = VERTEX_POINT ( 'NONE', #4415 ) ;
#4819 = CIRCLE ( 'NONE', #7694, 8.000000000000000000 ) ;
#4820 = CARTESIAN_POINT ( 'NONE',  ( 58.00000000000000000, -55.00000000000000000, 6.000000000000000000 ) ) ;
#4821 = DIRECTION ( 'NONE',  ( -0.0000000000000000000, -0.0000000000000000000, 1.000000000000000000 ) ) ;
#4822 = DIRECTION ( 'NONE',  ( -0.0000000000000000000, -0.0000000000000000000, -1.000000000000000000 ) ) ;
#4823 = ADVANCED_FACE ( 'NONE', ( #4016 ), #6827, .F. ) ;
#4824 = AXIS2_PLACEMENT_3D ( 'NONE', #2981, #7178, #530 ) ;
#4825 = LINE ( 'NONE', #2584, #7738 ) ;
#4826 = VERTEX_POINT ( 'NONE', #2619 ) ;
#4827 = DIRECTION ( 'NONE',  ( -0.0000000000000000000, -0.0000000000000000000, -1.000000000000000000 ) ) ;
#4828 = ORIENTED_EDGE ( 'NONE', *, *, #5547, .F. ) ;
#4829 = DIRECTION ( 'NONE',  ( -1.000000000000000000, 0.0000000000000000000, 0.0000000000000000000 ) ) ;
#4830 = FILL_AREA_STYLE ('',( #7833 ) ) ;
#4831 = CARTESIAN_POINT ( 'NONE',  ( 30.68489076841715900, -61.36978153683429600, 46.07477892059625900 ) ) ;
#4832 = CIRCLE ( 'NONE', #3558, 7.999999999999892500 ) ;
#4833 = CARTESIAN_POINT ( 'NONE',  ( -58.00000000000000000, -10.00000000000000000, 0.0000000000000000000 ) ) ;
#4834 = CIRCLE ( 'NONE', #4750, 1.650000000000000400 ) ;
#4835 = ORIENTED_EDGE ( 'NONE', *, *, #3501, .F. ) ;
#4836 = AXIS2_PLACEMENT_3D ( 'NONE', #793, #6734, #137 ) ;
#4837 = EDGE_LOOP ( 'NONE', ( #1014, #7435, #6416, #6693 ) ) ;
#4838 =( LENGTH_UNIT ( ) NAMED_UNIT ( * ) SI_UNIT ( .MILLI., .METRE. ) );
#4839 = EDGE_CURVE ( 'NONE', #4127, #2046, #5624, .T. ) ;
#4840 = CYLINDRICAL_SURFACE ( 'NONE', #1023, 1.649999999999998600 ) ;
#4841 = DIRECTION ( 'NONE',  ( 0.0000000000000000000, 0.0000000000000000000, -1.000000000000000000 ) ) ;
#4842 = CIRCLE ( 'NONE', #3632, 8.000000000000000000 ) ;
#4843 = ORIENTED_EDGE ( 'NONE', *, *, #1936, .T. ) ;
#4844 = DIRECTION ( 'NONE',  ( 1.000000000000000000, 9.251858538542976500E-017, 0.0000000000000000000 ) ) ;
#4845 = CIRCLE ( 'NONE', #5264, 2.099999999999997900 ) ;
#4846 = CARTESIAN_POINT ( 'NONE',  ( 4.999999999999986700, -45.00000000000000000, 0.0000000000000000000 ) ) ;
#4847 = FACE_OUTER_BOUND ( 'NONE', #28, .T. ) ;
#4848 = VERTEX_POINT ( 'NONE', #6876 ) ;
#4849 = EDGE_CURVE ( 'NONE', #3125, #7348, #7022, .T. ) ;
#4850 = AXIS2_PLACEMENT_3D ( 'NONE', #4812, #4738, #1674 ) ;
#4851 = CARTESIAN_POINT ( 'NONE',  ( 0.0000000000000000000, 0.0000000000000000000, 15.00000000000000400 ) ) ;
#4852 = DIRECTION ( 'NONE',  ( 1.000000000000000000, 0.0000000000000000000, 0.0000000000000000000 ) ) ;
#4853 = CIRCLE ( 'NONE', #7483, 2.099999999999997900 ) ;
#4854 = FACE_BOUND ( 'NONE', #1955, .T. ) ;
#4855 = VECTOR ( 'NONE', #7111, 1000.000000000000000 ) ;
#4856 = CARTESIAN_POINT ( 'NONE',  ( -11.53013519640524900, -23.06027039281050200, 20.93762159694730200 ) ) ;
#4857 = EDGE_LOOP ( 'NONE', ( #191, #90 ) ) ;
#4858 = EDGE_CURVE ( 'NONE', #6005, #7760, #5437, .T. ) ;
#4859 = AXIS2_PLACEMENT_3D ( 'NONE', #7593, #6437, #5175 ) ;
#4860 = ADVANCED_FACE ( 'NONE', ( #4299 ), #1637, .F. ) ;
#4861 =( LENGTH_UNIT ( ) NAMED_UNIT ( * ) SI_UNIT ( .MILLI., .METRE. ) );
#4862 = VECTOR ( 'NONE', #7562, 1000.000000000000000 ) ;
#4863 = ORIENTED_EDGE ( 'NONE', *, *, #6749, .F. ) ;
#4864 = ORIENTED_EDGE ( 'NONE', *, *, #7505, .F. ) ;
#4865 = CARTESIAN_POINT ( 'NONE',  ( 46.00000000000000000, -0.5000000000000002200, -0.0000000000000000000 ) ) ;
#4866 = PLANE ( 'NONE',  #5478 ) ;
#4867 = DIRECTION ( 'NONE',  ( 0.0000000000000000000, 0.0000000000000000000, -1.000000000000000000 ) ) ;
#4868 = CARTESIAN_POINT ( 'NONE',  ( 80.00000000000000000, 40.00000000000000000, 5.000000000000000000 ) ) ;
#4869 = FACE_OUTER_BOUND ( 'NONE', #7201, .T. ) ;
#4870 = ORIENTED_EDGE ( 'NONE', *, *, #6324, .T. ) ;
#4871 = AXIS2_PLACEMENT_3D ( 'NONE', #887, #6361, #3855 ) ;
#4872 = EDGE_CURVE ( 'NONE', #934, #3361, #5241, .T. ) ;
#4873 = AXIS2_PLACEMENT_3D ( 'NONE', #7460, #2665, #2610 ) ;
#4874 = DIRECTION ( 'NONE',  ( -1.000000000000000000, 0.0000000000000000000, 0.0000000000000000000 ) ) ;
#4875 = ORIENTED_EDGE ( 'NONE', *, *, #2947, .F. ) ;
#4876 = ORIENTED_EDGE ( 'NONE', *, *, #415, .F. ) ;
#4877 = PLANE ( 'NONE',  #5161 ) ;
#4878 = CARTESIAN_POINT ( 'NONE',  ( 0.0000000000000000000, 0.0000000000000000000, 0.0000000000000000000 ) ) ;
#4879 = FACE_OUTER_BOUND ( 'NONE', #5952, .T. ) ;
#4880 = CARTESIAN_POINT ( 'NONE',  ( 11.00000000000000000, 0.0000000000000000000, 50.00000000000000000 ) ) ;
#4881 = EDGE_LOOP ( 'NONE', ( #5483, #4767, #5002, #729 ) ) ;
#4882 = ORIENTED_EDGE ( 'NONE', *, *, #1997, .T. ) ;
#4883 = AXIS2_PLACEMENT_3D ( 'NONE', #7735, #423, #1593 ) ;
#4884 = DIRECTION ( 'NONE',  ( 1.067522139062651900E-016, -1.000000000000000000, 0.0000000000000000000 ) ) ;
#4885 = ADVANCED_FACE ( 'NONE', ( #1234 ), #775, .F. ) ;
#4886 = DIRECTION ( 'NONE',  ( 1.000000000000000000, 0.0000000000000000000, 0.0000000000000000000 ) ) ;
#4887 = CARTESIAN_POINT ( 'NONE',  ( -45.00000000000000700, 55.00000000000000000, 10.00000000000000000 ) ) ;
#4888 = EDGE_CURVE ( 'NONE', #470, #2040, #2391, .T. ) ;
#4889 = LINE ( 'NONE', #4795, #7523 ) ;
#4890 = VERTEX_POINT ( 'NONE', #2673 ) ;
#4891 = ORIENTED_EDGE ( 'NONE', *, *, #7148, .F. ) ;
#4892 =( LENGTH_UNIT ( ) NAMED_UNIT ( * ) SI_UNIT ( .MILLI., .METRE. ) );
#4893 = FACE_OUTER_BOUND ( 'NONE', #7010, .T. ) ;
#4894 = CARTESIAN_POINT ( 'NONE',  ( 70.00000000000002800, -50.00000000000002800, 10.00000000000000000 ) ) ;
#4895 = DIRECTION ( 'NONE',  ( 1.000000000000000000, 0.0000000000000000000, 0.0000000000000000000 ) ) ;
#4896 = DIRECTION ( 'NONE',  ( -1.000000000000000000, 0.0000000000000000000, 0.0000000000000000000 ) ) ;
#4897 = ORIENTED_EDGE ( 'NONE', *, *, #5350, .F. ) ;
#4898 = CARTESIAN_POINT ( 'NONE',  ( 0.0000000000000000000, 0.0000000000000000000, 12.00000000000000200 ) ) ;
#4899 = ORIENTED_EDGE ( 'NONE', *, *, #5721, .F. ) ;
#4900 = EDGE_CURVE ( 'NONE', #2654, #7251, #1431, .T. ) ;
#4901 = AXIS2_PLACEMENT_3D ( 'NONE', #2874, #3440, #3386 ) ;
#4902 = SHAPE_REPRESENTATION ( 'YH0701002_球柱', ( #7414 ), #2395 ) ;
#4903 = DIRECTION ( 'NONE',  ( 0.0000000000000000000, 0.0000000000000000000, -1.000000000000000000 ) ) ;
#4904 = ORIENTED_EDGE ( 'NONE', *, *, #2009, .F. ) ;
#4905 = ADVANCED_FACE ( 'NONE', ( #2591 ), #3211, .T. ) ;
#4906 = LINE ( 'NONE', #5782, #29 ) ;
#4907 = ORIENTED_EDGE ( 'NONE', *, *, #3635, .T. ) ;
#4908 = ORIENTED_EDGE ( 'NONE', *, *, #3023, .T. ) ;
#4909 = EDGE_CURVE ( 'NONE', #867, #6354, #3640, .T. ) ;
#4910 = AXIS2_PLACEMENT_3D ( 'NONE', #7343, #1215, #4921 ) ;
#4911 = DIRECTION ( 'NONE',  ( -1.000000000000000000, 0.0000000000000000000, 0.0000000000000000000 ) ) ;
#4912 = LINE ( 'NONE', #5647, #6526 ) ;
#4913 = VECTOR ( 'NONE', #4637, 1000.000000000000000 ) ;
#4914 = DIRECTION ( 'NONE',  ( -0.0000000000000000000, -0.0000000000000000000, 1.000000000000000000 ) ) ;
#4915 = VERTEX_POINT ( 'NONE', #3296 ) ;
#4916 = DIRECTION ( 'NONE',  ( 0.0000000000000000000, 0.0000000000000000000, 1.000000000000000000 ) ) ;
#4917 = VERTEX_POINT ( 'NONE', #848 ) ;
#4918 = VECTOR ( 'NONE', #445, 1000.000000000000000 ) ;
#4919 = VECTOR ( 'NONE', #5890, 1000.000000000000000 ) ;
#4920 = ORIENTED_EDGE ( 'NONE', *, *, #1287, .T. ) ;
#4921 = DIRECTION ( 'NONE',  ( -1.000000000000000000, 0.0000000000000000000, 0.0000000000000000000 ) ) ;
#4922 = EDGE_CURVE ( 'NONE', #4826, #1717, #579, .T. ) ;
#4923 = AXIS2_PLACEMENT_3D ( 'NONE', #3837, #2551, #5574 ) ;
#4924 = DIRECTION ( 'NONE',  ( 1.000000000000000000, 0.0000000000000000000, 0.0000000000000000000 ) ) ;
#4925 = DIRECTION ( 'NONE',  ( 0.0000000000000000000, 0.0000000000000000000, 1.000000000000000000 ) ) ;
#4926 = LINE ( 'NONE', #6575, #1689 ) ;
#4927 = CYLINDRICAL_SURFACE ( 'NONE', #3686, 1.650000000000000400 ) ;
#4928 = VERTEX_POINT ( 'NONE', #1488 ) ;
#4929 = CARTESIAN_POINT ( 'NONE',  ( -5.000000000000003600, 15.00000000000000000, 16.91145236876710500 ) ) ;
#4930 = ORIENTED_EDGE ( 'NONE', *, *, #4849, .T. ) ;
#4931 = CARTESIAN_POINT ( 'NONE',  ( -13.00000000000000200, 0.0000000000000000000, 18.00000000000000400 ) ) ;
#4932 = VECTOR ( 'NONE', #5479, 1000.000000000000000 ) ;
#4933 = CARTESIAN_POINT ( 'NONE',  ( 11.35000000000000100, 0.0000000000000000000, 10.00000000000000000 ) ) ;
#4934 = EDGE_CURVE ( 'NONE', #3219, #7609, #861, .T. ) ;
#4935 = CIRCLE ( 'NONE', #407, 7.500000000000000000 ) ;
#4936 = VERTEX_POINT ( 'NONE', #2700 ) ;
#4937 = PLANE ( 'NONE',  #2364 ) ;
#4938 = DIRECTION ( 'NONE',  ( 0.0000000000000000000, 0.0000000000000000000, 1.000000000000000000 ) ) ;
#4939 = DIRECTION ( 'NONE',  ( -0.0000000000000000000, -0.0000000000000000000, 1.000000000000000000 ) ) ;
#4940 = FACE_OUTER_BOUND ( 'NONE', #6112, .T. ) ;
#4941 = LINE ( 'NONE', #880, #7763 ) ;
#4942 = EDGE_LOOP ( 'NONE', ( #4591, #7557, #7193, #2788, #5850, #1819, #7037, #348 ) ) ;
#4943 = ADVANCED_FACE ( 'NONE', ( #4392 ), #7209, .F. ) ;
#4944 = DIRECTION ( 'NONE',  ( 0.0000000000000000000, 0.0000000000000000000, 1.000000000000000000 ) ) ;
#4945 = VERTEX_POINT ( 'NONE', #2099 ) ;
#4946 = EDGE_CURVE ( 'NONE', #4074, #2922, #2787, .T. ) ;
#4947 = DIRECTION ( 'NONE',  ( 1.000000000000000000, 0.0000000000000000000, 0.0000000000000000000 ) ) ;
#4948 = DIRECTION ( 'NONE',  ( -0.0000000000000000000, 0.0000000000000000000, -1.000000000000000000 ) ) ;
#4949 = LINE ( 'NONE', #6788, #7019 ) ;
#4950 = CYLINDRICAL_SURFACE ( 'NONE', #3424, 4.000000000000003600 ) ;
#4951 = CYLINDRICAL_SURFACE ( 'NONE', #2749, 4.000000000000000000 ) ;
#4952 = DIRECTION ( 'NONE',  ( -1.000000000000000000, 0.0000000000000000000, 0.0000000000000000000 ) ) ;
#4953 = EDGE_LOOP ( 'NONE', ( #3026, #5067, #7339, #6509, #7059, #7696 ) ) ;
#4954 = CARTESIAN_POINT ( 'NONE',  ( 14.65000000000000200, 2.020667218593133500E-016, 20.00000000000000000 ) ) ;
#4955 = VERTEX_POINT ( 'NONE', #3971 ) ;
#4956 = EDGE_CURVE ( 'NONE', #3620, #3181, #4479, .T. ) ;
#4957 = DIRECTION ( 'NONE',  ( -0.0000000000000000000, -0.0000000000000000000, -1.000000000000000000 ) ) ;
#4958 = AXIS2_PLACEMENT_3D ( 'NONE', #4484, #5094, #2798 ) ;
#4959 = CYLINDRICAL_SURFACE ( 'NONE', #6102, 5.000000000000004400 ) ;
#4960 = ORIENTED_EDGE ( 'NONE', *, *, #1765, .T. ) ;
#4961 = DIRECTION ( 'NONE',  ( 1.000000000000000000, -0.0000000000000000000, 0.0000000000000000000 ) ) ;
#4962 = CARTESIAN_POINT ( 'NONE',  ( -66.00000000000000000, 3.000000000000000900, 6.000000000000000000 ) ) ;
#4963 = ORIENTED_EDGE ( 'NONE', *, *, #7155, .F. ) ;
#4964 = EDGE_LOOP ( 'NONE', ( #7500, #6128, #4300, #4920 ) ) ;
#4965 = PLANE ( 'NONE',  #5723 ) ;
#4966 = DIRECTION ( 'NONE',  ( -1.000000000000000000, 0.0000000000000000000, -0.0000000000000000000 ) ) ;
#4967 = LINE ( 'NONE', #808, #3178 ) ;
#4968 = SURFACE_SIDE_STYLE ('',( #7276 ) ) ;
#4969 = ORIENTED_EDGE ( 'NONE', *, *, #357, .T. ) ;
#4970 = CARTESIAN_POINT ( 'NONE',  ( -32.00000000000000700, 55.00000000000000000, 0.0000000000000000000 ) ) ;
#4971 = VERTEX_POINT ( 'NONE', #2780 ) ;
#4972 = EDGE_CURVE ( 'NONE', #3858, #6632, #1138, .T. ) ;
#4973 = CARTESIAN_POINT ( 'NONE',  ( -45.00000000000000700, 68.00000000000000000, 6.000000000000000000 ) ) ;
#4974 = EDGE_LOOP ( 'NONE', ( #520, #6969, #126 ) ) ;
#4975 = PLANE ( 'NONE',  #1958 ) ;
#4976 = DIRECTION ( 'NONE',  ( -1.000000000000000000, 0.0000000000000000000, 0.0000000000000000000 ) ) ;
#4977 = CARTESIAN_POINT ( 'NONE',  ( -53.00000000000000700, -10.00000000000000000, 6.000000000000000000 ) ) ;
#4978 = EDGE_CURVE ( 'NONE', #2664, #5866, #380, .T. ) ;
#4979 = AXIS2_PLACEMENT_3D ( 'NONE', #6266, #4382, #1388 ) ;
#4980 = DIRECTION ( 'NONE',  ( 1.000000000000000000, 0.0000000000000000000, 0.0000000000000000000 ) ) ;
#4981 = LINE ( 'NONE', #2031, #7616 ) ;
#4982 = VERTEX_POINT ( 'NONE', #7724 ) ;
#4983 = VERTEX_POINT ( 'NONE', #2908 ) ;
#4984 = DIRECTION ( 'NONE',  ( -1.000000000000000000, 0.0000000000000000000, 0.0000000000000000000 ) ) ;
#4985 = ADVANCED_FACE ( 'NONE', ( #7499 ), #952, .F. ) ;
#4986 = DIRECTION ( 'NONE',  ( -1.000000000000000000, 0.0000000000000000000, 0.0000000000000000000 ) ) ;
#4987 = FACE_BOUND ( 'NONE', #5719, .T. ) ;
#4988 = EDGE_LOOP ( 'NONE', ( #355, #2649, #1829, #3941 ) ) ;
#4989 = ORIENTED_EDGE ( 'NONE', *, *, #1642, .F. ) ;
#4990 = CARTESIAN_POINT ( 'NONE',  ( 32.00000000000000700, -55.00000000000000000, 6.000000000000000000 ) ) ;
#4991 = DIRECTION ( 'NONE',  ( -1.000000000000000000, 0.0000000000000000000, 0.0000000000000000000 ) ) ;
#4992 = PRODUCT_RELATED_PRODUCT_CATEGORY ( 'part', '', ( #507 ) ) ;
#4993 = EDGE_CURVE ( 'NONE', #5267, #5445, #6654, .T. ) ;
#4994 = DIRECTION ( 'NONE',  ( 0.0000000000000000000, 0.0000000000000000000, -1.000000000000000000 ) ) ;
#4995 =( LENGTH_UNIT ( ) NAMED_UNIT ( * ) SI_UNIT ( .MILLI., .METRE. ) );
#4996 = LINE ( 'NONE', #4160, #6508 ) ;
#4997 = ORIENTED_EDGE ( 'NONE', *, *, #5001, .F. ) ;
#4998 = ORIENTED_EDGE ( 'NONE', *, *, #4366, .F. ) ;
#4999 = CARTESIAN_POINT ( 'NONE',  ( -30.68489076841715500, -1.738464422185467900E-014, 46.07477892059625900 ) ) ;
#5000 = CARTESIAN_POINT ( 'NONE',  ( 8.000000000000000000, 9.797174393178825700E-016, 10.00000000000000000 ) ) ;
#5001 = EDGE_CURVE ( 'NONE', #6748, #7880, #1818, .T. ) ;
#5002 = ORIENTED_EDGE ( 'NONE', *, *, #1811, .T. ) ;
#5003 = VECTOR ( 'NONE', #2581, 1000.000000000000000 ) ;
#5004 = AXIS2_PLACEMENT_3D ( 'NONE', #4039, #323, #352 ) ;
#5005 = FACE_OUTER_BOUND ( 'NONE', #3372, .T. ) ;
#5006 = ORIENTED_EDGE ( 'NONE', *, *, #1743, .F. ) ;
#5007 = EDGE_LOOP ( 'NONE', ( #486, #451, #5805, #2655 ) ) ;
#5008 = DIRECTION ( 'NONE',  ( 1.000000000000000000, 0.0000000000000000000, 0.0000000000000000000 ) ) ;
#5009 = DIRECTION ( 'NONE',  ( 0.0000000000000000000, 0.0000000000000000000, 1.000000000000000000 ) ) ;
#5010 = CYLINDRICAL_SURFACE ( 'NONE', #5259, 1.650000000000000100 ) ;
#5011 = EDGE_LOOP ( 'NONE', ( #5743, #2480 ) ) ;
#5012 = CARTESIAN_POINT ( 'NONE',  ( 0.0000000000000000000, 0.0000000000000000000, 10.00000000000000000 ) ) ;
#5013 = CIRCLE ( 'NONE', #1460, 2.500000000000002200 ) ;
#5014 = ORIENTED_EDGE ( 'NONE', *, *, #1243, .F. ) ;
#5015 = EDGE_CURVE ( 'NONE', #521, #2160, #3453, .T. ) ;
#5016 = DIRECTION ( 'NONE',  ( 1.000000000000000000, 0.0000000000000000000, 0.0000000000000000000 ) ) ;
#5017 = CARTESIAN_POINT ( 'NONE',  ( 45.00000000000000700, -42.00000000000000000, 6.000000000000000000 ) ) ;
#5018 = FILL_AREA_STYLE_COLOUR ( '', #6531 ) ;
#5019 = CARTESIAN_POINT ( 'NONE',  ( -79.99999999999995700, -60.00000000000001400, 5.000000000000000000 ) ) ;
#5020 = VECTOR ( 'NONE', #912, 1000.000000000000000 ) ;
#5021 = ORIENTED_EDGE ( 'NONE', *, *, #6930, .T. ) ;
#5022 = ORIENTED_EDGE ( 'NONE', *, *, #6248, .T. ) ;
#5023 = ADVANCED_FACE ( 'NONE', ( #5053 ), #2686, .F. ) ;
#5024 =( NAMED_UNIT ( * ) PLANE_ANGLE_UNIT ( ) SI_UNIT ( $, .RADIAN. ) );
#5025 = AXIS2_PLACEMENT_3D ( 'NONE', #4095, #2278, #6468 ) ;
#5026 = LINE ( 'NONE', #2781, #6910 ) ;
#5027 = CARTESIAN_POINT ( 'NONE',  ( 17.37044324410520300, 4.254531543732840000E-015, 26.78495389014887400 ) ) ;
#5028 = EDGE_CURVE ( 'NONE', #4818, #84, #959, .T. ) ;
#5029 = AXIS2_PLACEMENT_3D ( 'NONE', #243, #5122, #5733 ) ;
#5030 = CIRCLE ( 'NONE', #5863, 4.000000000000003600 ) ;
#5031 = ORIENTED_EDGE ( 'NONE', *, *, #3448, .T. ) ;
#5032 = CARTESIAN_POINT ( 'NONE',  ( 45.00000000000000700, -55.00000000000000000, 10.00000000000000000 ) ) ;
#5033 = ORIENTED_EDGE ( 'NONE', *, *, #3966, .F. ) ;
#5034 = CARTESIAN_POINT ( 'NONE',  ( -45.00000000000000700, 42.00000000000000000, 10.00000000000000000 ) ) ;
#5035 = DIRECTION ( 'NONE',  ( -1.000000000000000000, 0.0000000000000000000, 0.0000000000000000000 ) ) ;
#5036 = LINE ( 'NONE', #180, #5604 ) ;
#5037 = CYLINDRICAL_SURFACE ( 'NONE', #1419, 14.00000000000000000 ) ;
#5038 = EDGE_LOOP ( 'NONE', ( #1357, #4337, #4611, #7160, #2482, #7674 ) ) ;
#5039 = DIRECTION ( 'NONE',  ( -0.0000000000000000000, -0.0000000000000000000, -1.000000000000000000 ) ) ;
#5040 = CARTESIAN_POINT ( 'NONE',  ( -13.00000000000000200, 0.0000000000000000000, 20.00000000000000000 ) ) ;
#5041 = AXIS2_PLACEMENT_3D ( 'NONE', #505, #1188, #5374 ) ;
#5042 = CARTESIAN_POINT ( 'NONE',  ( 0.0000000000000000000, 0.0000000000000000000, 18.00000000000000400 ) ) ;
#5043 = FACE_BOUND ( 'NONE', #6388, .T. ) ;
#5044 = FACE_BOUND ( 'NONE', #1240, .T. ) ;
#5045 = CARTESIAN_POINT ( 'NONE',  ( 0.0000000000000000000, 0.0000000000000000000, 18.00000000000000400 ) ) ;
#5046 = DIRECTION ( 'NONE',  ( -0.0000000000000000000, -0.0000000000000000000, 1.000000000000000000 ) ) ;
#5047 = DIRECTION ( 'NONE',  ( 0.0000000000000000000, 0.0000000000000000000, 1.000000000000000000 ) ) ;
#5048 = ORIENTED_EDGE ( 'NONE', *, *, #946, .F. ) ;
#5049 = CIRCLE ( 'NONE', #107, 8.000000000000000000 ) ;
#5050 = CIRCLE ( 'NONE', #1775, 7.999999999999992900 ) ;
#5051 = EDGE_CURVE ( 'NONE', #1641, #7279, #182, .T. ) ;
#5052 = AXIS2_PLACEMENT_3D ( 'NONE', #6179, #6206, #3253 ) ;
#5053 = FACE_OUTER_BOUND ( 'NONE', #2150, .T. ) ;
#5054 = VERTEX_POINT ( 'NONE', #3467 ) ;
#5055 = DIRECTION ( 'NONE',  ( -1.000000000000000000, -9.251858538542975300E-017, 0.0000000000000000000 ) ) ;
#5056 = DIRECTION ( 'NONE',  ( -0.0000000000000000000, -0.0000000000000000000, 1.000000000000000000 ) ) ;
#5057 = CARTESIAN_POINT ( 'NONE',  ( -28.00000000000001100, 55.00000000000000000, 0.0000000000000000000 ) ) ;
#5058 = ORIENTED_EDGE ( 'NONE', *, *, #3734, .T. ) ;
#5059 = VERTEX_POINT ( 'NONE', #7647 ) ;
#5060 = DIRECTION ( 'NONE',  ( -0.0000000000000000000, -0.0000000000000000000, 1.000000000000000000 ) ) ;
#5061 = ORIENTED_EDGE ( 'NONE', *, *, #2451, .F. ) ;
#5062 = EDGE_CURVE ( 'NONE', #1447, #87, #5714, .T. ) ;
#5063 = ADVANCED_FACE ( 'NONE', ( #7308 ), #3268, .F. ) ;
#5064 = CARTESIAN_POINT ( 'NONE',  ( 5.000000000000004400, 34.99999999999999300, 0.0000000000000000000 ) ) ;
#5065 = FACE_OUTER_BOUND ( 'NONE', #2997, .T. ) ;
#5066 = DIRECTION ( 'NONE',  ( -0.0000000000000000000, 0.0000000000000000000, 1.000000000000000000 ) ) ;
#5067 = ORIENTED_EDGE ( 'NONE', *, *, #3284, .T. ) ;
#5068 = VERTEX_POINT ( 'NONE', #4046 ) ;
#5069 = CARTESIAN_POINT ( 'NONE',  ( -79.00000000000000000, -10.00000000000000000, 6.000000000000000000 ) ) ;
#5070 = DIRECTION ( 'NONE',  ( 0.0000000000000000000, 0.0000000000000000000, 1.000000000000000000 ) ) ;
#5071 = DIRECTION ( 'NONE',  ( -0.0000000000000000000, -0.0000000000000000000, -1.000000000000000000 ) ) ;
#5072 = CARTESIAN_POINT ( 'NONE',  ( 0.0000000000000000000, 0.0000000000000000000, 30.00000000000000000 ) ) ;
#5073 = CIRCLE ( 'NONE', #4717, 5.000000000000004400 ) ;
#5074 = EDGE_CURVE ( 'NONE', #3125, #1045, #5905, .T. ) ;
#5075 = EDGE_LOOP ( 'NONE', ( #6382, #5756, #5530, #2145 ) ) ;
#5076 = APPLICATION_CONTEXT ( 'automotive_design' ) ;
#5077 = DIRECTION ( 'NONE',  ( 0.0000000000000000000, 0.0000000000000000000, 1.000000000000000000 ) ) ;
#5078 = CARTESIAN_POINT ( 'NONE',  ( -62.00000000000000000, 55.00000000000000000, 0.0000000000000000000 ) ) ;
#5079 = EDGE_LOOP ( 'NONE', ( #1155, #4098, #680, #1257 ) ) ;
#5080 = ORIENTED_EDGE ( 'NONE', *, *, #2068, .T. ) ;
#5081 = AXIS2_PLACEMENT_3D ( 'NONE', #7151, #1710, #5985 ) ;
#5082 = CARTESIAN_POINT ( 'NONE',  ( 0.0000000000000000000, 13.00000000000000200, 18.00000000000000400 ) ) ;
#5083 = CIRCLE ( 'NONE', #3110, 2.500000000000002200 ) ;
#5084 = EDGE_CURVE ( 'NONE', #4621, #3992, #6466, .T. ) ;
#5085 = CARTESIAN_POINT ( 'NONE',  ( -5.999999999999998200, 5.999999999999996400, 31.00000000000000000 ) ) ;
#5086 = ORIENTED_EDGE ( 'NONE', *, *, #2641, .T. ) ;
#5087 = DIRECTION ( 'NONE',  ( 0.0000000000000000000, 0.0000000000000000000, 1.000000000000000000 ) ) ;
#5088 = ORIENTED_EDGE ( 'NONE', *, *, #5665, .F. ) ;
#5089 = DIRECTION ( 'NONE',  ( 1.000000000000000000, 0.0000000000000000000, 0.0000000000000000000 ) ) ;
#5090 = DIRECTION ( 'NONE',  ( -0.0000000000000000000, -0.0000000000000000000, -1.000000000000000000 ) ) ;
#5091 = DIRECTION ( 'NONE',  ( 1.000000000000000000, 0.0000000000000000000, 0.0000000000000000000 ) ) ;
#5092 = EDGE_LOOP ( 'NONE', ( #4141, #2120, #3305, #6956 ) ) ;
#5093 = CYLINDRICAL_SURFACE ( 'NONE', #4224, 4.000000000000003600 ) ;
#5094 = DIRECTION ( 'NONE',  ( -0.0000000000000000000, -0.0000000000000000000, 1.000000000000000000 ) ) ;
#5095 = ORIENTED_EDGE ( 'NONE', *, *, #3842, .F. ) ;
#5096 = CARTESIAN_POINT ( 'NONE',  ( -69.99999999999998600, 50.00000000000002800, 5.000000000000000000 ) ) ;
#5097 = PRESENTATION_LAYER_ASSIGNMENT (  '', '', ( #342 ) ) ;
#5098 = ORIENTED_EDGE ( 'NONE', *, *, #4467, .F. ) ;
#5099 = EDGE_CURVE ( 'NONE', #5522, #1800, #1615, .T. ) ;
#5100 = ADVANCED_FACE ( 'NONE', ( #2481 ), #665, .T. ) ;
#5101 = FACE_OUTER_BOUND ( 'NONE', #5117, .T. ) ;
#5102 = DIRECTION ( 'NONE',  ( 0.0000000000000000000, 0.0000000000000000000, -1.000000000000000000 ) ) ;
#5103 = DIRECTION ( 'NONE',  ( 0.0000000000000000000, 0.0000000000000000000, -1.000000000000000000 ) ) ;
#5104 = ORIENTED_EDGE ( 'NONE', *, *, #6248, .F. ) ;
#5105 = DIRECTION ( 'NONE',  ( -1.000000000000000000, 0.0000000000000000000, 0.0000000000000000000 ) ) ;
#5106 = EDGE_CURVE ( 'NONE', #1387, #1793, #7408, .T. ) ;
#5107 = AXIS2_PLACEMENT_3D ( 'NONE', #5340, #5979, #4651 ) ;
#5108 = COLOUR_RGB ( '',1.000000000000000000, 1.000000000000000000, 1.000000000000000000 ) ;
#5109 = FACE_OUTER_BOUND ( 'NONE', #7442, .T. ) ;
#5110 = VERTEX_POINT ( 'NONE', #7805 ) ;
#5111 = ORIENTED_EDGE ( 'NONE', *, *, #3030, .F. ) ;
#5112 = CARTESIAN_POINT ( 'NONE',  ( 50.00000000000000000, -14.49999999999999800, 6.000000000000000000 ) ) ;
#5113 = CARTESIAN_POINT ( 'NONE',  ( -80.00000000000001400, -50.00000000000000000, 5.000000000000000000 ) ) ;
#5114 = DIRECTION ( 'NONE',  ( -1.000000000000000000, 0.0000000000000000000, 0.0000000000000000000 ) ) ;
#5115 = VECTOR ( 'NONE', #883, 1000.000000000000000 ) ;
#5116 = CIRCLE ( 'NONE', #668, 4.000000000000000000 ) ;
#5117 = EDGE_LOOP ( 'NONE', ( #3810, #402, #2036, #5675 ) ) ;
#5118 = EDGE_CURVE ( 'NONE', #6041, #3671, #4106, .T. ) ;
#5119 = DIRECTION ( 'NONE',  ( -0.0000000000000000000, -0.0000000000000000000, -1.000000000000000000 ) ) ;
#5120 = VERTEX_POINT ( 'NONE', #578 ) ;
#5121 = DIRECTION ( 'NONE',  ( 1.000000000000000000, 0.0000000000000000000, 0.0000000000000000000 ) ) ;
#5122 = DIRECTION ( 'NONE',  ( 0.0000000000000000000, 0.0000000000000000000, 1.000000000000000000 ) ) ;
#5123 = PLANE ( 'NONE',  #863 ) ;
#5124 = CIRCLE ( 'NONE', #1133, 2.500000000000002200 ) ;
#5125 = VECTOR ( 'NONE', #5548, 1000.000000000000000 ) ;
#5126 = ORIENTED_EDGE ( 'NONE', *, *, #3696, .F. ) ;
#5127 = APPLICATION_PROTOCOL_DEFINITION ( 'draft international standard', 'automotive_design', 1998, #4515 ) ;
#5128 = AXIS2_PLACEMENT_3D ( 'NONE', #3693, #5514, #1866 ) ;
#5129 = CARTESIAN_POINT ( 'NONE',  ( -45.00000000000000700, 42.00000000000000000, 0.0000000000000000000 ) ) ;
#5130 = EDGE_CURVE ( 'NONE', #6928, #3661, #4668, .T. ) ;
#5131 = AXIS2_PLACEMENT_3D ( 'NONE', #7566, #295, #1549 ) ;
#5132 = LINE ( 'NONE', #7708, #752 ) ;
#5133 = DIRECTION ( 'NONE',  ( -1.000000000000000000, 0.0000000000000000000, 0.0000000000000000000 ) ) ;
#5134 = CIRCLE ( 'NONE', #2710, 9.999999999999994700 ) ;
#5135 = VERTEX_POINT ( 'NONE', #3601 ) ;
#5136 = ORIENTED_EDGE ( 'NONE', *, *, #7620, .T. ) ;
#5137 = FACE_OUTER_BOUND ( 'NONE', #5848, .T. ) ;
#5138 = CARTESIAN_POINT ( 'NONE',  ( -5.000000000000011500, -45.00000000000000000, 10.00000000000000000 ) ) ;
#5139 = ADVANCED_FACE ( 'NONE', ( #7879 ), #1029, .F. ) ;
#5140 = VECTOR ( 'NONE', #3029, 1000.000000000000000 ) ;
#5141 = VERTEX_POINT ( 'NONE', #6621 ) ;
#5142 = PLANE ( 'NONE',  #4601 ) ;
#5143 = AXIS2_PLACEMENT_3D ( 'NONE', #3925, #1435, #6253 ) ;
#5144 = PLANE ( 'NONE',  #6953 ) ;
#5145 = ORIENTED_EDGE ( 'NONE', *, *, #1231, .F. ) ;
#5146 = EDGE_CURVE ( 'NONE', #4291, #6500, #4853, .T. ) ;
#5147 = CARTESIAN_POINT ( 'NONE',  ( -36.00000000000000700, 55.00000000000000000, 6.000000000000000000 ) ) ;
#5148 = CARTESIAN_POINT ( 'NONE',  ( 0.0000000000000000000, 0.0000000000000000000, 18.00000000000000400 ) ) ;
#5149 = CARTESIAN_POINT ( 'NONE',  ( 80.00000000000000000, 40.00000000000000000, 10.00000000000000000 ) ) ;
#5150 = VECTOR ( 'NONE', #2239, 1000.000000000000000 ) ;
#5151 = DIRECTION ( 'NONE',  ( -0.0000000000000000000, -0.0000000000000000000, -1.000000000000000000 ) ) ;
#5152 = EDGE_LOOP ( 'NONE', ( #3276, #1065, #6832, #718 ) ) ;
#5153 = PLANE ( 'NONE',  #3944 ) ;
#5154 = ADVANCED_FACE ( 'NONE', ( #6462 ), #855, .T. ) ;
#5155 = VERTEX_POINT ( 'NONE', #2935 ) ;
#5156 = CARTESIAN_POINT ( 'NONE',  ( 75.00000000000000000, -5.000000000000000000, 0.0000000000000000000 ) ) ;
#5157 = MANIFOLD_SOLID_BREP ( '切除-拉伸2', #3871 ) ;
#5158 = PRODUCT_CONTEXT ( 'NONE', #3317, 'mechanical' ) ;
#5159 = ORIENTED_EDGE ( 'NONE', *, *, #383, .T. ) ;
#5160 = EDGE_CURVE ( 'NONE', #1848, #2154, #1713, .T. ) ;
#5161 = AXIS2_PLACEMENT_3D ( 'NONE', #4931, #6670, #1227 ) ;
#5162 = VECTOR ( 'NONE', #181, 1000.000000000000000 ) ;
#5163 = DIRECTION ( 'NONE',  ( -0.0000000000000000000, -0.0000000000000000000, 1.000000000000000000 ) ) ;
#5164 = EDGE_LOOP ( 'NONE', ( #95, #5684, #5487, #2401 ) ) ;
#5165 = DIRECTION ( 'NONE',  ( 0.0000000000000000000, 0.0000000000000000000, 1.000000000000000000 ) ) ;
#5166 = ORIENTED_EDGE ( 'NONE', *, *, #7600, .F. ) ;
#5167 = CARTESIAN_POINT ( 'NONE',  ( -8.000000000000000000, 0.0000000000000000000, 0.0000000000000000000 ) ) ;
#5168 = VERTEX_POINT ( 'NONE', #6570 ) ;
#5169 = EDGE_CURVE ( 'NONE', #6845, #6934, #6373, .T. ) ;
#5170 = AXIS2_PLACEMENT_3D ( 'NONE', #7184, #5441, #3009 ) ;
#5171 = DIRECTION ( 'NONE',  ( -0.0000000000000000000, -0.0000000000000000000, -1.000000000000000000 ) ) ;
#5172 = CARTESIAN_POINT ( 'NONE',  ( 0.0000000000000000000, 0.0000000000000000000, 18.00000000000000400 ) ) ;
#5173 = CARTESIAN_POINT ( 'NONE',  ( -8.000000000000000000, 0.0000000000000000000, 10.00000000000000000 ) ) ;
#5174 = ORIENTED_EDGE ( 'NONE', *, *, #6797, .T. ) ;
#5175 = DIRECTION ( 'NONE',  ( 1.000000000000000000, 0.0000000000000000000, 0.0000000000000000000 ) ) ;
#5176 = DIRECTION ( 'NONE',  ( 1.000000000000000000, 0.0000000000000000000, 0.0000000000000000000 ) ) ;
#5177 = AXIS2_PLACEMENT_3D ( 'NONE', #1385, #6262, #5114 ) ;
#5178 = CIRCLE ( 'NONE', #5385, 1.650000000000000100 ) ;
#5179 = EDGE_CURVE ( 'NONE', #6766, #4108, #7100, .T. ) ;
#5180 = AXIS2_PLACEMENT_3D ( 'NONE', #6212, #5630, #4459 ) ;
#5181 = ADVANCED_FACE ( 'NONE', ( #5515 ), #4937, .F. ) ;
#5182 = VERTEX_POINT ( 'NONE', #5569 ) ;
#5183 = ORIENTED_EDGE ( 'NONE', *, *, #3819, .T. ) ;
#5184 = DIRECTION ( 'NONE',  ( 1.000000000000000000, 9.251858538542976500E-017, 0.0000000000000000000 ) ) ;
#5185 = CARTESIAN_POINT ( 'NONE',  ( -9.999999999999998200, 7.000000000000000900, 10.00000000000000000 ) ) ;
#5186 = CIRCLE ( 'NONE', #4614, 2.500000000000002200 ) ;
#5187 = VERTEX_POINT ( 'NONE', #7307 ) ;
#5188 = AXIS2_PLACEMENT_3D ( 'NONE', #6146, #6120, #5536 ) ;
#5189 = ORIENTED_EDGE ( 'NONE', *, *, #5456, .T. ) ;
#5190 = ADVANCED_FACE ( 'NONE', ( #6087 ), #4294, .F. ) ;
#5191 = CARTESIAN_POINT ( 'NONE',  ( -49.00000000000000000, 68.00000000000000000, 6.000000000000000000 ) ) ;
#5192 = CARTESIAN_POINT ( 'NONE',  ( 14.00000000000000000, 1.714505518806294600E-015, 50.00000000000000000 ) ) ;
#5193 = DIRECTION ( 'NONE',  ( -1.000000000000000000, 0.0000000000000000000, -0.0000000000000000000 ) ) ;
#5194 = EDGE_LOOP ( 'NONE', ( #7096, #5718, #2273, #5159 ) ) ;
#5195 = CARTESIAN_POINT ( 'NONE',  ( -58.00000000000000000, 55.00000000000000000, 6.000000000000000000 ) ) ;
#5196 = CARTESIAN_POINT ( 'NONE',  ( 0.0000000000000000000, 0.0000000000000000000, 30.00000000000000000 ) ) ;
#5197 = ORIENTED_EDGE ( 'NONE', *, *, #7608, .T. ) ;
#5198 = CARTESIAN_POINT ( 'NONE',  ( -47.10000000000000100, 42.00000000000000000, 6.000000000000000000 ) ) ;
#5199 = ORIENTED_EDGE ( 'NONE', *, *, #524, .F. ) ;
#5200 = DIRECTION ( 'NONE',  ( 0.0000000000000000000, 0.0000000000000000000, -1.000000000000000000 ) ) ;
#5201 = CARTESIAN_POINT ( 'NONE',  ( 14.99999999999998900, 6.000000000000000000, 31.00000000000000000 ) ) ;
#5202 = EDGE_CURVE ( 'NONE', #1597, #6562, #3266, .T. ) ;
#5203 = CIRCLE ( 'NONE', #4698, 1.650000000000000400 ) ;
#5204 = ORIENTED_EDGE ( 'NONE', *, *, #2426, .F. ) ;
#5205 = VERTEX_POINT ( 'NONE', #6075 ) ;
#5206 = DIRECTION ( 'NONE',  ( -1.067522139062651900E-016, 1.000000000000000000, 0.0000000000000000000 ) ) ;
#5207 = CYLINDRICAL_SURFACE ( 'NONE', #1602, 1.650000000000000100 ) ;
#5208 = CIRCLE ( 'NONE', #5558, 2.100000000000004500 ) ;
#5209 = VERTEX_POINT ( 'NONE', #3674 ) ;
#5210 = CARTESIAN_POINT ( 'NONE',  ( 0.0000000000000000000, -13.00000000000000200, 10.00000000000000000 ) ) ;
#5211 = PRODUCT_DEFINITION_CONTEXT ( 'detailed design', #4515, 'design' ) ;
#5212 = DIRECTION ( 'NONE',  ( -0.0000000000000000000, -0.0000000000000000000, 1.000000000000000000 ) ) ;
#5213 = ORIENTED_EDGE ( 'NONE', *, *, #1654, .T. ) ;
#5214 = EDGE_CURVE ( 'NONE', #3458, #5209, #4949, .T. ) ;
#5215 = AXIS2_PLACEMENT_3D ( 'NONE', #2466, #3697, #1826 ) ;
#5216 = DIRECTION ( 'NONE',  ( 0.0000000000000000000, -1.000000000000000000, 0.0000000000000000000 ) ) ;
#5217 = VECTOR ( 'NONE', #3645, 1000.000000000000000 ) ;
#5218 = ORIENTED_EDGE ( 'NONE', *, *, #2884, .F. ) ;
#5219 = ADVANCED_FACE ( 'NONE', ( #4760 ), #772, .F. ) ;
#5220 = VERTEX_POINT ( 'NONE', #626 ) ;
#5221 = DIRECTION ( 'NONE',  ( -0.0000000000000000000, -0.0000000000000000000, 1.000000000000000000 ) ) ;
#5222 = DIRECTION ( 'NONE',  ( -0.0000000000000000000, -0.0000000000000000000, -1.000000000000000000 ) ) ;
#5223 = CARTESIAN_POINT ( 'NONE',  ( -59.99999999999999300, 30.00000000000000000, 0.0000000000000000000 ) ) ;
#5224 = FACE_BOUND ( 'NONE', #3739, .T. ) ;
#5225 = EDGE_CURVE ( 'NONE', #3553, #2162, #3721, .T. ) ;
#5226 = AXIS2_PLACEMENT_3D ( 'NONE', #2419, #7203, #529 ) ;
#5227 = VECTOR ( 'NONE', #3574, 1000.000000000000000 ) ;
#5228 = ORIENTED_EDGE ( 'NONE', *, *, #2264, .F. ) ;
#5229 = SHAPE_DEFINITION_REPRESENTATION ( #2409, #2360 ) ;
#5230 = CYLINDRICAL_SURFACE ( 'NONE', #4215, 11.00000000000000000 ) ;
#5231 = DIRECTION ( 'NONE',  ( -1.000000000000000000, 0.0000000000000000000, 0.0000000000000000000 ) ) ;
#5232 = VECTOR ( 'NONE', #3683, 1000.000000000000000 ) ;
#5233 = CIRCLE ( 'NONE', #3707, 1.650000000000000400 ) ;
#5234 = AXIS2_PLACEMENT_3D ( 'NONE', #3010, #3035, #1142 ) ;
#5235 = ORIENTED_EDGE ( 'NONE', *, *, #6034, .F. ) ;
#5236 = DIRECTION ( 'NONE',  ( -1.000000000000000000, -0.0000000000000000000, -0.0000000000000000000 ) ) ;
#5237 = DIRECTION ( 'NONE',  ( 0.0000000000000000000, 1.000000000000000000, 0.0000000000000000000 ) ) ;
#5238 = DIRECTION ( 'NONE',  ( -0.0000000000000000000, -0.0000000000000000000, -1.000000000000000000 ) ) ;
#5239 = VECTOR ( 'NONE', #7386, 1000.000000000000000 ) ;
#5240 = FACE_OUTER_BOUND ( 'NONE', #1841, .T. ) ;
#5241 = CIRCLE ( 'NONE', #7332, 1.649999999999998600 ) ;
#5242 = ORIENTED_EDGE ( 'NONE', *, *, #5884, .T. ) ;
#5243 = AXIS2_PLACEMENT_3D ( 'NONE', #1931, #6162, #2522 ) ;
#5244 = PLANE ( 'NONE',  #7306 ) ;
#5245 = ORIENTED_EDGE ( 'NONE', *, *, #724, .F. ) ;
#5246 = AXIS2_PLACEMENT_3D ( 'NONE', #4243, #6084, #6684 ) ;
#5247 = DIRECTION ( 'NONE',  ( -1.000000000000000000, 0.0000000000000000000, 0.0000000000000000000 ) ) ;
#5248 = EDGE_CURVE ( 'NONE', #6131, #2743, #6743, .T. ) ;
#5249 = ORIENTED_EDGE ( 'NONE', *, *, #6502, .T. ) ;
#5250 = CARTESIAN_POINT ( 'NONE',  ( 5.000000000000004400, 34.99999999999999300, 0.0000000000000000000 ) ) ;
#5251 = CARTESIAN_POINT ( 'NONE',  ( 29.90000000000000900, -55.00000000000000000, 6.000000000000000000 ) ) ;
#5252 = DIRECTION ( 'NONE',  ( -0.0000000000000000000, -0.0000000000000000000, 1.000000000000000000 ) ) ;
#5253 = VECTOR ( 'NONE', #1107, 1000.000000000000000 ) ;
#5254 = EDGE_LOOP ( 'NONE', ( #3086, #4998 ) ) ;
#5255 = ORIENTED_EDGE ( 'NONE', *, *, #96, .F. ) ;
#5256 = CARTESIAN_POINT ( 'NONE',  ( -79.00000000000000000, -10.00000000000000000, 6.000000000000000000 ) ) ;
#5257 = ADVANCED_FACE ( 'NONE', ( #2681 ), #573, .F. ) ;
#5258 = EDGE_CURVE ( 'NONE', #6928, #3361, #3825, .T. ) ;
#5259 = AXIS2_PLACEMENT_3D ( 'NONE', #7789, #449, #2913 ) ;
#5260 = CIRCLE ( 'NONE', #1254, 9.999999999999994700 ) ;
#5261 = CARTESIAN_POINT ( 'NONE',  ( 1.650000000000000100, 13.00000000000000200, 10.00000000000000000 ) ) ;
#5262 = VERTEX_POINT ( 'NONE', #5517 ) ;
#5263 = EDGE_CURVE ( 'NONE', #4928, #556, #7303, .T. ) ;
#5264 = AXIS2_PLACEMENT_3D ( 'NONE', #4820, #7211, #4772 ) ;
#5265 = EDGE_LOOP ( 'NONE', ( #4227, #960, #5021, #990 ) ) ;
#5266 = DIRECTION ( 'NONE',  ( -0.0000000000000000000, -0.0000000000000000000, 1.000000000000000000 ) ) ;
#5267 = VERTEX_POINT ( 'NONE', #3750 ) ;
#5268 = DIRECTION ( 'NONE',  ( -1.000000000000000000, 0.0000000000000000000, 0.0000000000000000000 ) ) ;
#5269 = DIRECTION ( 'NONE',  ( 0.0000000000000000000, 0.0000000000000000000, -1.000000000000000000 ) ) ;
#5270 = CYLINDRICAL_SURFACE ( 'NONE', #2784, 4.000000000000003600 ) ;
#5271 = DIRECTION ( 'NONE',  ( 1.000000000000000000, 0.0000000000000000000, 0.0000000000000000000 ) ) ;
#5272 = DIRECTION ( 'NONE',  ( 1.000000000000000000, 0.0000000000000000000, 0.0000000000000000000 ) ) ;
#5273 = ORIENTED_EDGE ( 'NONE', *, *, #2701, .F. ) ;
#5274 = EDGE_LOOP ( 'NONE', ( #3384, #7874, #1113, #21, #14, #2905 ) ) ;
#5275 = CARTESIAN_POINT ( 'NONE',  ( -11.35000000000000100, 2.020667218593134000E-016, 18.00000000000000400 ) ) ;
#5276 = AXIS2_PLACEMENT_3D ( 'NONE', #2531, #3246, #6833 ) ;
#5277 = EDGE_CURVE ( 'NONE', #1864, #2732, #1814, .T. ) ;
#5278 = AXIS2_PLACEMENT_3D ( 'NONE', #6985, #5119, #1475 ) ;
#5279 = DIRECTION ( 'NONE',  ( -0.0000000000000000000, -0.0000000000000000000, -1.000000000000000000 ) ) ;
#5280 = ORIENTED_EDGE ( 'NONE', *, *, #6417, .T. ) ;
#5281 = VECTOR ( 'NONE', #7069, 1000.000000000000000 ) ;
#5282 = EDGE_LOOP ( 'NONE', ( #1901, #2008 ) ) ;
#5283 = ORIENTED_EDGE ( 'NONE', *, *, #2999, .F. ) ;
#5284 = DIRECTION ( 'NONE',  ( -0.0000000000000000000, -0.0000000000000000000, 1.000000000000000000 ) ) ;
#5285 = DIRECTION ( 'NONE',  ( 0.0000000000000000000, 0.0000000000000000000, 1.000000000000000000 ) ) ;
#5286 = VERTEX_POINT ( 'NONE', #2492 ) ;
#5287 = ORIENTED_EDGE ( 'NONE', *, *, #5689, .T. ) ;
#5288 = ADVANCED_FACE ( 'NONE', ( #3637 ), #4965, .T. ) ;
#5289 = DIRECTION ( 'NONE',  ( -1.000000000000000000, 0.0000000000000000000, 0.0000000000000000000 ) ) ;
#5290 = DIRECTION ( 'NONE',  ( -1.000000000000000000, 0.0000000000000000000, 0.0000000000000000000 ) ) ;
#5291 = LINE ( 'NONE', #1260, #6432 ) ;
#5292 = ORIENTED_EDGE ( 'NONE', *, *, #5371, .F. ) ;
#5293 = EDGE_LOOP ( 'NONE', ( #7237, #7126 ) ) ;
#5294 = CARTESIAN_POINT ( 'NONE',  ( 50.00000000000000000, -14.49999999999999800, 6.000000000000000000 ) ) ;
#5295 = EDGE_CURVE ( 'NONE', #6659, #2448, #6649, .T. ) ;
#5296 = DIRECTION ( 'NONE',  ( -0.0000000000000000000, -0.0000000000000000000, -1.000000000000000000 ) ) ;
#5297 = ADVANCED_FACE ( 'NONE', ( #4474 ), #4358, .F. ) ;
#5298 = AXIS2_PLACEMENT_3D ( 'NONE', #3537, #4714, #3591 ) ;
#5299 = FACE_BOUND ( 'NONE', #2416, .T. ) ;
#5300 = CARTESIAN_POINT ( 'NONE',  ( -32.00000000000000700, 55.00000000000000000, 0.0000000000000000000 ) ) ;
#5301 = FACE_OUTER_BOUND ( 'NONE', #6304, .T. ) ;
#5302 = LINE ( 'NONE', #5644, #5020 ) ;
#5303 = CARTESIAN_POINT ( 'NONE',  ( -13.00000000000000200, 0.0000000000000000000, 18.00000000000000400 ) ) ;
#5304 = DIRECTION ( 'NONE',  ( 0.0000000000000000000, 0.0000000000000000000, -1.000000000000000000 ) ) ;
#5305 = CARTESIAN_POINT ( 'NONE',  ( -90.00000000000000000, 65.00000000000000000, 0.0000000000000000000 ) ) ;
#5306 = DIRECTION ( 'NONE',  ( 0.0000000000000000000, 0.0000000000000000000, -1.000000000000000000 ) ) ;
#5307 = FACE_OUTER_BOUND ( 'NONE', #7028, .T. ) ;
#5308 = CARTESIAN_POINT ( 'NONE',  ( -34.10000000000000900, 55.00000000000000000, 0.0000000000000000000 ) ) ;
#5309 = FACE_OUTER_BOUND ( 'NONE', #7119, .T. ) ;
#5310 = EDGE_CURVE ( 'NONE', #4219, #1933, #4100, .T. ) ;
#5311 = AXIS2_PLACEMENT_3D ( 'NONE', #5798, #7575, #6378 ) ;
#5312 = EDGE_LOOP ( 'NONE', ( #4580, #313 ) ) ;
#5313 = FACE_OUTER_BOUND ( 'NONE', #5804, .T. ) ;
#5314 = VECTOR ( 'NONE', #443, 1000.000000000000000 ) ;
#5315 = ORIENTED_EDGE ( 'NONE', *, *, #5873, .T. ) ;
#5316 = CARTESIAN_POINT ( 'NONE',  ( -14.65000000000000200, 0.0000000000000000000, 18.00000000000000400 ) ) ;
#5317 = DIRECTION ( 'NONE',  ( 1.000000000000000000, 1.239088197126291600E-016, -0.0000000000000000000 ) ) ;
#5318 = CARTESIAN_POINT ( 'NONE',  ( 0.0000000000000000000, 13.00000000000000200, 18.00000000000000400 ) ) ;
#5319 = ORIENTED_EDGE ( 'NONE', *, *, #4909, .F. ) ;
#5320 = DIRECTION ( 'NONE',  ( -1.067522139062651900E-016, 1.000000000000000000, 0.0000000000000000000 ) ) ;
#5321 = AXIS2_PLACEMENT_3D ( 'NONE', #4607, #7050, #374 ) ;
#5322 = AXIS2_PLACEMENT_3D ( 'NONE', #135, #111, #7362 ) ;
#5323 = VECTOR ( 'NONE', #6158, 1000.000000000000000 ) ;
#5324 = CARTESIAN_POINT ( 'NONE',  ( 14.65000000000000200, 2.020667218593134000E-016, 18.00000000000000400 ) ) ;
#5325 = CARTESIAN_POINT ( 'NONE',  ( -53.00000000000000700, -10.00000000000000000, 0.0000000000000000000 ) ) ;
#5326 = ORIENTED_EDGE ( 'NONE', *, *, #2978, .T. ) ;
#5327 = EDGE_LOOP ( 'NONE', ( #1534, #4321 ) ) ;
#5328 = CARTESIAN_POINT ( 'NONE',  ( -85.00000000000001400, -40.00000000000003600, 5.000000000000000000 ) ) ;
#5329 = DIRECTION ( 'NONE',  ( -1.000000000000000000, 0.0000000000000000000, 0.0000000000000000000 ) ) ;
#5330 = ADVANCED_FACE ( 'NONE', ( #5137 ), #7871, .F. ) ;
#5331 = VECTOR ( 'NONE', #2111, 1000.000000000000000 ) ;
#5332 = ORIENTED_EDGE ( 'NONE', *, *, #2175, .T. ) ;
#5333 = AXIS2_PLACEMENT_3D ( 'NONE', #4302, #6094, #6719 ) ;
#5334 = CARTESIAN_POINT ( 'NONE',  ( -5.000000000000011500, -45.00000000000000000, 5.000000000000000000 ) ) ;
#5335 = DIRECTION ( 'NONE',  ( -0.0000000000000000000, -0.0000000000000000000, -1.000000000000000000 ) ) ;
#5336 = ORIENTED_EDGE ( 'NONE', *, *, #2201, .F. ) ;
#5337 = CARTESIAN_POINT ( 'NONE',  ( -14.65000000000000200, 0.0000000000000000000, 18.00000000000000400 ) ) ;
#5338 = ORIENTED_EDGE ( 'NONE', *, *, #799, .F. ) ;
#5339 = ADVANCED_FACE ( 'NONE', ( #3532 ), #2611, .F. ) ;
#5340 = CARTESIAN_POINT ( 'NONE',  ( -5.999999999999996400, 0.9999999999999974500, 31.00000000000000000 ) ) ;
#5341 = CIRCLE ( 'NONE', #4523, 4.000000000000000000 ) ;
#5342 = ORIENTED_EDGE ( 'NONE', *, *, #7014, .T. ) ;
#5343 = ORIENTED_EDGE ( 'NONE', *, *, #6300, .T. ) ;
#5344 = ORIENTED_EDGE ( 'NONE', *, *, #1532, .T. ) ;
#5345 = CARTESIAN_POINT ( 'NONE',  ( -11.35000000000000100, 2.020667218593133500E-016, 20.00000000000000000 ) ) ;
#5346 = DIRECTION ( 'NONE',  ( -0.0000000000000000000, -0.0000000000000000000, -1.000000000000000000 ) ) ;
#5347 = DIRECTION ( 'NONE',  ( -1.000000000000000000, 0.0000000000000000000, 0.0000000000000000000 ) ) ;
#5348 = PLANE ( 'NONE',  #4883 ) ;
#5349 = DIRECTION ( 'NONE',  ( 1.000000000000000000, 1.067522139062651900E-016, -0.0000000000000000000 ) ) ;
#5350 = EDGE_CURVE ( 'NONE', #4936, #2410, #5049, .T. ) ;
#5351 = ORIENTED_EDGE ( 'NONE', *, *, #3907, .F. ) ;
#5352 = EDGE_LOOP ( 'NONE', ( #6946, #1251, #7167, #1830 ) ) ;
#5353 = CARTESIAN_POINT ( 'NONE',  ( 0.0000000000000000000, 13.00000000000000200, 20.00000000000000000 ) ) ;
#5354 = CARTESIAN_POINT ( 'NONE',  ( -36.00000000000000700, 55.00000000000000000, 6.000000000000000000 ) ) ;
#5355 = LINE ( 'NONE', #408, #2518 ) ;
#5356 = CARTESIAN_POINT ( 'NONE',  ( -45.00000000000000700, 68.00000000000000000, 0.0000000000000000000 ) ) ;
#5357 = VECTOR ( 'NONE', #916, 1000.000000000000000 ) ;
#5358 = DIRECTION ( 'NONE',  ( -0.0000000000000000000, -0.0000000000000000000, -1.000000000000000000 ) ) ;
#5359 = ORIENTED_EDGE ( 'NONE', *, *, #4872, .F. ) ;
#5360 = ORIENTED_EDGE ( 'NONE', *, *, #2324, .T. ) ;
#5361 = EDGE_CURVE ( 'NONE', #3661, #934, #375, .T. ) ;
#5362 = AXIS2_PLACEMENT_3D ( 'NONE', #4713, #2870, #3438 ) ;
#5363 = CARTESIAN_POINT ( 'NONE',  ( 89.99999999999997200, -75.00000000000000000, 10.00000000000000000 ) ) ;
#5364 = CARTESIAN_POINT ( 'NONE',  ( 50.00000000000000000, -14.49999999999999800, 6.000000000000000000 ) ) ;
#5365 = DIRECTION ( 'NONE',  ( -1.051613052770068500E-016, 0.0000000000000000000, 1.000000000000000000 ) ) ;
#5366 = DIRECTION ( 'NONE',  ( 0.0000000000000000000, -1.000000000000000000, 0.0000000000000000000 ) ) ;
#5367 = EDGE_LOOP ( 'NONE', ( #7003, #5944, #3165, #7090, #7281, #1170 ) ) ;
#5368 = ORIENTED_EDGE ( 'NONE', *, *, #5062, .F. ) ;
#5369 = CARTESIAN_POINT ( 'NONE',  ( -41.00000000000000700, 42.00000000000000000, 6.000000000000000000 ) ) ;
#5370 = DIRECTION ( 'NONE',  ( 1.000000000000000000, 0.0000000000000000000, 0.0000000000000000000 ) ) ;
#5371 = EDGE_CURVE ( 'NONE', #2410, #4936, #176, .T. ) ;
#5372 = AXIS2_PLACEMENT_3D ( 'NONE', #6504, #2291, #3554 ) ;
#5373 = CARTESIAN_POINT ( 'NONE',  ( -1.650000000000000100, -13.00000000000000200, 18.00000000000000400 ) ) ;
#5374 = DIRECTION ( 'NONE',  ( 0.0000000000000000000, 0.0000000000000000000, 1.000000000000000000 ) ) ;
#5375 = VECTOR ( 'NONE', #3459, 1000.000000000000000 ) ;
#5376 = ORIENTED_EDGE ( 'NONE', *, *, #1942, .F. ) ;
#5377 = CARTESIAN_POINT ( 'NONE',  ( -19.91145236876709700, 15.00000000000000200, 16.91145236876710100 ) ) ;
#5378 = ORIENTED_EDGE ( 'NONE', *, *, #6417, .F. ) ;
#5379 = DIRECTION ( 'NONE',  ( 0.0000000000000000000, 0.0000000000000000000, -1.000000000000000000 ) ) ;
#5380 = DIRECTION ( 'NONE',  ( -0.0000000000000000000, -0.0000000000000000000, -1.000000000000000000 ) ) ;
#5381 = ORIENTED_EDGE ( 'NONE', *, *, #2794, .F. ) ;
#5382 = ADVANCED_FACE ( 'NONE', ( #3066 ), #7496, .F. ) ;
#5383 = FACE_OUTER_BOUND ( 'NONE', #3921, .T. ) ;
#5384 = ORIENTED_EDGE ( 'NONE', *, *, #454, .T. ) ;
#5385 = AXIS2_PLACEMENT_3D ( 'NONE', #4324, #3796, #1330 ) ;
#5386 = ORIENTED_EDGE ( 'NONE', *, *, #1629, .F. ) ;
#5387 = EDGE_CURVE ( 'NONE', #875, #4254, #2478, .T. ) ;
#5388 = CARTESIAN_POINT ( 'NONE',  ( 90.00000000000004300, -65.00000000000000000, 10.00000000000000000 ) ) ;
#5389 = PLANE ( 'NONE',  #4065 ) ;
#5390 = DIRECTION ( 'NONE',  ( 1.000000000000000000, 0.0000000000000000000, 0.0000000000000000000 ) ) ;
#5391 = LINE ( 'NONE', #1060, #3789 ) ;
#5392 = DIRECTION ( 'NONE',  ( 1.000000000000000000, 0.0000000000000000000, 0.0000000000000000000 ) ) ;
#5393 = ORIENTED_EDGE ( 'NONE', *, *, #277, .F. ) ;
#5394 = PLANE ( 'NONE',  #7446 ) ;
#5395 = CYLINDRICAL_SURFACE ( 'NONE', #1148, 2.100000000000004500 ) ;
#5396 = CARTESIAN_POINT ( 'NONE',  ( 0.0000000000000000000, 0.0000000000000000000, 0.5000000000000004400 ) ) ;
#5397 = UNCERTAINTY_MEASURE_WITH_UNIT (LENGTH_MEASURE( 1.000000000000000100E-005 ), #6160, 'distance_accuracy_value', 'NONE');
#5398 = SURFACE_STYLE_USAGE ( .BOTH. , #7868 ) ;
#5399 = PRODUCT_DEFINITION_FORMATION_WITH_SPECIFIED_SOURCE ( '任何', '', #507, .NOT_KNOWN. ) ;
#5400 = EDGE_CURVE ( 'NONE', #1584, #4505, #1230, .T. ) ;
#5401 = CYLINDRICAL_SURFACE ( 'NONE', #2427, 2.099999999999997900 ) ;
#5402 = FACE_OUTER_BOUND ( 'NONE', #1770, .T. ) ;
#5403 = VERTEX_POINT ( 'NONE', #160 ) ;
#5404 = CARTESIAN_POINT ( 'NONE',  ( 13.00000000000000200, 0.0000000000000000000, 10.00000000000000000 ) ) ;
#5405 = CARTESIAN_POINT ( 'NONE',  ( -10.00000000000000200, -6.999999999999999100, 10.00000000000000000 ) ) ;
#5406 = ORIENTED_EDGE ( 'NONE', *, *, #1571, .T. ) ;
#5407 = CARTESIAN_POINT ( 'NONE',  ( -69.99999999999998600, 75.00000000000000000, 5.000000000000000000 ) ) ;
#5408 = CARTESIAN_POINT ( 'NONE',  ( -14.99999999999999600, 2.500000000000000900, 10.00000000000000000 ) ) ;
#5409 = DIRECTION ( 'NONE',  ( -1.000000000000000000, 0.0000000000000000000, 0.0000000000000000000 ) ) ;
#5410 = FACE_OUTER_BOUND ( 'NONE', #4431, .T. ) ;
#5411 = LINE ( 'NONE', #6270, #7383 ) ;
#5412 = EDGE_LOOP ( 'NONE', ( #5987, #2534 ) ) ;
#5413 = DIRECTION ( 'NONE',  ( -1.000000000000000000, -9.251858538542979000E-017, 0.0000000000000000000 ) ) ;
#5414 = ORIENTED_EDGE ( 'NONE', *, *, #6528, .F. ) ;
#5415 = EDGE_CURVE ( 'NONE', #4536, #5737, #5901, .T. ) ;
#5416 = CARTESIAN_POINT ( 'NONE',  ( -55.90000000000000600, 55.00000000000000000, 6.000000000000000000 ) ) ;
#5417 = AXIS2_PLACEMENT_3D ( 'NONE', #522, #1666, #4804 ) ;
#5418 = CONTEXT_DEPENDENT_SHAPE_REPRESENTATION ( #248, #6862 ) ;
#5419 = DIRECTION ( 'NONE',  ( -1.000000000000000000, 0.0000000000000000000, 0.0000000000000000000 ) ) ;
#5420 = FACE_BOUND ( 'NONE', #815, .T. ) ;
#5421 = DIRECTION ( 'NONE',  ( -1.000000000000000000, 0.0000000000000000000, 0.0000000000000000000 ) ) ;
#5422 = CIRCLE ( 'NONE', #4579, 2.099999999999997900 ) ;
#5423 = ORIENTED_EDGE ( 'NONE', *, *, #4660, .F. ) ;
#5424 = CARTESIAN_POINT ( 'NONE',  ( -14.99999999999999600, 10.00000000000000000, 10.00000000000000000 ) ) ;
#5425 = VECTOR ( 'NONE', #3437, 1000.000000000000000 ) ;
#5426 = EDGE_CURVE ( 'NONE', #6584, #6450, #1425, .T. ) ;
#5427 = AXIS2_PLACEMENT_3D ( 'NONE', #4430, #841, #5091 ) ;
#5428 = CYLINDRICAL_SURFACE ( 'NONE', #6400, 2.099999999999997900 ) ;
#5429 = CYLINDRICAL_SURFACE ( 'NONE', #5580, 1.650000000000005700 ) ;
#5430 = ADVANCED_FACE ( 'NONE', ( #1897 ), #3258, .T. ) ;
#5431 = VERTEX_POINT ( 'NONE', #187 ) ;
#5432 = CARTESIAN_POINT ( 'NONE',  ( 50.00000000000000000, -0.5000000000000002200, 6.000000000000000000 ) ) ;
#5433 = DIRECTION ( 'NONE',  ( 1.000000000000000000, 0.0000000000000000000, 0.0000000000000000000 ) ) ;
#5434 = CARTESIAN_POINT ( 'NONE',  ( -58.00000000000000000, -10.00000000000000000, 0.0000000000000000000 ) ) ;
#5435 = FACE_BOUND ( 'NONE', #956, .T. ) ;
#5436 = ORIENTED_EDGE ( 'NONE', *, *, #7292, .T. ) ;
#5437 = LINE ( 'NONE', #7472, #7679 ) ;
#5438 = AXIS2_PLACEMENT_3D ( 'NONE', #1737, #6557, #2242 ) ;
#5439 = ORIENTED_EDGE ( 'NONE', *, *, #4627, .T. ) ;
#5440 = EDGE_CURVE ( 'NONE', #1490, #3264, #2381, .T. ) ;
#5441 = DIRECTION ( 'NONE',  ( 0.0000000000000000000, 0.0000000000000000000, -1.000000000000000000 ) ) ;
#5442 = CARTESIAN_POINT ( 'NONE',  ( -70.00000000000000000, 3.000000000000000900, 0.0000000000000000000 ) ) ;
#5443 = VERTEX_POINT ( 'NONE', #3336 ) ;
#5444 = DIRECTION ( 'NONE',  ( 0.0000000000000000000, 0.0000000000000000000, 1.000000000000000000 ) ) ;
#5445 = VERTEX_POINT ( 'NONE', #3939 ) ;
#5446 = AXIS2_PLACEMENT_3D ( 'NONE', #2621, #2023, #5663 ) ;
#5447 = DIRECTION ( 'NONE',  ( 0.0000000000000000000, 0.0000000000000000000, -1.000000000000000000 ) ) ;
#5448 = EDGE_CURVE ( 'NONE', #2703, #698, #761, .T. ) ;
#5449 = DIRECTION ( 'NONE',  ( 1.000000000000000000, 0.0000000000000000000, 0.0000000000000000000 ) ) ;
#5450 = ORIENTED_EDGE ( 'NONE', *, *, #3907, .T. ) ;
#5451 = EDGE_LOOP ( 'NONE', ( #1313, #3794, #4463, #7859 ) ) ;
#5452 = DIRECTION ( 'NONE',  ( 0.0000000000000000000, 0.0000000000000000000, 1.000000000000000000 ) ) ;
#5453 = ORIENTED_EDGE ( 'NONE', *, *, #6967, .F. ) ;
#5454 = CARTESIAN_POINT ( 'NONE',  ( 45.00000000000000000, -5.000000000000000000, 0.0000000000000000000 ) ) ;
#5455 = DIRECTION ( 'NONE',  ( -1.000000000000000000, 0.0000000000000000000, 0.0000000000000000000 ) ) ;
#5456 = EDGE_CURVE ( 'NONE', #901, #6758, #6080, .T. ) ;
#5457 = AXIS2_PLACEMENT_3D ( 'NONE', #5112, #6385, #262 ) ;
#5458 = LINE ( 'NONE', #5527, #489 ) ;
#5459 = DIRECTION ( 'NONE',  ( 1.000000000000000000, 0.0000000000000000000, 0.0000000000000000000 ) ) ;
#5460 = ORIENTED_EDGE ( 'NONE', *, *, #1192, .F. ) ;
#5461 = ORIENTED_EDGE ( 'NONE', *, *, #7155, .T. ) ;
#5462 = PLANE ( 'NONE',  #2044 ) ;
#5463 = ADVANCED_FACE ( 'NONE', ( #4197 ), #7670, .F. ) ;
#5464 = DIRECTION ( 'NONE',  ( 1.000000000000000000, 0.0000000000000000000, 0.0000000000000000000 ) ) ;
#5465 = CIRCLE ( 'NONE', #5276, 9.999999999999998200 ) ;
#5466 = DIRECTION ( 'NONE',  ( -1.000000000000000000, 0.0000000000000000000, 0.0000000000000000000 ) ) ;
#5467 = EDGE_CURVE ( 'NONE', #5797, #294, #5610, .T. ) ;
#5468 = AXIS2_PLACEMENT_3D ( 'NONE', #7780, #4208, #4178 ) ;
#5469 = VERTEX_POINT ( 'NONE', #4507 ) ;
#5470 = ORIENTED_EDGE ( 'NONE', *, *, #6663, .T. ) ;
#5471 = DIRECTION ( 'NONE',  ( -1.577021341797097800E-016, 1.000000000000000000, -0.0000000000000000000 ) ) ;
#5472 = CARTESIAN_POINT ( 'NONE',  ( -13.00000000000000200, 0.0000000000000000000, 20.00000000000000000 ) ) ;
#5473 = EDGE_LOOP ( 'NONE', ( #1051, #1537, #4343, #3333 ) ) ;
#5474 = CARTESIAN_POINT ( 'NONE',  ( 5.000000000000001800, 54.99999999999999300, 0.0000000000000000000 ) ) ;
#5475 = ORIENTED_EDGE ( 'NONE', *, *, #966, .F. ) ;
#5476 = DIRECTION ( 'NONE',  ( -0.0000000000000000000, -0.0000000000000000000, -1.000000000000000000 ) ) ;
#5477 = EDGE_CURVE ( 'NONE', #7609, #1481, #3163, .T. ) ;
#5478 = AXIS2_PLACEMENT_3D ( 'NONE', #3682, #8, #4895 ) ;
#5479 = DIRECTION ( 'NONE',  ( -0.0000000000000000000, -0.0000000000000000000, 1.000000000000000000 ) ) ;
#5480 = DIRECTION ( 'NONE',  ( 1.000000000000000000, 0.0000000000000000000, 0.0000000000000000000 ) ) ;
#5481 = CARTESIAN_POINT ( 'NONE',  ( -53.00000000000000700, -10.00000000000000000, 6.000000000000000000 ) ) ;
#5482 = ADVANCED_FACE ( 'NONE', ( #2860, #4381 ), #1476, .F. ) ;
#5483 = ORIENTED_EDGE ( 'NONE', *, *, #3023, .F. ) ;
#5484 = VERTEX_POINT ( 'NONE', #3356 ) ;
#5485 = AXIS2_PLACEMENT_3D ( 'NONE', #2413, #6874, #1426 ) ;
#5486 = CYLINDRICAL_SURFACE ( 'NONE', #1016, 3.999999999999996400 ) ;
#5487 = ORIENTED_EDGE ( 'NONE', *, *, #1341, .F. ) ;
#5488 = DIRECTION ( 'NONE',  ( -1.000000000000000000, 0.0000000000000000000, 0.0000000000000000000 ) ) ;
#5489 = EDGE_CURVE ( 'NONE', #4362, #6183, #1021, .T. ) ;
#5490 = CARTESIAN_POINT ( 'NONE',  ( -8.000000000000000000, 0.0000000000000000000, 10.00000000000000000 ) ) ;
#5491 = DIRECTION ( 'NONE',  ( 1.000000000000000000, 0.0000000000000000000, 0.0000000000000000000 ) ) ;
#5492 = LINE ( 'NONE', #5825, #3615 ) ;
#5493 = DIRECTION ( 'NONE',  ( 1.000000000000000000, 0.0000000000000000000, 0.0000000000000000000 ) ) ;
#5494 = VECTOR ( 'NONE', #6780, 1000.000000000000000 ) ;
#5495 = CIRCLE ( 'NONE', #97, 2.099999999999997900 ) ;
#5496 = ORIENTED_EDGE ( 'NONE', *, *, #3536, .F. ) ;
#5497 = EDGE_LOOP ( 'NONE', ( #183, #1816, #3529, #3140 ) ) ;
#5498 = ADVANCED_FACE ( 'NONE', ( #2674 ), #5731, .F. ) ;
#5499 =( GEOMETRIC_REPRESENTATION_CONTEXT ( 3 ) GLOBAL_UNCERTAINTY_ASSIGNED_CONTEXT ( ( #568 ) ) GLOBAL_UNIT_ASSIGNED_CONTEXT ( ( #6133, #3730, #5607 ) ) REPRESENTATION_CONTEXT ( 'NONE', 'WORKASPACE' ) );
#5500 = EDGE_CURVE ( 'NONE', #7645, #5110, #7199, .T. ) ;
#5501 = FACE_OUTER_BOUND ( 'NONE', #2536, .T. ) ;
#5502 = CARTESIAN_POINT ( 'NONE',  ( -79.00000000000000000, -10.00000000000000000, 6.000000000000000000 ) ) ;
#5503 = CYLINDRICAL_SURFACE ( 'NONE', #5649, 4.000000000000000000 ) ;
#5504 = ORIENTED_EDGE ( 'NONE', *, *, #6364, .F. ) ;
#5505 = CARTESIAN_POINT ( 'NONE',  ( 4.999999999999986700, -45.00000000000000000, 5.000000000000000000 ) ) ;
#5506 = LINE ( 'NONE', #2574, #4286 ) ;
#5507 = DIRECTION ( 'NONE',  ( 1.000000000000000000, 0.0000000000000000000, 2.326699550219919100E-016 ) ) ;
#5508 = LINE ( 'NONE', #6926, #2470 ) ;
#5509 = ORIENTED_EDGE ( 'NONE', *, *, #6944, .T. ) ;
#5510 = EDGE_CURVE ( 'NONE', #5621, #4709, #4094, .T. ) ;
#5511 = CARTESIAN_POINT ( 'NONE',  ( 80.00000000000000000, 40.00000000000000000, 0.0000000000000000000 ) ) ;
#5512 = AXIS2_PLACEMENT_3D ( 'NONE', #1105, #2290, #1077 ) ;
#5513 = ORIENTED_EDGE ( 'NONE', *, *, #2537, .T. ) ;
#5514 = DIRECTION ( 'NONE',  ( 0.0000000000000000000, 1.000000000000000000, 0.0000000000000000000 ) ) ;
#5515 = FACE_OUTER_BOUND ( 'NONE', #2707, .T. ) ;
#5516 = ORIENTED_EDGE ( 'NONE', *, *, #5920, .T. ) ;
#5517 = CARTESIAN_POINT ( 'NONE',  ( -1.650000000000000100, 13.00000000000000200, 20.00000000000000000 ) ) ;
#5518 = DIRECTION ( 'NONE',  ( 0.0000000000000000000, 0.0000000000000000000, 1.000000000000000000 ) ) ;
#5519 = ORIENTED_EDGE ( 'NONE', *, *, #6461, .F. ) ;
#5520 = DIRECTION ( 'NONE',  ( -1.000000000000000000, 0.0000000000000000000, -0.0000000000000000000 ) ) ;
#5521 = EDGE_CURVE ( 'NONE', #2826, #119, #948, .T. ) ;
#5522 = VERTEX_POINT ( 'NONE', #2797 ) ;
#5523 =( NAMED_UNIT ( * ) SI_UNIT ( $, .STERADIAN. ) SOLID_ANGLE_UNIT ( ) );
#5524 = CYLINDRICAL_SURFACE ( 'NONE', #3064, 8.000000000000000000 ) ;
#5525 = EDGE_LOOP ( 'NONE', ( #4703, #7683, #4745, #4711 ) ) ;
#5526 = ORIENTED_EDGE ( 'NONE', *, *, #1852, .F. ) ;
#5527 = CARTESIAN_POINT ( 'NONE',  ( -79.99999999999998600, -55.00000000000000000, 5.000000000000000000 ) ) ;
#5528 = CARTESIAN_POINT ( 'NONE',  ( -67.65000000000000600, -23.00000000000000000, 10.00000000000000000 ) ) ;
#5529 = EDGE_LOOP ( 'NONE', ( #5836, #1971 ) ) ;
#5530 = ORIENTED_EDGE ( 'NONE', *, *, #1331, .F. ) ;
#5531 = AXIS2_PLACEMENT_3D ( 'NONE', #7327, #5009, #45 ) ;
#5532 = EDGE_CURVE ( 'NONE', #7580, #7730, #311, .T. ) ;
#5533 = AXIS2_PLACEMENT_3D ( 'NONE', #3278, #204, #7632 ) ;
#5534 = CARTESIAN_POINT ( 'NONE',  ( 54.00000000000000700, -55.00000000000000000, 6.000000000000000000 ) ) ;
#5535 = ORIENTED_EDGE ( 'NONE', *, *, #740, .F. ) ;
#5536 = DIRECTION ( 'NONE',  ( 1.000000000000000000, 0.0000000000000000000, 0.0000000000000000000 ) ) ;
#5537 = CARTESIAN_POINT ( 'NONE',  ( -58.00000000000000000, 55.00000000000000000, 10.00000000000000000 ) ) ;
#5538 = ADVANCED_FACE ( 'NONE', ( #1327 ), #1806, .F. ) ;
#5539 = CARTESIAN_POINT ( 'NONE',  ( 80.00000000000000000, 50.00000000000000000, 0.0000000000000000000 ) ) ;
#5540 = DIRECTION ( 'NONE',  ( 0.0000000000000000000, 0.0000000000000000000, 1.000000000000000000 ) ) ;
#5541 = ORIENTED_EDGE ( 'NONE', *, *, #6424, .T. ) ;
#5542 = VERTEX_POINT ( 'NONE', #2869 ) ;
#5543 = AXIS2_PLACEMENT_3D ( 'NONE', #229, #5639, #5105 ) ;
#5544 = DIRECTION ( 'NONE',  ( 1.000000000000000000, 0.0000000000000000000, 0.0000000000000000000 ) ) ;
#5545 = CARTESIAN_POINT ( 'NONE',  ( -32.00000000000000700, 55.00000000000000000, 6.000000000000000000 ) ) ;
#5546 = CYLINDRICAL_SURFACE ( 'NONE', #1716, 3.999999999999996400 ) ;
#5547 = EDGE_CURVE ( 'NONE', #1727, #828, #7582, .T. ) ;
#5548 = DIRECTION ( 'NONE',  ( 1.000000000000000000, 0.0000000000000000000, 0.0000000000000000000 ) ) ;
#5549 = LINE ( 'NONE', #784, #2408 ) ;
#5550 = VERTEX_POINT ( 'NONE', #5889 ) ;
#5551 = VERTEX_POINT ( 'NONE', #4037 ) ;
#5552 = DIRECTION ( 'NONE',  ( 0.0000000000000000000, 0.0000000000000000000, 1.000000000000000000 ) ) ;
#5553 = FACE_OUTER_BOUND ( 'NONE', #3802, .T. ) ;
#5554 = CARTESIAN_POINT ( 'NONE',  ( 0.0000000000000000000, 0.0000000000000000000, 18.00000000000000000 ) ) ;
#5555 = ORIENTED_EDGE ( 'NONE', *, *, #3160, .T. ) ;
#5556 = ORIENTED_EDGE ( 'NONE', *, *, #6275, .T. ) ;
#5557 = EDGE_CURVE ( 'NONE', #6325, #6592, #4469, .T. ) ;
#5558 = AXIS2_PLACEMENT_3D ( 'NONE', #5560, #1943, #2602 ) ;
#5559 = DIRECTION ( 'NONE',  ( 0.0000000000000000000, 0.0000000000000000000, 1.000000000000000000 ) ) ;
#5560 = CARTESIAN_POINT ( 'NONE',  ( 70.00000000000000000, -14.49999999999999800, 6.000000000000000000 ) ) ;
#5561 = ORIENTED_EDGE ( 'NONE', *, *, #4225, .T. ) ;
#5562 = LINE ( 'NONE', #2198, #2144 ) ;
#5563 = VERTEX_POINT ( 'NONE', #6561 ) ;
#5564 = DIRECTION ( 'NONE',  ( -0.0000000000000000000, -0.0000000000000000000, -1.000000000000000000 ) ) ;
#5565 = VERTEX_POINT ( 'NONE', #5324 ) ;
#5566 = CARTESIAN_POINT ( 'NONE',  ( -17.37044324410520300, -2.127265771866420400E-015, 26.78495389014887400 ) ) ;
#5567 = EDGE_CURVE ( 'NONE', #4695, #2757, #7092, .T. ) ;
#5568 = AXIS2_PLACEMENT_3D ( 'NONE', #5599, #3287, #4407 ) ;
#5569 = CARTESIAN_POINT ( 'NONE',  ( 54.00000000000000700, -55.00000000000000000, -0.0000000000000000000 ) ) ;
#5570 = ORIENTED_EDGE ( 'NONE', *, *, #1159, .T. ) ;
#5571 = FACE_OUTER_BOUND ( 'NONE', #1305, .T. ) ;
#5572 = CARTESIAN_POINT ( 'NONE',  ( -9.999999999999998200, 7.000000000000000900, 16.00000000000000000 ) ) ;
#5573 = ORIENTED_EDGE ( 'NONE', *, *, #5567, .F. ) ;
#5574 = DIRECTION ( 'NONE',  ( -1.000000000000000000, 0.0000000000000000000, -0.0000000000000000000 ) ) ;
#5575 = ORIENTED_EDGE ( 'NONE', *, *, #7357, .T. ) ;
#5576 = CARTESIAN_POINT ( 'NONE',  ( 32.00000000000000700, -55.00000000000000000, 6.000000000000000000 ) ) ;
#5577 = ADVANCED_FACE ( 'NONE', ( #5893 ), #3533, .T. ) ;
#5578 = CIRCLE ( 'NONE', #331, 1.650000000000000400 ) ;
#5579 = ORIENTED_EDGE ( 'NONE', *, *, #4064, .F. ) ;
#5580 = AXIS2_PLACEMENT_3D ( 'NONE', #3065, #6648, #7271 ) ;
#5581 = CARTESIAN_POINT ( 'NONE',  ( -8.000000000000010700, 16.00000000000001100, 17.99999999999998900 ) ) ;
#5582 = EDGE_CURVE ( 'NONE', #4688, #5565, #170, .T. ) ;
#5583 = LINE ( 'NONE', #5250, #3792 ) ;
#5584 = AXIS2_PLACEMENT_3D ( 'NONE', #7861, #4261, #6078 ) ;
#5585 = CARTESIAN_POINT ( 'NONE',  ( 5.000000000000004400, 60.00000000000000000, 5.000000000000000000 ) ) ;
#5586 = VECTOR ( 'NONE', #2235, 1000.000000000000000 ) ;
#5587 = FACE_OUTER_BOUND ( 'NONE', #39, .T. ) ;
#5588 = PRODUCT_DEFINITION_CONTEXT ( 'detailed design', #5076, 'design' ) ;
#5589 = VERTEX_POINT ( 'NONE', #1627 ) ;
#5590 = CARTESIAN_POINT ( 'NONE',  ( -10.00000000000000200, -6.999999999999999100, 16.00000000000000000 ) ) ;
#5591 = PLANE ( 'NONE',  #2164 ) ;
#5592 = AXIS2_PLACEMENT_3D ( 'NONE', #3060, #3256, #3691 ) ;
#5593 = PLANE ( 'NONE',  #5938 ) ;
#5594 = CARTESIAN_POINT ( 'NONE',  ( 0.0000000000000000000, 0.0000000000000000000, 57.99999999999997900 ) ) ;
#5595 = VECTOR ( 'NONE', #7642, 1000.000000000000000 ) ;
#5596 = VERTEX_POINT ( 'NONE', #5913 ) ;
#5597 = DIRECTION ( 'NONE',  ( -0.0000000000000000000, -0.0000000000000000000, 1.000000000000000000 ) ) ;
#5598 = ORIENTED_EDGE ( 'NONE', *, *, #7280, .T. ) ;
#5599 = CARTESIAN_POINT ( 'NONE',  ( 45.00000000000000700, -42.00000000000000000, 6.000000000000000000 ) ) ;
#5600 = ADVANCED_FACE ( 'NONE', ( #7487 ), #7864, .F. ) ;
#5602 = CARTESIAN_POINT ( 'NONE',  ( 17.00000000000000000, 2.081899558550500300E-015, 18.00000000000000400 ) ) ;
#5601 = CONTEXT_DEPENDENT_SHAPE_REPRESENTATION ( #6875, #753 ) ;
#5603 = CARTESIAN_POINT ( 'NONE',  ( -90.00000000000002800, -40.00000000000006400, 5.000000000000000000 ) ) ;
#5604 = VECTOR ( 'NONE', #5853, 1000.000000000000000 ) ;
#5605 = LINE ( 'NONE', #5308, #5697 ) ;
#5606 = ORIENTED_EDGE ( 'NONE', *, *, #5202, .F. ) ;
#5607 =( NAMED_UNIT ( * ) SI_UNIT ( $, .STERADIAN. ) SOLID_ANGLE_UNIT ( ) );
#5608 = EDGE_CURVE ( 'NONE', #5951, #222, #5506, .T. ) ;
#5609 =( NAMED_UNIT ( * ) SI_UNIT ( $, .STERADIAN. ) SOLID_ANGLE_UNIT ( ) );
#5610 = CIRCLE ( 'NONE', #4859, 1.650000000000005700 ) ;
#5611 = CARTESIAN_POINT ( 'NONE',  ( -74.00000000000000000, -9.999999999999998200, 0.0000000000000000000 ) ) ;
#5612 = VECTOR ( 'NONE', #2951, 1000.000000000000000 ) ;
#5613 = ORIENTED_EDGE ( 'NONE', *, *, #2783, .T. ) ;
#5614 = DIRECTION ( 'NONE',  ( 0.0000000000000000000, -1.000000000000000000, 0.0000000000000000000 ) ) ;
#5615 = VERTEX_POINT ( 'NONE', #1114 ) ;
#5616 = EDGE_CURVE ( 'NONE', #2807, #1954, #2191, .T. ) ;
#5617 = DIRECTION ( 'NONE',  ( -1.000000000000000000, 0.0000000000000000000, -0.0000000000000000000 ) ) ;
#5618 = ADVANCED_FACE ( 'NONE', ( #2776 ), #1923, .F. ) ;
#5619 = AXIS2_PLACEMENT_3D ( 'NONE', #2562, #6796, #2594 ) ;
#5620 = FACE_BOUND ( 'NONE', #2057, .T. ) ;
#5621 = VERTEX_POINT ( 'NONE', #2541 ) ;
#5622 = DIRECTION ( 'NONE',  ( -0.0000000000000000000, -0.0000000000000000000, 1.000000000000000000 ) ) ;
#5623 = DIRECTION ( 'NONE',  ( -0.0000000000000000000, -0.0000000000000000000, -1.000000000000000000 ) ) ;
#5624 = LINE ( 'NONE', #3791, #3831 ) ;
#5625 = ORIENTED_EDGE ( 'NONE', *, *, #428, .F. ) ;
#5626 = DIRECTION ( 'NONE',  ( -0.0000000000000000000, -0.0000000000000000000, -1.000000000000000000 ) ) ;
#5627 = DIRECTION ( 'NONE',  ( -0.0000000000000000000, -0.0000000000000000000, -1.000000000000000000 ) ) ;
#5628 = ORIENTED_EDGE ( 'NONE', *, *, #3599, .T. ) ;
#5629 = CARTESIAN_POINT ( 'NONE',  ( 11.65000000000000000, -6.999999999999999100, 16.00000000000000000 ) ) ;
#5630 = DIRECTION ( 'NONE',  ( 0.0000000000000000000, 0.0000000000000000000, 1.000000000000000000 ) ) ;
#5631 = ORIENTED_EDGE ( 'NONE', *, *, #6377, .T. ) ;
#5632 = EDGE_CURVE ( 'NONE', #4241, #7324, #4845, .T. ) ;
#5633 = AXIS2_PLACEMENT_3D ( 'NONE', #2236, #6534, #4655 ) ;
#5634 =( NAMED_UNIT ( * ) SI_UNIT ( $, .STERADIAN. ) SOLID_ANGLE_UNIT ( ) );
#5635 = SURFACE_STYLE_USAGE ( .BOTH. , #7444 ) ;
#5636 = VERTEX_POINT ( 'NONE', #2382 ) ;
#5637 = CARTESIAN_POINT ( 'NONE',  ( -14.99999999999999600, -2.499999999999999100, 10.00000000000000000 ) ) ;
#5638 = ORIENTED_EDGE ( 'NONE', *, *, #7181, .F. ) ;
#5639 = DIRECTION ( 'NONE',  ( -0.0000000000000000000, -0.0000000000000000000, -1.000000000000000000 ) ) ;
#5640 = CARTESIAN_POINT ( 'NONE',  ( 0.0000000000000000000, 0.0000000000000000000, 18.00000000000000000 ) ) ;
#5641 = AXIS2_PLACEMENT_3D ( 'NONE', #2658, #3330, #5671 ) ;
#5642 = CIRCLE ( 'NONE', #2907, 2.099999999999997900 ) ;
#5643 = VERTEX_POINT ( 'NONE', #6613 ) ;
#5644 = CARTESIAN_POINT ( 'NONE',  ( -8.350000000000001400, -6.999999999999999100, 16.00000000000000000 ) ) ;
#5645 = VECTOR ( 'NONE', #5892, 1000.000000000000000 ) ;
#5646 = DIRECTION ( 'NONE',  ( -1.165737771315651500E-016, 0.0000000000000000000, 1.000000000000000000 ) ) ;
#5647 = CARTESIAN_POINT ( 'NONE',  ( 14.99999999999999300, 10.00000000000000000, 16.00000000000000000 ) ) ;
#5648 = ORIENTED_EDGE ( 'NONE', *, *, #3936, .F. ) ;
#5649 = AXIS2_PLACEMENT_3D ( 'NONE', #5576, #2554, #163 ) ;
#5650 = ORIENTED_EDGE ( 'NONE', *, *, #4849, .F. ) ;
#5651 = CARTESIAN_POINT ( 'NONE',  ( -67.65000000000000600, -23.00000000000000000, 0.0000000000000000000 ) ) ;
#5652 = DIRECTION ( 'NONE',  ( -0.0000000000000000000, -0.0000000000000000000, -1.000000000000000000 ) ) ;
#5653 = DIRECTION ( 'NONE',  ( 1.000000000000000000, 0.0000000000000000000, 0.0000000000000000000 ) ) ;
#5654 = EDGE_CURVE ( 'NONE', #3671, #6041, #6453, .T. ) ;
#5655 = DIRECTION ( 'NONE',  ( 1.000000000000000000, 1.239088197126291600E-016, -0.0000000000000000000 ) ) ;
#5656 = ADVANCED_FACE ( 'NONE', ( #849 ), #5591, .F. ) ;
#5657 = PRODUCT_CONTEXT ( 'NONE', #2560, 'mechanical' ) ;
#5658 = CIRCLE ( 'NONE', #7797, 5.000000000000004400 ) ;
#5659 = VERTEX_POINT ( 'NONE', #538 ) ;
#5660 = ORIENTED_EDGE ( 'NONE', *, *, #6107, .T. ) ;
#5661 = DIRECTION ( 'NONE',  ( -0.0000000000000000000, 1.000000000000000000, 0.0000000000000000000 ) ) ;
#5662 = DIRECTION ( 'NONE',  ( 1.000000000000000000, 0.0000000000000000000, 0.0000000000000000000 ) ) ;
#5663 = DIRECTION ( 'NONE',  ( 1.000000000000000000, 0.0000000000000000000, 0.0000000000000000000 ) ) ;
#5664 = CARTESIAN_POINT ( 'NONE',  ( -14.99999999999999600, 2.500000000000000900, 10.00000000000000000 ) ) ;
#5665 = EDGE_CURVE ( 'NONE', #206, #4035, #6278, .T. ) ;
#5666 = AXIS2_PLACEMENT_3D ( 'NONE', #681, #4938, #1902 ) ;
#5667 = ORIENTED_EDGE ( 'NONE', *, *, #7088, .F. ) ;
#5668 = CARTESIAN_POINT ( 'NONE',  ( 17.00000000000000000, 2.081899558550500300E-015, 18.00000000000000400 ) ) ;
#5669 = CARTESIAN_POINT ( 'NONE',  ( 45.00000000000000700, -55.00000000000000000, 0.0000000000000000000 ) ) ;
#5670 = DIRECTION ( 'NONE',  ( 0.0000000000000000000, 0.0000000000000000000, -1.000000000000000000 ) ) ;
#5671 = DIRECTION ( 'NONE',  ( 1.000000000000000000, 0.0000000000000000000, 0.0000000000000000000 ) ) ;
#5672 = CARTESIAN_POINT ( 'NONE',  ( 1.650000000000000100, 13.00000000000000200, 20.00000000000000000 ) ) ;
#5673 = CIRCLE ( 'NONE', #6638, 1.649999999999998600 ) ;
#5674 = LINE ( 'NONE', #1734, #6901 ) ;
#5675 = ORIENTED_EDGE ( 'NONE', *, *, #3381, .F. ) ;
#5676 = ORIENTED_EDGE ( 'NONE', *, *, #4437, .F. ) ;
#5677 = AXIS2_PLACEMENT_3D ( 'NONE', #7075, #376, #3482 ) ;
#5678 = CARTESIAN_POINT ( 'NONE',  ( 52.10000000000000100, -0.5000000000000002200, 0.0000000000000000000 ) ) ;
#5679 = DIRECTION ( 'NONE',  ( -1.000000000000000000, 0.0000000000000000000, 0.0000000000000000000 ) ) ;
#5680 = CARTESIAN_POINT ( 'NONE',  ( -1.650000000000000100, -13.00000000000000200, 10.00000000000000000 ) ) ;
#5681 = CARTESIAN_POINT ( 'NONE',  ( -70.00000000000000000, 3.000000000000000900, 6.000000000000000000 ) ) ;
#5682 = PRESENTATION_STYLE_ASSIGNMENT (( #5398 ) ) ;
#5683 = VECTOR ( 'NONE', #6188, 1000.000000000000000 ) ;
#5684 = ORIENTED_EDGE ( 'NONE', *, *, #7366, .F. ) ;
#5685 = APPLICATION_PROTOCOL_DEFINITION ( 'draft international standard', 'automotive_design', 1998, #2643 ) ;
#5686 = AXIS2_PLACEMENT_3D ( 'NONE', #6046, #7189, #2459 ) ;
#5687 = VECTOR ( 'NONE', #5366, 1000.000000000000000 ) ;
#5688 = DIRECTION ( 'NONE',  ( 0.0000000000000000000, 0.0000000000000000000, 1.000000000000000000 ) ) ;
#5689 = EDGE_CURVE ( 'NONE', #2831, #4142, #3059, .T. ) ;
#5690 = LINE ( 'NONE', #6860, #5965 ) ;
#5691 = CIRCLE ( 'NONE', #7320, 8.000000000000000000 ) ;
#5692 = ORIENTED_EDGE ( 'NONE', *, *, #5823, .F. ) ;
#5693 = CARTESIAN_POINT ( 'NONE',  ( -10.99999999999999600, 0.9999999999999967800, 31.00000000000000000 ) ) ;
#5694 = ORIENTED_EDGE ( 'NONE', *, *, #5258, .T. ) ;
#5695 = CARTESIAN_POINT ( 'NONE',  ( -53.00000000000000700, 55.00000000000000000, 0.0000000000000000000 ) ) ;
#5696 = LINE ( 'NONE', #3186, #5883 ) ;
#5697 = VECTOR ( 'NONE', #7115, 1000.000000000000000 ) ;
#5698 = ORIENTED_EDGE ( 'NONE', *, *, #2264, .T. ) ;
#5699 = CARTESIAN_POINT ( 'NONE',  ( 0.0000000000000000000, 0.0000000000000000000, 50.00000000000000000 ) ) ;
#5700 = ADVANCED_FACE ( 'NONE', ( #7295, #5704 ), #1308, .T. ) ;
#5701 = CARTESIAN_POINT ( 'NONE',  ( 50.00000000000000000, -0.5000000000000002200, 10.00000000000000000 ) ) ;
#5702 = DIRECTION ( 'NONE',  ( -0.0000000000000000000, -0.0000000000000000000, -1.000000000000000000 ) ) ;
#5703 = EDGE_CURVE ( 'NONE', #4680, #7637, #7769, .T. ) ;
#5704 = FACE_BOUND ( 'NONE', #4412, .T. ) ;
#5705 = CARTESIAN_POINT ( 'NONE',  ( -28.00000000000001100, 55.00000000000000000, 6.000000000000000000 ) ) ;
#5706 = CYLINDRICAL_SURFACE ( 'NONE', #5543, 1.650000000000000400 ) ;
#5707 = ORIENTED_EDGE ( 'NONE', *, *, #5225, .T. ) ;
#5708 = DIRECTION ( 'NONE',  ( -0.0000000000000000000, -0.0000000000000000000, -1.000000000000000000 ) ) ;
#5709 = EDGE_LOOP ( 'NONE', ( #1771, #6668, #3227, #7338 ) ) ;
#5710 = CARTESIAN_POINT ( 'NONE',  ( 0.0000000000000000000, 0.0000000000000000000, 57.99999999999999300 ) ) ;
#5711 = VERTEX_POINT ( 'NONE', #2354 ) ;
#5712 = EDGE_CURVE ( 'NONE', #786, #6990, #4006, .T. ) ;
#5713 = AXIS2_PLACEMENT_3D ( 'NONE', #756, #5039, #5008 ) ;
#5714 = LINE ( 'NONE', #2207, #1033 ) ;
#5715 = VERTEX_POINT ( 'NONE', #4229 ) ;
#5716 = ORIENTED_EDGE ( 'NONE', *, *, #2102, .T. ) ;
#5717 = FACE_OUTER_BOUND ( 'NONE', #3690, .T. ) ;
#5718 = ORIENTED_EDGE ( 'NONE', *, *, #6479, .T. ) ;
#5719 = EDGE_LOOP ( 'NONE', ( #4876, #3595 ) ) ;
#5720 = PRODUCT_DEFINITION_SHAPE ( 'NONE', 'NONE',  #7660 ) ;
#5721 = EDGE_CURVE ( 'NONE', #3992, #4621, #6184, .T. ) ;
#5722 = CARTESIAN_POINT ( 'NONE',  ( 8.349999999999999600, -6.999999999999999100, 16.00000000000000000 ) ) ;
#5723 = AXIS2_PLACEMENT_3D ( 'NONE', #3119, #109, #7333 ) ;
#5724 = CARTESIAN_POINT ( 'NONE',  ( -54.65000000000001300, -10.00000000000000000, 10.00000000000000000 ) ) ;
#5725 = CARTESIAN_POINT ( 'NONE',  ( -17.00000000000000000, 0.0000000000000000000, 18.00000000000000400 ) ) ;
#5726 = CARTESIAN_POINT ( 'NONE',  ( -62.00000000000000000, 3.000000000000001300, 0.0000000000000000000 ) ) ;
#5727 = CIRCLE ( 'NONE', #3874, 1.650000000000000100 ) ;
#5728 = DIRECTION ( 'NONE',  ( 0.0000000000000000000, 0.0000000000000000000, -1.000000000000000000 ) ) ;
#5729 = ORIENTED_EDGE ( 'NONE', *, *, #3233, .T. ) ;
#5730 = ORIENTED_EDGE ( 'NONE', *, *, #869, .F. ) ;
#5731 = PLANE ( 'NONE',  #2415 ) ;
#5732 = DIRECTION ( 'NONE',  ( 1.000000000000000000, 0.0000000000000000000, 0.0000000000000000000 ) ) ;
#5733 = DIRECTION ( 'NONE',  ( 1.000000000000000000, 0.0000000000000000000, 0.0000000000000000000 ) ) ;
#5734 = DIRECTION ( 'NONE',  ( 0.0000000000000000000, 0.0000000000000000000, 1.000000000000000000 ) ) ;
#5735 = AXIS2_PLACEMENT_3D ( 'NONE', #6208, #1311, #2489 ) ;
#5736 = EDGE_CURVE ( 'NONE', #3395, #4362, #4563, .T. ) ;
#5737 = VERTEX_POINT ( 'NONE', #6261 ) ;
#5738 = EDGE_LOOP ( 'NONE', ( #6210, #1487 ) ) ;
#5739 = ADVANCED_FACE ( 'NONE', ( #1416 ), #1127, .F. ) ;
#5740 =( REPRESENTATION_RELATIONSHIP ('NONE','NONE', #2360, #4902 ) REPRESENTATION_RELATIONSHIP_WITH_TRANSFORMATION ( #4751 )SHAPE_REPRESENTATION_RELATIONSHIP( ) );
#5741 = FACE_BOUND ( 'NONE', #6337, .T. ) ;
#5742 = ORIENTED_EDGE ( 'NONE', *, *, #7311, .F. ) ;
#5743 = ORIENTED_EDGE ( 'NONE', *, *, #5939, .T. ) ;
#5744 = AXIS2_PLACEMENT_3D ( 'NONE', #6669, #4821, #4773 ) ;
#5745 = ADVANCED_FACE ( 'NONE', ( #1223 ), #6841, .F. ) ;
#5746 = FACE_BOUND ( 'NONE', #6196, .T. ) ;
#5747 = CARTESIAN_POINT ( 'NONE',  ( -14.65000000000000200, 0.0000000000000000000, 10.00000000000000000 ) ) ;
#5748 = ORIENTED_EDGE ( 'NONE', *, *, #3501, .T. ) ;
#5749 = DIRECTION ( 'NONE',  ( 0.0000000000000000000, 0.0000000000000000000, 1.000000000000000000 ) ) ;
#5750 = ORIENTED_EDGE ( 'NONE', *, *, #4556, .F. ) ;
#5751 = DIRECTION ( 'NONE',  ( -0.0000000000000000000, -0.0000000000000000000, 1.000000000000000000 ) ) ;
#5752 = CARTESIAN_POINT ( 'NONE',  ( 100.0000000000000300, 64.99999999999991500, 0.0000000000000000000 ) ) ;
#5753 = CARTESIAN_POINT ( 'NONE',  ( -105.9400074696056200, 30.00000000000000000, 0.0000000000000000000 ) ) ;
#5754 = ORIENTED_EDGE ( 'NONE', *, *, #6922, .T. ) ;
#5755 = FACE_BOUND ( 'NONE', #3011, .T. ) ;
#5756 = ORIENTED_EDGE ( 'NONE', *, *, #5990, .F. ) ;
#5757 = CARTESIAN_POINT ( 'NONE',  ( -79.99999999999998600, -35.00000000000000000, 5.000000000000000000 ) ) ;
#5758 = ORIENTED_EDGE ( 'NONE', *, *, #3111, .F. ) ;
#5759 = EDGE_CURVE ( 'NONE', #4505, #1584, #2971, .T. ) ;
#5760 = DIRECTION ( 'NONE',  ( 0.0000000000000000000, 0.0000000000000000000, 1.000000000000000000 ) ) ;
#5761 = PLANE ( 'NONE',  #115 ) ;
#5762 = APPLICATION_CONTEXT ( 'automotive_design' ) ;
#5763 = CIRCLE ( 'NONE', #3220, 4.999999999999999100 ) ;
#5764 = ORIENTED_EDGE ( 'NONE', *, *, #1842, .T. ) ;
#5765 = ORIENTED_EDGE ( 'NONE', *, *, #4125, .T. ) ;
#5766 = CARTESIAN_POINT ( 'NONE',  ( -66.00000000000000000, 3.000000000000000900, 6.000000000000000000 ) ) ;
#5767 = ORIENTED_EDGE ( 'NONE', *, *, #534, .T. ) ;
#5768 = CARTESIAN_POINT ( 'NONE',  ( -8.000000000000000000, 0.0000000000000000000, 0.5000000000000004400 ) ) ;
#5769 = EDGE_CURVE ( 'NONE', #6585, #3264, #4652, .T. ) ;
#5770 = AXIS2_PLACEMENT_3D ( 'NONE', #3044, #1206, #24 ) ;
#5771 = FACE_OUTER_BOUND ( 'NONE', #4489, .T. ) ;
#5772 = DIRECTION ( 'NONE',  ( 1.000000000000000000, 0.0000000000000000000, 0.0000000000000000000 ) ) ;
#5773 = FACE_OUTER_BOUND ( 'NONE', #3938, .T. ) ;
#5774 = EDGE_LOOP ( 'NONE', ( #4794, #205 ) ) ;
#5775 = VECTOR ( 'NONE', #4087, 1000.000000000000000 ) ;
#5776 = ORIENTED_EDGE ( 'NONE', *, *, #4410, .T. ) ;
#5777 = ADVANCED_FACE ( 'NONE', ( #3820 ), #5230, .F. ) ;
#5778 = DIRECTION ( 'NONE',  ( -1.000000000000000000, 0.0000000000000000000, 0.0000000000000000000 ) ) ;
#5779 = DIRECTION ( 'NONE',  ( -0.0000000000000000000, -0.0000000000000000000, 1.000000000000000000 ) ) ;
#5780 = CARTESIAN_POINT ( 'NONE',  ( -69.99999999999998600, 50.00000000000002800, 5.000000000000000000 ) ) ;
#5781 = LINE ( 'NONE', #7462, #634 ) ;
#5782 = CARTESIAN_POINT ( 'NONE',  ( 46.00000000000000000, -0.5000000000000002200, 6.000000000000000000 ) ) ;
#5783 = LINE ( 'NONE', #5828, #4271 ) ;
#5784 = CIRCLE ( 'NONE', #2299, 1.650000000000000400 ) ;
#5785 = ORIENTED_EDGE ( 'NONE', *, *, #6168, .F. ) ;
#5786 = EDGE_CURVE ( 'NONE', #2240, #3099, #3906, .T. ) ;
#5787 = AXIS2_PLACEMENT_3D ( 'NONE', #7176, #1162, #4788 ) ;
#5788 = DIRECTION ( 'NONE',  ( 0.0000000000000000000, 0.0000000000000000000, -1.000000000000000000 ) ) ;
#5789 = ORIENTED_EDGE ( 'NONE', *, *, #3833, .T. ) ;
#5790 = DIRECTION ( 'NONE',  ( -0.0000000000000000000, 0.0000000000000000000, -1.000000000000000000 ) ) ;
#5791 = DIRECTION ( 'NONE',  ( 0.0000000000000000000, 0.0000000000000000000, 1.000000000000000000 ) ) ;
#5792 = CARTESIAN_POINT ( 'NONE',  ( -70.00000000000000000, -23.00000000000000000, 6.000000000000000000 ) ) ;
#5793 = ADVANCED_FACE ( 'NONE', ( #7397 ), #124, .T. ) ;
#5794 = FACE_OUTER_BOUND ( 'NONE', #3185, .T. ) ;
#5795 = FACE_OUTER_BOUND ( 'NONE', #7751, .T. ) ;
#5796 = CARTESIAN_POINT ( 'NONE',  ( -17.00000000000000000, 0.0000000000000000000, 30.00000000000000000 ) ) ;
#5797 = VERTEX_POINT ( 'NONE', #5724 ) ;
#5798 = CARTESIAN_POINT ( 'NONE',  ( 0.0000000000000000000, -13.00000000000000200, 18.00000000000000400 ) ) ;
#5799 = EDGE_CURVE ( 'NONE', #6016, #4669, #5807, .T. ) ;
#5800 = AXIS2_PLACEMENT_3D ( 'NONE', #6639, #3616, #1194 ) ;
#5801 = VECTOR ( 'NONE', #3377, 1000.000000000000000 ) ;
#5802 = CARTESIAN_POINT ( 'NONE',  ( 14.99999999999998900, 6.000000000000000000, 16.00000000000000000 ) ) ;
#5803 = VECTOR ( 'NONE', #7369, 1000.000000000000000 ) ;
#5804 = EDGE_LOOP ( 'NONE', ( #3969, #7773 ) ) ;
#5805 = ORIENTED_EDGE ( 'NONE', *, *, #1732, .T. ) ;
#5806 = CARTESIAN_POINT ( 'NONE',  ( 80.00000000000000000, 50.00000000000000000, 5.000000000000000000 ) ) ;
#5807 = CIRCLE ( 'NONE', #632, 2.099999999999997900 ) ;
#5808 = LINE ( 'NONE', #4121, #2973 ) ;
#5809 = CARTESIAN_POINT ( 'NONE',  ( -90.00000000000000000, 65.00000000000000000, 5.000000000000000000 ) ) ;
#5810 = AXIS2_PLACEMENT_3D ( 'NONE', #3973, #7577, #2728 ) ;
#5811 = CARTESIAN_POINT ( 'NONE',  ( 1.650000000000000100, -13.00000000000000200, 20.00000000000000000 ) ) ;
#5812 = DIRECTION ( 'NONE',  ( -1.000000000000000000, 0.0000000000000000000, 0.0000000000000000000 ) ) ;
#5813 = PRESENTATION_LAYER_ASSIGNMENT (  '', '', ( #4584 ) ) ;
#5814 = ORIENTED_EDGE ( 'NONE', *, *, #5263, .T. ) ;
#5815 = EDGE_CURVE ( 'NONE', #2097, #2757, #3630, .T. ) ;
#5816 = VECTOR ( 'NONE', #3403, 1000.000000000000000 ) ;
#5817 = ORIENTED_EDGE ( 'NONE', *, *, #905, .T. ) ;
#5818 = CARTESIAN_POINT ( 'NONE',  ( -75.00000000000000000, -10.00000000000000000, 6.000000000000000000 ) ) ;
#5819 = VECTOR ( 'NONE', #439, 1000.000000000000000 ) ;
#5820 = EDGE_LOOP ( 'NONE', ( #6245, #60, #1279, #3839 ) ) ;
#5821 = ADVANCED_FACE ( 'NONE', ( #7012 ), #4840, .F. ) ;
#5822 = VERTEX_POINT ( 'NONE', #1443 ) ;
#5823 = EDGE_CURVE ( 'NONE', #6421, #4393, #366, .T. ) ;
#5824 = FACE_OUTER_BOUND ( 'NONE', #3122, .T. ) ;
#5825 = CARTESIAN_POINT ( 'NONE',  ( -69.99999999999998600, 50.00000000000002800, 10.00000000000000000 ) ) ;
#5826 = ORIENTED_EDGE ( 'NONE', *, *, #1015, .T. ) ;
#5827 = CARTESIAN_POINT ( 'NONE',  ( 26.99999999999999600, 15.00000000000000000, 4.000000000000000000 ) ) ;
#5828 = CARTESIAN_POINT ( 'NONE',  ( -79.99999999999995700, -60.00000000000000700, 5.000000000000000000 ) ) ;
#5829 = ORIENTED_EDGE ( 'NONE', *, *, #2873, .T. ) ;
#5830 = ORIENTED_EDGE ( 'NONE', *, *, #819, .T. ) ;
#5831 = EDGE_CURVE ( 'NONE', #1400, #2827, #3442, .T. ) ;
#5832 = AXIS2_PLACEMENT_3D ( 'NONE', #4609, #922, #6964 ) ;
#5833 = DIRECTION ( 'NONE',  ( -0.0000000000000000000, -0.0000000000000000000, 1.000000000000000000 ) ) ;
#5834 = CARTESIAN_POINT ( 'NONE',  ( 6.000000000000000900, 0.0000000000000000000, 12.00000000000000200 ) ) ;
#5835 = CYLINDRICAL_SURFACE ( 'NONE', #5641, 14.99999999999999800 ) ;
#5836 = ORIENTED_EDGE ( 'NONE', *, *, #1395, .F. ) ;
#5837 = CARTESIAN_POINT ( 'NONE',  ( 62.00000000000000000, -55.00000000000000000, 6.000000000000000000 ) ) ;
#5838 = AXIS2_PLACEMENT_3D ( 'NONE', #919, #2768, #6982 ) ;
#5839 = VECTOR ( 'NONE', #7669, 1000.000000000000000 ) ;
#5840 = EDGE_CURVE ( 'NONE', #2048, #7047, #5036, .T. ) ;
#5841 = AXIS2_PLACEMENT_3D ( 'NONE', #7675, #2758, #953 ) ;
#5842 = ORIENTED_EDGE ( 'NONE', *, *, #2051, .F. ) ;
#5843 = ORIENTED_EDGE ( 'NONE', *, *, #4138, .T. ) ;
#5844 = DIRECTION ( 'NONE',  ( -1.000000000000000000, 0.0000000000000000000, 0.0000000000000000000 ) ) ;
#5845 = PRODUCT_DEFINITION_CONTEXT ( 'detailed design', #6945, 'design' ) ;
#5846 = DIRECTION ( 'NONE',  ( 1.000000000000000000, 0.0000000000000000000, 0.0000000000000000000 ) ) ;
#5847 = CIRCLE ( 'NONE', #1191, 1.650000000000000400 ) ;
#5848 = EDGE_LOOP ( 'NONE', ( #6612, #6674, #2937, #2292 ) ) ;
#5849 = AXIS2_PLACEMENT_3D ( 'NONE', #3795, #6775, #35 ) ;
#5850 = ORIENTED_EDGE ( 'NONE', *, *, #3612, .F. ) ;
#5851 = EDGE_CURVE ( 'NONE', #5912, #195, #3052, .T. ) ;
#5852 = ADVANCED_FACE ( 'NONE', ( #2184 ), #559, .F. ) ;
#5853 = DIRECTION ( 'NONE',  ( -0.0000000000000000000, -0.0000000000000000000, 1.000000000000000000 ) ) ;
#5854 = EDGE_LOOP ( 'NONE', ( #1096, #7449 ) ) ;
#5855 = DIRECTION ( 'NONE',  ( -0.0000000000000000000, -0.0000000000000000000, 1.000000000000000000 ) ) ;
#5856 = CIRCLE ( 'NONE', #5735, 8.000000000000000000 ) ;
#5857 = ORIENTED_EDGE ( 'NONE', *, *, #5976, .F. ) ;
#5858 = VERTEX_POINT ( 'NONE', #980 ) ;
#5859 = CARTESIAN_POINT ( 'NONE',  ( 17.00000000000000000, 2.081899558550500300E-015, 30.00000000000000000 ) ) ;
#5860 = EDGE_CURVE ( 'NONE', #401, #528, #3526, .T. ) ;
#5861 = DIRECTION ( 'NONE',  ( -0.0000000000000000000, -0.0000000000000000000, 1.000000000000000000 ) ) ;
#5862 = VECTOR ( 'NONE', #2667, 1000.000000000000000 ) ;
#5863 = AXIS2_PLACEMENT_3D ( 'NONE', #3486, #7689, #406 ) ;
#5864 = VECTOR ( 'NONE', #7706, 1000.000000000000000 ) ;
#5865 = ORIENTED_EDGE ( 'NONE', *, *, #890, .F. ) ;
#5866 = VERTEX_POINT ( 'NONE', #914 ) ;
#5867 = DIRECTION ( 'NONE',  ( -1.000000000000000000, 0.0000000000000000000, 0.0000000000000000000 ) ) ;
#5868 = CARTESIAN_POINT ( 'NONE',  ( 0.0000000000000000000, -13.00000000000000200, 10.00000000000000000 ) ) ;
#5869 = SHAPE_REPRESENTATION_RELATIONSHIP ( 'NONE' , 'NONE' ,  #6294, #2579 ) ;
#5870 = VECTOR ( 'NONE', #3782, 1000.000000000000000 ) ;
#5871 = ORIENTED_EDGE ( 'NONE', *, *, #2080, .T. ) ;
#5872 = DIRECTION ( 'NONE',  ( 1.000000000000000000, 0.0000000000000000000, 0.0000000000000000000 ) ) ;
#5873 = EDGE_CURVE ( 'NONE', #4680, #1447, #1516, .T. ) ;
#5874 = AXIS2_PLACEMENT_3D ( 'NONE', #4973, #715, #92 ) ;
#5875 = CIRCLE ( 'NONE', #3161, 8.000000000000000000 ) ;
#5876 = CIRCLE ( 'NONE', #6349, 1.650000000000000400 ) ;
#5877 = LINE ( 'NONE', #6147, #4744 ) ;
#5878 = ORIENTED_EDGE ( 'NONE', *, *, #1085, .T. ) ;
#5879 = UNCERTAINTY_MEASURE_WITH_UNIT (LENGTH_MEASURE( 1.000000000000000100E-005 ), #4995, 'distance_accuracy_value', 'NONE');
#5880 = CARTESIAN_POINT ( 'NONE',  ( 79.99999999999997200, 55.00000000000000700, 5.000000000000000000 ) ) ;
#5881 = ORIENTED_EDGE ( 'NONE', *, *, #5873, .F. ) ;
#5882 = CARTESIAN_POINT ( 'NONE',  ( -85.00000000000001400, -50.00000000000000000, 0.0000000000000000000 ) ) ;
#5883 = VECTOR ( 'NONE', #4924, 1000.000000000000000 ) ;
#5884 = EDGE_CURVE ( 'NONE', #628, #4945, #4190, .T. ) ;
#5885 = AXIS2_PLACEMENT_3D ( 'NONE', #7150, #1106, #4132 ) ;
#5886 = DIRECTION ( 'NONE',  ( -0.0000000000000000000, -0.0000000000000000000, 1.000000000000000000 ) ) ;
#5887 = LINE ( 'NONE', #4833, #3815 ) ;
#5888 = VERTEX_POINT ( 'NONE', #3931 ) ;
#5889 = CARTESIAN_POINT ( 'NONE',  ( -55.90000000000000600, 55.00000000000000000, 10.00000000000000000 ) ) ;
#5890 = DIRECTION ( 'NONE',  ( 1.000000000000000000, 1.239088197126291600E-016, -0.0000000000000000000 ) ) ;
#5891 = DIRECTION ( 'NONE',  ( 1.000000000000000000, 0.0000000000000000000, 0.0000000000000000000 ) ) ;
#5892 = DIRECTION ( 'NONE',  ( -0.0000000000000000000, 1.000000000000000000, -0.0000000000000000000 ) ) ;
#5893 = FACE_OUTER_BOUND ( 'NONE', #5011, .T. ) ;
#5894 = CARTESIAN_POINT ( 'NONE',  ( 79.99999999999997200, 35.00000000000000000, 5.000000000000000000 ) ) ;
#5895 = ADVANCED_FACE ( 'NONE', ( #6735, #5420, #1986, #3998, #5224, #5313 ), #5142, .F. ) ;
#5896 = LINE ( 'NONE', #2077, #4755 ) ;
#5897 = FACE_OUTER_BOUND ( 'NONE', #4455, .T. ) ;
#5898 = AXIS2_PLACEMENT_3D ( 'NONE', #1546, #2167, #6909 ) ;
#5899 = DIRECTION ( 'NONE',  ( 0.0000000000000000000, 0.0000000000000000000, -1.000000000000000000 ) ) ;
#5900 = DIRECTION ( 'NONE',  ( -1.577021341797097800E-016, 1.000000000000000000, -0.0000000000000000000 ) ) ;
#5901 = CIRCLE ( 'NONE', #6386, 2.099999999999997900 ) ;
#5902 = FACE_OUTER_BOUND ( 'NONE', #5152, .T. ) ;
#5903 = ORIENTED_EDGE ( 'NONE', *, *, #7517, .T. ) ;
#5904 = ADVANCED_FACE ( 'NONE', ( #1595, #6365 ), #7048, .T. ) ;
#5905 = CIRCLE ( 'NONE', #264, 2.099999999999997900 ) ;
#5906 = ORIENTED_EDGE ( 'NONE', *, *, #7280, .F. ) ;
#5907 = CARTESIAN_POINT ( 'NONE',  ( -9.999999999999998200, 7.000000000000000900, 16.00000000000000000 ) ) ;
#5908 = LINE ( 'NONE', #4553, #5331 ) ;
#5909 = ORIENTED_EDGE ( 'NONE', *, *, #6568, .T. ) ;
#5910 = STYLED_ITEM ( 'NONE', ( #7195 ), #3416 ) ;
#5911 = EDGE_CURVE ( 'NONE', #1226, #5951, #4753, .T. ) ;
#5912 = VERTEX_POINT ( 'NONE', #289 ) ;
#5913 = CARTESIAN_POINT ( 'NONE',  ( 8.349999999999999600, -6.999999999999999100, 10.00000000000000000 ) ) ;
#5914 =( LENGTH_UNIT ( ) NAMED_UNIT ( * ) SI_UNIT ( .MILLI., .METRE. ) );
#5915 = DIRECTION ( 'NONE',  ( 0.0000000000000000000, 0.0000000000000000000, -1.000000000000000000 ) ) ;
#5916 = CIRCLE ( 'NONE', #5234, 3.999999999999996400 ) ;
#5917 = DIRECTION ( 'NONE',  ( -0.0000000000000000000, -0.0000000000000000000, 1.000000000000000000 ) ) ;
#5918 = VERTEX_POINT ( 'NONE', #1497 ) ;
#5919 = ORIENTED_EDGE ( 'NONE', *, *, #3194, .T. ) ;
#5920 = EDGE_CURVE ( 'NONE', #5918, #4807, #6835, .T. ) ;
#5921 = DIRECTION ( 'NONE',  ( 1.000000000000000000, 0.0000000000000000000, 0.0000000000000000000 ) ) ;
#5922 = DIRECTION ( 'NONE',  ( -1.000000000000000000, 0.0000000000000000000, 0.0000000000000000000 ) ) ;
#5923 = DIRECTION ( 'NONE',  ( -1.000000000000000000, 0.0000000000000000000, 0.0000000000000000000 ) ) ;
#5924 = CARTESIAN_POINT ( 'NONE',  ( 70.00000000000002800, -75.00000000000000000, 5.000000000000000000 ) ) ;
#5925 = DIRECTION ( 'NONE',  ( -1.000000000000000000, 0.0000000000000000000, 0.0000000000000000000 ) ) ;
#5926 = ORIENTED_EDGE ( 'NONE', *, *, #4872, .T. ) ;
#5927 = ORIENTED_EDGE ( 'NONE', *, *, #2068, .F. ) ;
#5928 = CARTESIAN_POINT ( 'NONE',  ( 14.65000000000000200, 2.020667218593133500E-016, 18.00000000000000400 ) ) ;
#5929 = FACE_OUTER_BOUND ( 'NONE', #2624, .T. ) ;
#5930 = LINE ( 'NONE', #3597, #6223 ) ;
#5931 = EDGE_LOOP ( 'NONE', ( #2910, #2672, #3364, #4480, #6574, #2343 ) ) ;
#5932 = ORIENTED_EDGE ( 'NONE', *, *, #2569, .F. ) ;
#5933 = CARTESIAN_POINT ( 'NONE',  ( 77.50000000000000000, -7.500000000000000000, 10.00000000000000000 ) ) ;
#5934 = FACE_BOUND ( 'NONE', #7719, .T. ) ;
#5935 = ORIENTED_EDGE ( 'NONE', *, *, #20, .T. ) ;
#5936 = ORIENTED_EDGE ( 'NONE', *, *, #667, .F. ) ;
#5937 = ADVANCED_FACE ( 'NONE', ( #1889 ), #267, .F. ) ;
#5938 = AXIS2_PLACEMENT_3D ( 'NONE', #2575, #6808, #3198 ) ;
#5939 = EDGE_CURVE ( 'NONE', #2222, #379, #2963, .T. ) ;
#5940 = AXIS2_PLACEMENT_3D ( 'NONE', #1587, #2106, #2189 ) ;
#5941 = DIRECTION ( 'NONE',  ( -1.000000000000000000, -0.0000000000000000000, -0.0000000000000000000 ) ) ;
#5942 = CARTESIAN_POINT ( 'NONE',  ( 1.650000000000000100, -13.00000000000000200, 18.00000000000000400 ) ) ;
#5943 = FACE_OUTER_BOUND ( 'NONE', #3027, .T. ) ;
#5944 = ORIENTED_EDGE ( 'NONE', *, *, #3111, .T. ) ;
#5945 = EDGE_LOOP ( 'NONE', ( #4516, #4671, #6173, #5351, #3464, #6651 ) ) ;
#5946 = DIRECTION ( 'NONE',  ( 0.0000000000000000000, 0.0000000000000000000, 1.000000000000000000 ) ) ;
#5947 = CARTESIAN_POINT ( 'NONE',  ( -14.99999999999999600, 2.500000000000000900, 10.00000000000000000 ) ) ;
#5948 = CYLINDRICAL_SURFACE ( 'NONE', #5278, 9.999999999999994700 ) ;
#5949 = CARTESIAN_POINT ( 'NONE',  ( 37.09401076758509000, 0.0000000000000000000, 57.99999999999999300 ) ) ;
#5950 = ORIENTED_EDGE ( 'NONE', *, *, #6155, .T. ) ;
#5951 = VERTEX_POINT ( 'NONE', #6387 ) ;
#5952 = EDGE_LOOP ( 'NONE', ( #3454, #4004, #7512 ) ) ;
#5953 = CARTESIAN_POINT ( 'NONE',  ( -90.00000000000002800, -40.00000000000006400, 5.000000000000000000 ) ) ;
#5954 = CARTESIAN_POINT ( 'NONE',  ( -49.00000000000000000, 42.00000000000000000, 6.000000000000000000 ) ) ;
#5955 = DIRECTION ( 'NONE',  ( -1.000000000000000000, 0.0000000000000000000, 0.0000000000000000000 ) ) ;
#5956 = DIRECTION ( 'NONE',  ( -1.000000000000000000, 0.0000000000000000000, 0.0000000000000000000 ) ) ;
#5957 = DIRECTION ( 'NONE',  ( 0.0000000000000000000, 0.0000000000000000000, -1.000000000000000000 ) ) ;
#5958 = CYLINDRICAL_SURFACE ( 'NONE', #868, 1.650000000000000400 ) ;
#5959 = FACE_OUTER_BOUND ( 'NONE', #3465, .T. ) ;
#5960 = VERTEX_POINT ( 'NONE', #6958 ) ;
#5961 = LINE ( 'NONE', #5678, #4537 ) ;
#5962 = ORIENTED_EDGE ( 'NONE', *, *, #7775, .T. ) ;
#5963 = CARTESIAN_POINT ( 'NONE',  ( -53.00000000000000700, -10.00000000000000000, 6.000000000000000000 ) ) ;
#5964 = EDGE_CURVE ( 'NONE', #1740, #7143, #360, .T. ) ;
#5965 = VECTOR ( 'NONE', #3849, 1000.000000000000000 ) ;
#5966 = CIRCLE ( 'NONE', #7054, 1.649999999999998600 ) ;
#5967 = ORIENTED_EDGE ( 'NONE', *, *, #7035, .F. ) ;
#5968 = CARTESIAN_POINT ( 'NONE',  ( -8.000000000000000000, 9.797174393178825700E-016, 0.5000000000000004400 ) ) ;
#5969 = PRODUCT_DEFINITION_CONTEXT ( 'detailed design', #7468, 'design' ) ;
#5970 = CARTESIAN_POINT ( 'NONE',  ( 70.00000000000000000, -14.49999999999999800, 10.00000000000000000 ) ) ;
#5971 = DIRECTION ( 'NONE',  ( -1.000000000000000000, 0.0000000000000000000, 0.0000000000000000000 ) ) ;
#5972 = LINE ( 'NONE', #6773, #4461 ) ;
#5973 = CARTESIAN_POINT ( 'NONE',  ( -45.00000000000000700, 68.00000000000000000, 6.000000000000000000 ) ) ;
#5974 = VECTOR ( 'NONE', #2988, 1000.000000000000000 ) ;
#5975 = EDGE_LOOP ( 'NONE', ( #4907, #7448, #2303, #3695, #436, #5742, #2819, #1059, #3977, #5606, #417, #942 ) ) ;
#5976 = EDGE_CURVE ( 'NONE', #5636, #7312, #6925, .T. ) ;
#5977 = EDGE_LOOP ( 'NONE', ( #5204, #6001, #4696, #7836 ) ) ;
#5978 = ADVANCED_FACE ( 'NONE', ( #4645 ), #3250, .F. ) ;
#5979 = DIRECTION ( 'NONE',  ( -0.0000000000000000000, -0.0000000000000000000, -1.000000000000000000 ) ) ;
#5980 = FACE_OUTER_BOUND ( 'NONE', #3242, .T. ) ;
#5981 = CARTESIAN_POINT ( 'NONE',  ( 10.00000000000000000, -6.999999999999999100, 10.00000000000000000 ) ) ;
#5982 = LINE ( 'NONE', #7018, #2965 ) ;
#5983 = ORIENTED_EDGE ( 'NONE', *, *, #6971, .T. ) ;
#5984 = DIRECTION ( 'NONE',  ( 0.0000000000000000000, 0.0000000000000000000, 1.000000000000000000 ) ) ;
#5985 = DIRECTION ( 'NONE',  ( -1.000000000000000000, 0.0000000000000000000, 0.0000000000000000000 ) ) ;
#5986 = CARTESIAN_POINT ( 'NONE',  ( 0.0000000000000000000, 0.0000000000000000000, 0.0000000000000000000 ) ) ;
#5987 = ORIENTED_EDGE ( 'NONE', *, *, #383, .F. ) ;
#5988 = DIRECTION ( 'NONE',  ( 1.000000000000000000, 0.0000000000000000000, 0.0000000000000000000 ) ) ;
#5989 = AXIS2_PLACEMENT_3D ( 'NONE', #316, #3406, #4632 ) ;
#5990 = EDGE_CURVE ( 'NONE', #418, #6129, #5132, .T. ) ;
#5991 = VECTOR ( 'NONE', #2709, 1000.000000000000000 ) ;
#5992 = CIRCLE ( 'NONE', #1204, 2.099999999999997900 ) ;
#5993 = CIRCLE ( 'NONE', #7845, 2.099999999999997900 ) ;
#5994 = EDGE_LOOP ( 'NONE', ( #6962, #1948, #4552, #5145 ) ) ;
#5995 = DIRECTION ( 'NONE',  ( -0.0000000000000000000, -0.0000000000000000000, -1.000000000000000000 ) ) ;
#5996 = CARTESIAN_POINT ( 'NONE',  ( 28.00000000000000700, -55.00000000000000000, -0.0000000000000000000 ) ) ;
#5997 = CYLINDRICAL_SURFACE ( 'NONE', #7606, 4.000000000000003600 ) ;
#5998 = EDGE_LOOP ( 'NONE', ( #2497, #5166, #3034, #5935 ) ) ;
#5999 = AXIS2_PLACEMENT_3D ( 'NONE', #1915, #7398, #9 ) ;
#6000 = CARTESIAN_POINT ( 'NONE',  ( -79.99999999999998600, -35.00000000000000000, 0.0000000000000000000 ) ) ;
#6001 = ORIENTED_EDGE ( 'NONE', *, *, #210, .T. ) ;
#6002 = DIRECTION ( 'NONE',  ( 0.0000000000000000000, 0.0000000000000000000, -1.000000000000000000 ) ) ;
#6003 = ORIENTED_EDGE ( 'NONE', *, *, #6687, .F. ) ;
#6004 =( NAMED_UNIT ( * ) SI_UNIT ( $, .STERADIAN. ) SOLID_ANGLE_UNIT ( ) );
#6005 = VERTEX_POINT ( 'NONE', #5880 ) ;
#6006 = ORIENTED_EDGE ( 'NONE', *, *, #771, .T. ) ;
#6007 = DIRECTION ( 'NONE',  ( -1.000000000000000000, 0.0000000000000000000, 0.0000000000000000000 ) ) ;
#6008 = PLANE ( 'NONE',  #166 ) ;
#6009 = DIRECTION ( 'NONE',  ( 0.0000000000000000000, 0.0000000000000000000, -1.000000000000000000 ) ) ;
#6010 = DIRECTION ( 'NONE',  ( -0.0000000000000000000, -0.0000000000000000000, -1.000000000000000000 ) ) ;
#6011 = PRODUCT_DEFINITION_FORMATION_WITH_SPECIFIED_SOURCE ( '任何', '', #2924, .NOT_KNOWN. ) ;
#6012 = CARTESIAN_POINT ( 'NONE',  ( 2.999999999999988000, 15.00000000000000000, 10.00000000000000000 ) ) ;
#6013 = EDGE_CURVE ( 'NONE', #2930, #2841, #6447, .T. ) ;
#6014 = DIRECTION ( 'NONE',  ( 0.0000000000000000000, 0.0000000000000000000, 1.000000000000000000 ) ) ;
#6015 = ORIENTED_EDGE ( 'NONE', *, *, #308, .F. ) ;
#6016 = VERTEX_POINT ( 'NONE', #502 ) ;
#6017 = DIRECTION ( 'NONE',  ( -1.000000000000000000, 0.0000000000000000000, 0.0000000000000000000 ) ) ;
#6018 = CARTESIAN_POINT ( 'NONE',  ( -90.00000000000000000, 65.00000000000000000, 10.00000000000000000 ) ) ;
#6019 = ADVANCED_FACE ( 'NONE', ( #2769 ), #3624, .F. ) ;
#6020 = PLANE ( 'NONE',  #5686 ) ;
#6021 = FACE_OUTER_BOUND ( 'NONE', #1019, .T. ) ;
#6022 = ORIENTED_EDGE ( 'NONE', *, *, #6168, .T. ) ;
#6023 = EDGE_LOOP ( 'NONE', ( #6578, #705, #5926, #6230 ) ) ;
#6024 = EDGE_CURVE ( 'NONE', #2209, #7261, #7855, .T. ) ;
#6025 = AXIS2_PLACEMENT_3D ( 'NONE', #23, #3996, #600 ) ;
#6026 = DIRECTION ( 'NONE',  ( 0.0000000000000000000, 0.0000000000000000000, -1.000000000000000000 ) ) ;
#6027 = CARTESIAN_POINT ( 'NONE',  ( -89.99999999999991500, -75.00000000000000000, 0.0000000000000000000 ) ) ;
#6028 = DIRECTION ( 'NONE',  ( -1.000000000000000000, 0.0000000000000000000, 0.0000000000000000000 ) ) ;
#6029 = FACE_OUTER_BOUND ( 'NONE', #2889, .T. ) ;
#6030 = FACE_BOUND ( 'NONE', #4308, .T. ) ;
#6031 = ORIENTED_EDGE ( 'NONE', *, *, #5146, .F. ) ;
#6032 = EDGE_LOOP ( 'NONE', ( #1432, #5541 ) ) ;
#6033 = CARTESIAN_POINT ( 'NONE',  ( 75.00000000000000000, -7.500000000000000000, 10.00000000000000000 ) ) ;
#6034 = EDGE_CURVE ( 'NONE', #5262, #7784, #7190, .T. ) ;
#6035 = DIRECTION ( 'NONE',  ( -0.0000000000000000000, -0.0000000000000000000, 1.000000000000000000 ) ) ;
#6036 = CIRCLE ( 'NONE', #224, 1.650000000000000100 ) ;
#6037 = ORIENTED_EDGE ( 'NONE', *, *, #3354, .F. ) ;
#6038 = DIRECTION ( 'NONE',  ( 0.0000000000000000000, 0.0000000000000000000, -1.000000000000000000 ) ) ;
#6039 = ORIENTED_EDGE ( 'NONE', *, *, #250, .F. ) ;
#6040 = CARTESIAN_POINT ( 'NONE',  ( -58.00000000000000000, 55.00000000000000000, 0.0000000000000000000 ) ) ;
#6041 = VERTEX_POINT ( 'NONE', #2980 ) ;
#6042 = FACE_OUTER_BOUND ( 'NONE', #1296, .T. ) ;
#6043 = VERTEX_POINT ( 'NONE', #1648 ) ;
#6044 = AXIS2_PLACEMENT_3D ( 'NONE', #4250, #4140, #510 ) ;
#6045 = ORIENTED_EDGE ( 'NONE', *, *, #7099, .F. ) ;
#6046 = CARTESIAN_POINT ( 'NONE',  ( 0.0000000000000000000, -13.00000000000000200, 20.00000000000000000 ) ) ;
#6047 = DIRECTION ( 'NONE',  ( 1.000000000000000000, 0.0000000000000000000, 0.0000000000000000000 ) ) ;
#6048 = SURFACE_STYLE_USAGE ( .BOTH. , #3043 ) ;
#6049 = LINE ( 'NONE', #6512, #2829 ) ;
#6050 = CIRCLE ( 'NONE', #4045, 1.650000000000000400 ) ;
#6051 = DIRECTION ( 'NONE',  ( -0.0000000000000000000, -0.0000000000000000000, 1.000000000000000000 ) ) ;
#6052 = ORIENTED_EDGE ( 'NONE', *, *, #5074, .T. ) ;
#6053 = CARTESIAN_POINT ( 'NONE',  ( -45.00000000000000700, 68.00000000000000000, 10.00000000000000000 ) ) ;
#6054 = EDGE_LOOP ( 'NONE', ( #1988, #5750 ) ) ;
#6055 = ADVANCED_FACE ( 'NONE', ( #4940 ), #480, .T. ) ;
#6056 =( NAMED_UNIT ( * ) PLANE_ANGLE_UNIT ( ) SI_UNIT ( $, .RADIAN. ) );
#6057 = PRODUCT_DEFINITION ( '未知', '', #6011, #5588 ) ;
#6058 = EDGE_CURVE ( 'NONE', #7044, #1025, #7008, .T. ) ;
#6059 = VECTOR ( 'NONE', #3051, 1000.000000000000000 ) ;
#6060 = FACE_OUTER_BOUND ( 'NONE', #7883, .T. ) ;
#6061 = ORIENTED_EDGE ( 'NONE', *, *, #7208, .F. ) ;
#6062 = CARTESIAN_POINT ( 'NONE',  ( 47.90000000000000600, -0.5000000000000000000, 10.00000000000000000 ) ) ;
#6063 = VERTEX_POINT ( 'NONE', #2319 ) ;
#6064 = DIRECTION ( 'NONE',  ( -1.000000000000000000, 0.0000000000000000000, 0.0000000000000000000 ) ) ;
#6065 = LINE ( 'NONE', #472, #3137 ) ;
#6066 = VECTOR ( 'NONE', #4775, 1000.000000000000000 ) ;
#6067 = ORIENTED_EDGE ( 'NONE', *, *, #4125, .F. ) ;
#6068 = CARTESIAN_POINT ( 'NONE',  ( 89.99999999999997200, 75.00000000000000000, 0.0000000000000000000 ) ) ;
#6069 = EDGE_LOOP ( 'NONE', ( #2590, #4117, #3039, #4089 ) ) ;
#6070 = EDGE_CURVE ( 'NONE', #1226, #989, #2373, .T. ) ;
#6071 = CIRCLE ( 'NONE', #3757, 4.000000000000003600 ) ;
#6072 = CARTESIAN_POINT ( 'NONE',  ( 70.00000000000000000, -0.5000000000000000000, 6.000000000000000000 ) ) ;
#6073 = LINE ( 'NONE', #3360, #3241 ) ;
#6074 = ORIENTED_EDGE ( 'NONE', *, *, #6215, .F. ) ;
#6075 = CARTESIAN_POINT ( 'NONE',  ( 8.000000000000000000, 9.797174393178825700E-016, 0.5000000000000004400 ) ) ;
#6076 = ADVANCED_FACE ( 'NONE', ( #2571 ), #3344, .T. ) ;
#6077 = CARTESIAN_POINT ( 'NONE',  ( -80.65000000000000600, -10.00000000000000000, 10.00000000000000000 ) ) ;
#6078 = DIRECTION ( 'NONE',  ( -1.000000000000000000, 0.0000000000000000000, 0.0000000000000000000 ) ) ;
#6079 = DIRECTION ( 'NONE',  ( 0.0000000000000000000, 0.0000000000000000000, -1.000000000000000000 ) ) ;
#6080 = LINE ( 'NONE', #7641, #2577 ) ;
#6081 = EDGE_CURVE ( 'NONE', #6559, #6354, #7762, .T. ) ;
#6082 = CYLINDRICAL_SURFACE ( 'NONE', #1729, 2.099999999999997900 ) ;
#6083 = VECTOR ( 'NONE', #5358, 1000.000000000000000 ) ;
#6084 = DIRECTION ( 'NONE',  ( -0.0000000000000000000, -0.0000000000000000000, 1.000000000000000000 ) ) ;
#6085 = CARTESIAN_POINT ( 'NONE',  ( 0.0000000000000000000, 0.0000000000000000000, 50.00000000000000000 ) ) ;
#6086 = DIRECTION ( 'NONE',  ( -0.0000000000000000000, -0.0000000000000000000, 1.000000000000000000 ) ) ;
#6087 = FACE_OUTER_BOUND ( 'NONE', #5164, .T. ) ;
#6088 = CARTESIAN_POINT ( 'NONE',  ( 26.99999999999999600, 15.00000000000000000, 4.000000000000000000 ) ) ;
#6089 = FACE_BOUND ( 'NONE', #1658, .T. ) ;
#6090 = DIRECTION ( 'NONE',  ( 1.067522139062651900E-016, -1.000000000000000000, 0.0000000000000000000 ) ) ;
#6091 = AXIS2_PLACEMENT_3D ( 'NONE', #7767, #1028, #3504 ) ;
#6092 = ORIENTED_EDGE ( 'NONE', *, *, #7600, .T. ) ;
#6093 = EDGE_CURVE ( 'NONE', #7637, #4212, #2277, .T. ) ;
#6094 = DIRECTION ( 'NONE',  ( 0.0000000000000000000, 0.0000000000000000000, 1.000000000000000000 ) ) ;
#6095 = ORIENTED_EDGE ( 'NONE', *, *, #1898, .T. ) ;
#6096 = ADVANCED_FACE ( 'NONE', ( #1702 ), #396, .T. ) ;
#6097 = CIRCLE ( 'NONE', #2230, 17.00000000000000000 ) ;
#6098 = CARTESIAN_POINT ( 'NONE',  ( 0.0000000000000000000, 0.0000000000000000000, 30.00000000000000400 ) ) ;
#6099 = ORIENTED_EDGE ( 'NONE', *, *, #1936, .F. ) ;
#6100 = CARTESIAN_POINT ( 'NONE',  ( -11.53013519640525400, -1.412034316201393400E-015, 20.93762159694730200 ) ) ;
#6101 = PLANE ( 'NONE',  #4571 ) ;
#6102 = AXIS2_PLACEMENT_3D ( 'NONE', #3307, #236, #6979 ) ;
#6103 = DIRECTION ( 'NONE',  ( 0.0000000000000000000, -1.000000000000000000, 0.0000000000000000000 ) ) ;
#6104 = CARTESIAN_POINT ( 'NONE',  ( -6.999999999999999100, 15.00000000000000000, 3.999999999999999100 ) ) ;
#6105 = FACE_OUTER_BOUND ( 'NONE', #6232, .T. ) ;
#6106 = CARTESIAN_POINT ( 'NONE',  ( 24.36811466635144500, 0.0000000000000000000, 35.84315225237544700 ) ) ;
#6107 = EDGE_CURVE ( 'NONE', #1954, #6748, #6271, .T. ) ;
#6108 = ORIENTED_EDGE ( 'NONE', *, *, #566, .T. ) ;
#6109 = ORIENTED_EDGE ( 'NONE', *, *, #3685, .F. ) ;
#6110 =( NAMED_UNIT ( * ) SI_UNIT ( $, .STERADIAN. ) SOLID_ANGLE_UNIT ( ) );
#6111 = CYLINDRICAL_SURFACE ( 'NONE', #3570, 8.000000000000000000 ) ;
#6112 = EDGE_LOOP ( 'NONE', ( #5384, #5814, #3209, #2731, #1980, #6566 ) ) ;
#6113 = CARTESIAN_POINT ( 'NONE',  ( 45.00000000000000700, -42.00000000000000000, 6.000000000000000000 ) ) ;
#6114 = ORIENTED_EDGE ( 'NONE', *, *, #6013, .F. ) ;
#6115 = DIRECTION ( 'NONE',  ( -1.000000000000000000, 0.0000000000000000000, 0.0000000000000000000 ) ) ;
#6116 = EDGE_CURVE ( 'NONE', #2187, #5054, #1320, .T. ) ;
#6117 = ADVANCED_FACE ( 'NONE', ( #6175 ), #1054, .F. ) ;
#6118 = AXIS2_PLACEMENT_3D ( 'NONE', #5699, #6331, #4499 ) ;
#6119 = LINE ( 'NONE', #2330, #4040 ) ;
#6120 = DIRECTION ( 'NONE',  ( 0.0000000000000000000, 0.0000000000000000000, 1.000000000000000000 ) ) ;
#6121 = ORIENTED_EDGE ( 'NONE', *, *, #1790, .T. ) ;
#6122 = VERTEX_POINT ( 'NONE', #3476 ) ;
#6123 = DIRECTION ( 'NONE',  ( 1.000000000000000000, 0.0000000000000000000, 0.0000000000000000000 ) ) ;
#6124 = DIRECTION ( 'NONE',  ( 0.0000000000000000000, 0.0000000000000000000, -1.000000000000000000 ) ) ;
#6125 = CARTESIAN_POINT ( 'NONE',  ( 32.99999999999989300, 15.00000000000000000, 10.00000000000000000 ) ) ;
#6126 = EDGE_CURVE ( 'NONE', #5403, #294, #4373, .T. ) ;
#6127 = AXIS2_PLACEMENT_3D ( 'NONE', #5502, #2475, #3053 ) ;
#6128 = ORIENTED_EDGE ( 'NONE', *, *, #4490, .F. ) ;
#6129 = VERTEX_POINT ( 'NONE', #7815 ) ;
#6130 = CARTESIAN_POINT ( 'NONE',  ( 17.37044324410520300, -34.74088648821040000, 26.78495389014887400 ) ) ;
#6131 = VERTEX_POINT ( 'NONE', #7870 ) ;
#6132 = ADVANCED_FACE ( 'NONE', ( #5980 ), #7757, .T. ) ;
#6133 =( LENGTH_UNIT ( ) NAMED_UNIT ( * ) SI_UNIT ( .MILLI., .METRE. ) );
#6134 = FACE_OUTER_BOUND ( 'NONE', #2105, .T. ) ;
#6135 = ORIENTED_EDGE ( 'NONE', *, *, #5426, .T. ) ;
#6136 = VERTEX_POINT ( 'NONE', #1134 ) ;
#6137 = AXIS2_PLACEMENT_3D ( 'NONE', #5594, #3091, #1896 ) ;
#6138 = DIRECTION ( 'NONE',  ( -1.000000000000000000, 0.0000000000000000000, 0.0000000000000000000 ) ) ;
#6139 = EDGE_CURVE ( 'NONE', #2040, #3376, #743, .T. ) ;
#6140 = AXIS2_PLACEMENT_3D ( 'NONE', #4072, #7041, #1559 ) ;
#6141 = CIRCLE ( 'NONE', #4979, 14.00000000000000000 ) ;
#6142 = ORIENTED_EDGE ( 'NONE', *, *, #4747, .F. ) ;
#6143 = ORIENTED_EDGE ( 'NONE', *, *, #6540, .F. ) ;
#6144 = CARTESIAN_POINT ( 'NONE',  ( 50.00000000000000000, -0.5000000000000002200, 6.000000000000000000 ) ) ;
#6145 = ORIENTED_EDGE ( 'NONE', *, *, #2375, .F. ) ;
#6146 = CARTESIAN_POINT ( 'NONE',  ( -45.00000000000000700, 68.00000000000000000, 10.00000000000000000 ) ) ;
#6147 = CARTESIAN_POINT ( 'NONE',  ( 79.99999999999997200, 29.99999999999999600, 5.000000000000000000 ) ) ;
#6148 = AXIS2_PLACEMENT_3D ( 'NONE', #982, #4683, #2166 ) ;
#6149 = DIRECTION ( 'NONE',  ( -1.000000000000000000, 0.0000000000000000000, 0.0000000000000000000 ) ) ;
#6150 = CIRCLE ( 'NONE', #6707, 1.650000000000000400 ) ;
#6151 = CYLINDRICAL_SURFACE ( 'NONE', #7015, 2.099999999999997900 ) ;
#6152 = EDGE_LOOP ( 'NONE', ( #2911, #223, #4113, #6156 ) ) ;
#6153 = PLANE ( 'NONE',  #3159 ) ;
#6154 = LINE ( 'NONE', #5942, #4728 ) ;
#6155 = EDGE_CURVE ( 'NONE', #4147, #795, #1881, .T. ) ;
#6156 = ORIENTED_EDGE ( 'NONE', *, *, #6930, .F. ) ;
#6157 = PRESENTATION_STYLE_ASSIGNMENT (( #1854 ) ) ;
#6158 = DIRECTION ( 'NONE',  ( 1.000000000000000000, 0.0000000000000000000, 0.0000000000000000000 ) ) ;
#6159 = ADVANCED_FACE ( 'NONE', ( #651 ), #639, .F. ) ;
#6160 =( LENGTH_UNIT ( ) NAMED_UNIT ( * ) SI_UNIT ( .MILLI., .METRE. ) );
#6161 = VECTOR ( 'NONE', #1390, 1000.000000000000000 ) ;
#6162 = DIRECTION ( 'NONE',  ( 0.0000000000000000000, 0.0000000000000000000, -1.000000000000000000 ) ) ;
#6163 = VECTOR ( 'NONE', #3374, 1000.000000000000000 ) ;
#6164 = VECTOR ( 'NONE', #3301, 1000.000000000000000 ) ;
#6165 = VERTEX_POINT ( 'NONE', #1786 ) ;
#6166 = ORIENTED_EDGE ( 'NONE', *, *, #714, .F. ) ;
#6167 = SURFACE_STYLE_USAGE ( .BOTH. , #3182 ) ;
#6168 = EDGE_CURVE ( 'NONE', #5431, #410, #3340, .T. ) ;
#6169 = CIRCLE ( 'NONE', #5841, 17.00000000000000000 ) ;
#6170 = CIRCLE ( 'NONE', #4203, 5.000000000000004400 ) ;
#6171 = ORIENTED_EDGE ( 'NONE', *, *, #689, .T. ) ;
#6172 = DIRECTION ( 'NONE',  ( -0.0000000000000000000, -0.0000000000000000000, -1.000000000000000000 ) ) ;
#6173 = ORIENTED_EDGE ( 'NONE', *, *, #7024, .T. ) ;
#6174 = DIRECTION ( 'NONE',  ( 1.000000000000000000, 0.0000000000000000000, 0.0000000000000000000 ) ) ;
#6175 = FACE_OUTER_BOUND ( 'NONE', #7651, .T. ) ;
#6176 = FACE_OUTER_BOUND ( 'NONE', #3048, .T. ) ;
#6177 = ORIENTED_EDGE ( 'NONE', *, *, #5815, .T. ) ;
#6178 = EDGE_CURVE ( 'NONE', #3172, #5469, #3806, .T. ) ;
#6179 = CARTESIAN_POINT ( 'NONE',  ( 5.000000000000004400, 34.99999999999999300, 0.0000000000000000000 ) ) ;
#6180 = ADVANCED_FACE ( 'NONE', ( #2952 ), #3708, .F. ) ;
#6181 = AXIS2_PLACEMENT_3D ( 'NONE', #7594, #3310, #3962 ) ;
#6182 = DIRECTION ( 'NONE',  ( -1.000000000000000000, -1.239088197126291600E-016, 0.0000000000000000000 ) ) ;
#6183 = VERTEX_POINT ( 'NONE', #2447 ) ;
#6184 = CIRCLE ( 'NONE', #3502, 1.650000000000000400 ) ;
#6185 = CARTESIAN_POINT ( 'NONE',  ( -89.99999999999991500, -75.00000000000000000, 5.000000000000000000 ) ) ;
#6186 = LINE ( 'NONE', #3040, #6083 ) ;
#6187 = DIRECTION ( 'NONE',  ( 0.0000000000000000000, -0.0000000000000000000, -1.000000000000000000 ) ) ;
#6188 = DIRECTION ( 'NONE',  ( -0.0000000000000000000, 1.000000000000000000, -0.0000000000000000000 ) ) ;
#6189 = DIRECTION ( 'NONE',  ( -0.0000000000000000000, -0.0000000000000000000, -1.000000000000000000 ) ) ;
#6190 = ORIENTED_EDGE ( 'NONE', *, *, #7505, .T. ) ;
#6191 = DIRECTION ( 'NONE',  ( -1.000000000000000000, 0.0000000000000000000, 0.0000000000000000000 ) ) ;
#6192 = EDGE_CURVE ( 'NONE', #6697, #2471, #3990, .T. ) ;
#6193 = AXIS2_PLACEMENT_3D ( 'NONE', #6579, #1619, #2890 ) ;
#6194 = CARTESIAN_POINT ( 'NONE',  ( 55.97371110333804000, -83.23236583858654600, 195.0000000000000000 ) ) ;
#6195 = FACE_OUTER_BOUND ( 'NONE', #661, .T. ) ;
#6196 = EDGE_LOOP ( 'NONE', ( #6667, #5475, #1242, #1574, #1238 ) ) ;
#6197 = ORIENTED_EDGE ( 'NONE', *, *, #5084, .F. ) ;
#6198 = CARTESIAN_POINT ( 'NONE',  ( 24.36811466635143500, 48.73622933270293300, 35.84315225237545400 ) ) ;
#6199 = DIRECTION ( 'NONE',  ( 1.000000000000000000, 0.0000000000000000000, 0.0000000000000000000 ) ) ;
#6200 = DIRECTION ( 'NONE',  ( 0.0000000000000000000, 0.0000000000000000000, 1.000000000000000000 ) ) ;
#6201 = ADVANCED_FACE ( 'NONE', ( #2174 ), #6008, .F. ) ;
#6202 = EDGE_CURVE ( 'NONE', #22, #1334, #6539, .T. ) ;
#6203 = AXIS2_PLACEMENT_3D ( 'NONE', #1302, #3689, #72 ) ;
#6204 = CARTESIAN_POINT ( 'NONE',  ( -105.9400074696056200, 9.999999999999998200, 10.00000000000000000 ) ) ;
#6205 = ORIENTED_EDGE ( 'NONE', *, *, #1718, .T. ) ;
#6206 = DIRECTION ( 'NONE',  ( 9.251858538542975300E-017, -1.000000000000000000, 0.0000000000000000000 ) ) ;
#6207 = DIRECTION ( 'NONE',  ( 1.000000000000000000, 0.0000000000000000000, 0.0000000000000000000 ) ) ;
#6208 = CARTESIAN_POINT ( 'NONE',  ( 0.0000000000000000000, 0.0000000000000000000, 0.5000000000000004400 ) ) ;
#6209 = VERTEX_POINT ( 'NONE', #6688 ) ;
#6210 = ORIENTED_EDGE ( 'NONE', *, *, #4615, .F. ) ;
#6211 = AXIS2_PLACEMENT_3D ( 'NONE', #6820, #6765, #3154 ) ;
#6212 = CARTESIAN_POINT ( 'NONE',  ( 0.0000000000000000000, 0.0000000000000000000, 15.00000000000000400 ) ) ;
#6213 = PRESENTATION_LAYER_ASSIGNMENT (  '', '', ( #1568 ) ) ;
#6214 = LINE ( 'NONE', #5328, #899 ) ;
#6215 = EDGE_CURVE ( 'NONE', #2654, #6131, #2762, .T. ) ;
#6216 = DIRECTION ( 'NONE',  ( -0.0000000000000000000, -0.0000000000000000000, 1.000000000000000000 ) ) ;
#6217 = FACE_OUTER_BOUND ( 'NONE', #3654, .T. ) ;
#6218 = ORIENTED_EDGE ( 'NONE', *, *, #788, .T. ) ;
#6219 = VERTEX_POINT ( 'NONE', #7287 ) ;
#6220 = ADVANCED_FACE ( 'NONE', ( #4742, #1111 ), #4866, .T. ) ;
#6221 = CARTESIAN_POINT ( 'NONE',  ( -55.02628889666196700, -38.23236583858655300, 195.0000000000000000 ) ) ;
#6222 = DIRECTION ( 'NONE',  ( -0.0000000000000000000, -0.0000000000000000000, 1.000000000000000000 ) ) ;
#6223 = VECTOR ( 'NONE', #7301, 1000.000000000000000 ) ;
#6224 =( BOUNDED_SURFACE ( )  B_SPLINE_SURFACE ( 3, 3, ( 
 ( #6572, #4727, #7139, #3546 ),
 ( #2969, #3573, #4856, #4312 ),
 ( #7275, #6130, #7309, #53 ),
 ( #6106, #3675, #1828, #7220 ),
 ( #1405, #4831, #3629, #3022 ),
 ( #657, #2468, #4236, #25 ),
 ( #1805, #1179, #602, #4340 ) ),
 .UNSPECIFIED., .F., .F., .F. ) 
 B_SPLINE_SURFACE_WITH_KNOTS ( ( 4, 1, 1, 1, 4 ),
 ( 4, 4 ),
 ( 0.0000000000000000000, 0.2764183078687363300, 0.4965080727076163200, 0.6879633799459912200, 1.000000000000000000 ),
 ( 0.0000000000000000000, 1.000000000000000000 ),
 .UNSPECIFIED. ) 
 GEOMETRIC_REPRESENTATION_ITEM ( )  RATIONAL_B_SPLINE_SURFACE ( (
 ( 1.000000000000000000, 0.3333333333333334300, 0.3333333333333334300, 1.000000000000000000),
 ( 1.000000000000000000, 0.3333333333333334300, 0.3333333333333334300, 1.000000000000000000),
 ( 1.000000000000000000, 0.3333333333333334300, 0.3333333333333334300, 1.000000000000000000),
 ( 1.000000000000000000, 0.3333333333333334300, 0.3333333333333334300, 1.000000000000000000),
 ( 1.000000000000000000, 0.3333333333333334300, 0.3333333333333334300, 1.000000000000000000),
 ( 1.000000000000000000, 0.3333333333333334300, 0.3333333333333334300, 1.000000000000000000),
 ( 1.000000000000000000, 0.3333333333333334300, 0.3333333333333334300, 1.000000000000000000) ) ) 
 REPRESENTATION_ITEM ( '' )  SURFACE ( )  );
#6225 = ORIENTED_EDGE ( 'NONE', *, *, #85, .T. ) ;
#6226 = VERTEX_POINT ( 'NONE', #587 ) ;
#6227 = EDGE_CURVE ( 'NONE', #606, #363, #1214, .T. ) ;
#6228 = AXIS2_PLACEMENT_3D ( 'NONE', #4099, #4149, #4210 ) ;
#6229 = CARTESIAN_POINT ( 'NONE',  ( -45.00000000000000700, 42.00000000000000000, 6.000000000000000000 ) ) ;
#6230 = ORIENTED_EDGE ( 'NONE', *, *, #5258, .F. ) ;
#6231 = VECTOR ( 'NONE', #4554, 1000.000000000000000 ) ;
#6232 = EDGE_LOOP ( 'NONE', ( #6951, #6739, #3180, #7236 ) ) ;
#6233 = ORIENTED_EDGE ( 'NONE', *, *, #5062, .T. ) ;
#6234 = CARTESIAN_POINT ( 'NONE',  ( 15.00000000000000400, -2.499999999999999100, 0.0000000000000000000 ) ) ;
#6235 = CARTESIAN_POINT ( 'NONE',  ( 70.00000000000002800, -75.00000000000000000, 10.00000000000000000 ) ) ;
#6236 = EDGE_CURVE ( 'NONE', #3150, #4982, #6917, .T. ) ;
#6237 = AXIS2_PLACEMENT_3D ( 'NONE', #7128, #4663, #5271 ) ;
#6238 = ORIENTED_EDGE ( 'NONE', *, *, #1192, .T. ) ;
#6239 = DIRECTION ( 'NONE',  ( -1.000000000000000000, 0.0000000000000000000, 0.0000000000000000000 ) ) ;
#6240 = ORIENTED_EDGE ( 'NONE', *, *, #6904, .T. ) ;
#6241 = ORIENTED_EDGE ( 'NONE', *, *, #3413, .F. ) ;
#6242 = CARTESIAN_POINT ( 'NONE',  ( -11.65000000000000200, -6.999999999999999100, 10.00000000000000000 ) ) ;
#6243 =( NAMED_UNIT ( * ) SI_UNIT ( $, .STERADIAN. ) SOLID_ANGLE_UNIT ( ) );
#6244 = CIRCLE ( 'NONE', #5029, 1.649999999999998600 ) ;
#6245 = ORIENTED_EDGE ( 'NONE', *, *, #1110, .F. ) ;
#6246 = AXIS2_PLACEMENT_3D ( 'NONE', #7888, #1091, #3649 ) ;
#6247 = CARTESIAN_POINT ( 'NONE',  ( -47.10000000000000100, 68.00000000000000000, 0.0000000000000000000 ) ) ;
#6248 = EDGE_CURVE ( 'NONE', #2882, #5205, #2852, .T. ) ;
#6249 = FACE_OUTER_BOUND ( 'NONE', #7316, .T. ) ;
#6250 = AXIS2_PLACEMENT_3D ( 'NONE', #5432, #7550, #2337 ) ;
#6251 = CARTESIAN_POINT ( 'NONE',  ( 0.0000000000000000000, 13.00000000000000200, 20.00000000000000000 ) ) ;
#6252 = ORIENTED_EDGE ( 'NONE', *, *, #4706, .F. ) ;
#6253 = DIRECTION ( 'NONE',  ( 1.000000000000000000, 0.0000000000000000000, -0.0000000000000000000 ) ) ;
#6254 = DIRECTION ( 'NONE',  ( -0.0000000000000000000, -0.0000000000000000000, 1.000000000000000000 ) ) ;
#6255 = CIRCLE ( 'NONE', #2406, 8.000000000000000000 ) ;
#6256 = ORIENTED_EDGE ( 'NONE', *, *, #5860, .T. ) ;
#6257 = VERTEX_POINT ( 'NONE', #692 ) ;
#6258 = PLANE ( 'NONE',  #1063 ) ;
#6259 = ADVANCED_FACE ( 'NONE', ( #5410 ), #4975, .F. ) ;
#6260 = COLOUR_RGB ( '',1.000000000000000000, 1.000000000000000000, 1.000000000000000000 ) ;
#6261 = CARTESIAN_POINT ( 'NONE',  ( 34.10000000000000900, -55.00000000000000000, 6.000000000000000000 ) ) ;
#6262 = DIRECTION ( 'NONE',  ( 0.0000000000000000000, 0.0000000000000000000, -1.000000000000000000 ) ) ;
#6263 = EDGE_CURVE ( 'NONE', #3181, #7047, #2670, .T. ) ;
#6264 = FACE_OUTER_BOUND ( 'NONE', #1304, .T. ) ;
#6265 = ORIENTED_EDGE ( 'NONE', *, *, #6394, .T. ) ;
#6266 = CARTESIAN_POINT ( 'NONE',  ( 0.0000000000000000000, 0.0000000000000000000, 30.00000000000000000 ) ) ;
#6267 = ORIENTED_EDGE ( 'NONE', *, *, #7198, .T. ) ;
#6268 = CARTESIAN_POINT ( 'NONE',  ( 70.00000000000002800, -50.00000000000002800, 10.00000000000000000 ) ) ;
#6269 = CARTESIAN_POINT ( 'NONE',  ( -11.35000000000000100, 2.020667218593134000E-016, 10.00000000000000000 ) ) ;
#6270 = CARTESIAN_POINT ( 'NONE',  ( -79.99999999999998600, -35.00000000000000000, 0.0000000000000000000 ) ) ;
#6271 = LINE ( 'NONE', #1675, #3715 ) ;
#6272 = CYLINDRICAL_SURFACE ( 'NONE', #185, 1.650000000000000400 ) ;
#6273 = ORIENTED_EDGE ( 'NONE', *, *, #771, .F. ) ;
#6274 = PRODUCT_RELATED_PRODUCT_CATEGORY ( 'part', '', ( #2924 ) ) ;
#6275 = EDGE_CURVE ( 'NONE', #6043, #7634, #2079, .T. ) ;
#6276 = AXIS2_PLACEMENT_3D ( 'NONE', #4376, #725, #1336 ) ;
#6277 = DIRECTION ( 'NONE',  ( -1.000000000000000000, 0.0000000000000000000, 0.0000000000000000000 ) ) ;
#6278 = CIRCLE ( 'NONE', #3098, 4.000000000000000000 ) ;
#6279 = DIRECTION ( 'NONE',  ( -0.0000000000000000000, -0.0000000000000000000, 1.000000000000000000 ) ) ;
#6280 = CIRCLE ( 'NONE', #2548, 8.000000000000000000 ) ;
#6281 = EDGE_LOOP ( 'NONE', ( #1409, #2567, #5936, #5878 ) ) ;
#6282 = DIRECTION ( 'NONE',  ( 0.0000000000000000000, -1.000000000000000000, 0.0000000000000000000 ) ) ;
#6283 = VECTOR ( 'NONE', #5471, 1000.000000000000000 ) ;
#6284 = EDGE_CURVE ( 'NONE', #6547, #3158, #5696, .T. ) ;
#6285 = CARTESIAN_POINT ( 'NONE',  ( -5.999999999999996400, 0.9999999999999974500, 16.00000000000000000 ) ) ;
#6286 = AXIS2_PLACEMENT_3D ( 'NONE', #7149, #4220, #5370 ) ;
#6287 = FACE_BOUND ( 'NONE', #7183, .T. ) ;
#6288 = VERTEX_POINT ( 'NONE', #4345 ) ;
#6289 = CARTESIAN_POINT ( 'NONE',  ( -66.00000000000000000, -23.00000000000000000, 0.0000000000000000000 ) ) ;
#6290 = VECTOR ( 'NONE', #2390, 1000.000000000000000 ) ;
#6291 = ORIENTED_EDGE ( 'NONE', *, *, #4237, .F. ) ;
#6292 = DIRECTION ( 'NONE',  ( 0.0000000000000000000, 0.0000000000000000000, 1.000000000000000000 ) ) ;
#6293 = CARTESIAN_POINT ( 'NONE',  ( 74.00000000000001400, -0.4999999999999994400, 0.0000000000000000000 ) ) ;
#6294 = SHAPE_REPRESENTATION ( 'YH0701001_基板', ( #7414 ), #2976 ) ;
#6295 = ORIENTED_EDGE ( 'NONE', *, *, #2523, .T. ) ;
#6296 = CARTESIAN_POINT ( 'NONE',  ( 90.00000000000000000, 40.00000000000007100, 5.000000000000000000 ) ) ;
#6297 = DIRECTION ( 'NONE',  ( 1.000000000000000000, 0.0000000000000000000, 0.0000000000000000000 ) ) ;
#6298 = ORIENTED_EDGE ( 'NONE', *, *, #7459, .T. ) ;
#6299 = VERTEX_POINT ( 'NONE', #2565 ) ;
#6300 = EDGE_CURVE ( 'NONE', #7102, #2209, #7663, .T. ) ;
#6301 = ADVANCED_FACE ( 'NONE', ( #3520 ), #6356, .F. ) ;
#6302 = CYLINDRICAL_SURFACE ( 'NONE', #3171, 6.000000000000000900 ) ;
#6303 = DIRECTION ( 'NONE',  ( 1.000000000000000000, 0.0000000000000000000, 0.0000000000000000000 ) ) ;
#6304 = EDGE_LOOP ( 'NONE', ( #1343, #5086, #5817, #4666 ) ) ;
#6305 = VERTEX_POINT ( 'NONE', #2529 ) ;
#6306 = DIRECTION ( 'NONE',  ( -1.000000000000000000, 0.0000000000000000000, 0.0000000000000000000 ) ) ;
#6307 = AXIS2_PLACEMENT_3D ( 'NONE', #5196, #860, #917 ) ;
#6308 = CARTESIAN_POINT ( 'NONE',  ( 0.0000000000000000000, 0.0000000000000000000, 10.00000000000000000 ) ) ;
#6309 = ORIENTED_EDGE ( 'NONE', *, *, #1061, .F. ) ;
#6310 = DIRECTION ( 'NONE',  ( -0.0000000000000000000, -0.0000000000000000000, 1.000000000000000000 ) ) ;
#6311 = CARTESIAN_POINT ( 'NONE',  ( 74.00000000000001400, -14.49999999999999800, 6.000000000000000000 ) ) ;
#6312 = DIRECTION ( 'NONE',  ( -1.000000000000000000, 0.0000000000000000000, 0.0000000000000000000 ) ) ;
#6313 = VECTOR ( 'NONE', #7831, 1000.000000000000000 ) ;
#6314 = VERTEX_POINT ( 'NONE', #1375 ) ;
#6315 = ORIENTED_EDGE ( 'NONE', *, *, #5214, .F. ) ;
#6316 =( GEOMETRIC_REPRESENTATION_CONTEXT ( 3 ) GLOBAL_UNCERTAINTY_ASSIGNED_CONTEXT ( ( #7025 ) ) GLOBAL_UNIT_ASSIGNED_CONTEXT ( ( #62, #3239, #5523 ) ) REPRESENTATION_CONTEXT ( 'NONE', 'WORKASPACE' ) );
#6317 = EDGE_CURVE ( 'NONE', #246, #1793, #5124, .T. ) ;
#6318 = LINE ( 'NONE', #3870, #7140 ) ;
#6319 = APPLICATION_PROTOCOL_DEFINITION ( 'draft international standard', 'automotive_design', 1998, #2560 ) ;
#6320 = ORIENTED_EDGE ( 'NONE', *, *, #129, .T. ) ;
#6321 = ORIENTED_EDGE ( 'NONE', *, *, #4706, .T. ) ;
#6322 = CARTESIAN_POINT ( 'NONE',  ( -79.99999999999998600, -55.00000000000000000, 0.0000000000000000000 ) ) ;
#6323 = DIRECTION ( 'NONE',  ( -1.000000000000000000, 0.0000000000000000000, 0.0000000000000000000 ) ) ;
#6324 = EDGE_CURVE ( 'NONE', #5110, #7645, #6071, .T. ) ;
#6325 = VERTEX_POINT ( 'NONE', #5637 ) ;
#6326 = AXIS2_PLACEMENT_3D ( 'NONE', #1929, #3230, #4966 ) ;
#6327 = ORIENTED_EDGE ( 'NONE', *, *, #6577, .T. ) ;
#6328 = ORIENTED_EDGE ( 'NONE', *, *, #5361, .F. ) ;
#6329 = DIRECTION ( 'NONE',  ( 1.000000000000000000, 0.0000000000000000000, 0.0000000000000000000 ) ) ;
#6330 = PRESENTATION_STYLE_ASSIGNMENT (( #6167 ) ) ;
#6331 = DIRECTION ( 'NONE',  ( 0.0000000000000000000, 0.0000000000000000000, 1.000000000000000000 ) ) ;
#6332 = ADVANCED_FACE ( 'NONE', ( #4547 ), #1407, .F. ) ;
#6333 = DIRECTION ( 'NONE',  ( 0.0000000000000000000, 0.0000000000000000000, -1.000000000000000000 ) ) ;
#6334 = DIRECTION ( 'NONE',  ( 0.0000000000000000000, 0.0000000000000000000, -1.000000000000000000 ) ) ;
#6335 = VECTOR ( 'NONE', #5627, 1000.000000000000000 ) ;
#6336 = COLOUR_RGB ( '',1.000000000000000000, 1.000000000000000000, 1.000000000000000000 ) ;
#6337 = EDGE_LOOP ( 'NONE', ( #4426, #7186 ) ) ;
#6338 = CARTESIAN_POINT ( 'NONE',  ( -5.000000000000003600, 15.00000000000000000, 16.91145236876710500 ) ) ;
#6339 = EDGE_LOOP ( 'NONE', ( #4441, #1477, #1977, #6948 ) ) ;
#6340 = EDGE_CURVE ( 'NONE', #3639, #741, #455, .T. ) ;
#6341 = AXIS2_PLACEMENT_3D ( 'NONE', #6113, #1757, #7230 ) ;
#6342 = CARTESIAN_POINT ( 'NONE',  ( 0.0000000000000000000, -13.00000000000000200, 10.00000000000000000 ) ) ;
#6343 = VECTOR ( 'NONE', #1367, 1000.000000000000100 ) ;
#6344 = ORIENTED_EDGE ( 'NONE', *, *, #193, .F. ) ;
#6345 = FACE_OUTER_BOUND ( 'NONE', #1926, .T. ) ;
#6346 = SHAPE_REPRESENTATION_RELATIONSHIP ( 'NONE' , 'NONE' ,  #2289, #3416 ) ;
#6347 = AXIS2_PLACEMENT_3D ( 'NONE', #7289, #1763, #5455 ) ;
#6348 = EDGE_CURVE ( 'NONE', #1584, #2160, #5972, .T. ) ;
#6349 = AXIS2_PLACEMENT_3D ( 'NONE', #958, #2132, #910 ) ;
#6350 = CYLINDRICAL_SURFACE ( 'NONE', #5457, 4.000000000000003600 ) ;
#6351 = ORIENTED_EDGE ( 'NONE', *, *, #2750, .T. ) ;
#6352 = CARTESIAN_POINT ( 'NONE',  ( 0.0000000000000000000, 0.0000000000000000000, 30.00000000000000000 ) ) ;
#6353 = DIRECTION ( 'NONE',  ( 1.000000000000000000, 0.0000000000000000000, 0.0000000000000000000 ) ) ;
#6354 = VERTEX_POINT ( 'NONE', #255 ) ;
#6355 = CARTESIAN_POINT ( 'NONE',  ( 45.00000000000000700, -68.00000000000000000, 6.000000000000000000 ) ) ;
#6356 = CYLINDRICAL_SURFACE ( 'NONE', #1706, 1.650000000000000400 ) ;
#6357 = LINE ( 'NONE', #3621, #4454 ) ;
#6358 = VERTEX_POINT ( 'NONE', #1515 ) ;
#6359 = CARTESIAN_POINT ( 'NONE',  ( -32.00000000000000700, 55.00000000000000000, 6.000000000000000000 ) ) ;
#6360 = ORIENTED_EDGE ( 'NONE', *, *, #2783, .F. ) ;
#6361 = DIRECTION ( 'NONE',  ( 1.165737771315651500E-016, -0.0000000000000000000, -1.000000000000000000 ) ) ;
#6362 = DIRECTION ( 'NONE',  ( 0.0000000000000000000, 0.0000000000000000000, -1.000000000000000000 ) ) ;
#6363 = DIRECTION ( 'NONE',  ( -0.0000000000000000000, -0.0000000000000000000, 1.000000000000000000 ) ) ;
#6364 = EDGE_CURVE ( 'NONE', #3361, #934, #7480, .T. ) ;
#6365 = FACE_BOUND ( 'NONE', #6854, .T. ) ;
#6366 = DIRECTION ( 'NONE',  ( -0.0000000000000000000, 1.000000000000000000, -0.0000000000000000000 ) ) ;
#6367 = LINE ( 'NONE', #2101, #7297 ) ;
#6368 = EDGE_LOOP ( 'NONE', ( #6689, #6295, #4549, #7739 ) ) ;
#6369 = DIRECTION ( 'NONE',  ( -0.0000000000000000000, 1.000000000000000000, 0.0000000000000000000 ) ) ;
#6370 = DIRECTION ( 'NONE',  ( 1.000000000000000000, 0.0000000000000000000, 0.0000000000000000000 ) ) ;
#6371 = ORIENTED_EDGE ( 'NONE', *, *, #2833, .F. ) ;
#6372 = DIRECTION ( 'NONE',  ( -0.0000000000000000000, -0.0000000000000000000, 1.000000000000000000 ) ) ;
#6373 = LINE ( 'NONE', #1068, #6283 ) ;
#6374 = ADVANCED_FACE ( 'NONE', ( #4365, #7180 ), #1462, .T. ) ;
#6375 =( REPRESENTATION_RELATIONSHIP ('NONE','NONE', #2360, #6294 ) REPRESENTATION_RELATIONSHIP_WITH_TRANSFORMATION ( #1599 )SHAPE_REPRESENTATION_RELATIONSHIP( ) );
#6376 = CYLINDRICAL_SURFACE ( 'NONE', #1084, 5.000000000000004400 ) ;
#6377 = EDGE_CURVE ( 'NONE', #30, #4436, #932, .T. ) ;
#6378 = DIRECTION ( 'NONE',  ( -1.000000000000000000, 0.0000000000000000000, -0.0000000000000000000 ) ) ;
#6379 = DIRECTION ( 'NONE',  ( -1.000000000000000000, 0.0000000000000000000, 0.0000000000000000000 ) ) ;
#6380 = ORIENTED_EDGE ( 'NONE', *, *, #5106, .F. ) ;
#6381 = FACE_BOUND ( 'NONE', #1285, .T. ) ;
#6382 = ORIENTED_EDGE ( 'NONE', *, *, #4002, .T. ) ;
#6383 = CARTESIAN_POINT ( 'NONE',  ( 45.00000000000000000, -5.000000000000000000, 10.00000000000000000 ) ) ;
#6384 = ORIENTED_EDGE ( 'NONE', *, *, #4839, .F. ) ;
#6385 = DIRECTION ( 'NONE',  ( -0.0000000000000000000, -0.0000000000000000000, -1.000000000000000000 ) ) ;
#6386 = AXIS2_PLACEMENT_3D ( 'NONE', #4990, #1389, #5679 ) ;
#6387 = CARTESIAN_POINT ( 'NONE',  ( 79.99999999999994300, 60.00000000000001400, 10.00000000000000000 ) ) ;
#6388 = EDGE_LOOP ( 'NONE', ( #1730, #6886 ) ) ;
#6389 = DIRECTION ( 'NONE',  ( -0.0000000000000000000, -0.0000000000000000000, -1.000000000000000000 ) ) ;
#6390 = DIRECTION ( 'NONE',  ( -1.000000000000000000, 0.0000000000000000000, 0.0000000000000000000 ) ) ;
#6391 = ORIENTED_EDGE ( 'NONE', *, *, #854, .F. ) ;
#6392 = DIRECTION ( 'NONE',  ( -0.0000000000000000000, -0.0000000000000000000, -1.000000000000000000 ) ) ;
#6393 = AXIS2_PLACEMENT_3D ( 'NONE', #3958, #7615, #6390 ) ;
#6394 = EDGE_CURVE ( 'NONE', #6990, #5443, #1508, .T. ) ;
#6395 = ORIENTED_EDGE ( 'NONE', *, *, #500, .F. ) ;
#6396 = ORIENTED_EDGE ( 'NONE', *, *, #5051, .T. ) ;
#6397 = DIRECTION ( 'NONE',  ( 0.0000000000000000000, 0.0000000000000000000, -1.000000000000000000 ) ) ;
#6398 = EDGE_LOOP ( 'NONE', ( #3303, #709 ) ) ;
#6399 = ORIENTED_EDGE ( 'NONE', *, *, #1861, .T. ) ;
#6400 = AXIS2_PLACEMENT_3D ( 'NONE', #3005, #7257, #2530 ) ;
#6401 = CARTESIAN_POINT ( 'NONE',  ( -11.35000000000000100, 2.020667218593134000E-016, 10.00000000000000000 ) ) ;
#6402 = LINE ( 'NONE', #6698, #7337 ) ;
#6403 = ADVANCED_FACE ( 'NONE', ( #5794 ), #4280, .T. ) ;
#6404 = ORIENTED_EDGE ( 'NONE', *, *, #4247, .F. ) ;
#6405 = CARTESIAN_POINT ( 'NONE',  ( 47.90000000000000600, -14.49999999999999800, 0.0000000000000000000 ) ) ;
#6406 = ORIENTED_EDGE ( 'NONE', *, *, #2512, .F. ) ;
#6407 = CARTESIAN_POINT ( 'NONE',  ( 58.00000000000000000, -55.00000000000000000, 10.00000000000000000 ) ) ;
#6408 = CARTESIAN_POINT ( 'NONE',  ( -10.99999999999999600, 0.9999999999999967800, 16.00000000000000000 ) ) ;
#6409 = CARTESIAN_POINT ( 'NONE',  ( 32.00000000000000700, -55.00000000000000000, 6.000000000000000000 ) ) ;
#6410 = DIRECTION ( 'NONE',  ( -0.0000000000000000000, -0.0000000000000000000, 1.000000000000000000 ) ) ;
#6411 = DIRECTION ( 'NONE',  ( 0.0000000000000000000, 0.0000000000000000000, -1.000000000000000000 ) ) ;
#6412 = ORIENTED_EDGE ( 'NONE', *, *, #3398, .T. ) ;
#6413 = LINE ( 'NONE', #4686, #6694 ) ;
#6414 = CARTESIAN_POINT ( 'NONE',  ( -75.00000000000000000, -10.00000000000000000, 0.0000000000000000000 ) ) ;
#6415 = EDGE_LOOP ( 'NONE', ( #4443, #599, #7161, #2547, #2503, #5716 ) ) ;
#6416 = ORIENTED_EDGE ( 'NONE', *, *, #1004, .F. ) ;
#6417 = EDGE_CURVE ( 'NONE', #6226, #7766, #7382, .T. ) ;
#6418 = CARTESIAN_POINT ( 'NONE',  ( -90.00000000000002800, -40.00000000000006400, 5.000000000000000000 ) ) ;
#6419 = ORIENTED_EDGE ( 'NONE', *, *, #7415, .T. ) ;
#6420 = LINE ( 'NONE', #1415, #1566 ) ;
#6421 = VERTEX_POINT ( 'NONE', #281 ) ;
#6422 = VERTEX_POINT ( 'NONE', #3868 ) ;
#6423 = CARTESIAN_POINT ( 'NONE',  ( -14.99999999999999600, -10.00000000000000000, 16.00000000000000000 ) ) ;
#6424 = EDGE_CURVE ( 'NONE', #6122, #401, #7569, .T. ) ;
#6425 = PRESENTATION_LAYER_ASSIGNMENT (  '', '', ( #1540 ) ) ;
#6426 = VECTOR ( 'NONE', #2224, 1000.000000000000000 ) ;
#6427 = CLOSED_SHELL ( 'NONE', ( #1062, #2070, #1630, #3994, #5139, #2265, #633, #1348, #6019, #2559, #5330, #1670, #7104, #1184, #61, #4705, #1849, #1380, #83, #4202, #5978, #4372, #4783, #1618, #5023, #4068, #5063, #303, #3089, #3740, #220, #5821, #5852, #3169, #7507, #7429, #949, #4653, #2030, #7655, #4618, #7334, #5739, #7467, #1989, #3487, #734, #3812, #4153, #1865, #2472, #1053, #3363, #2974, #4464, #6849, #2431, #2802, #7867, #3563, #1888, #6159, #263, #3254, #5382, #6645, #5190, #1512, #2765, #6957, #432, #3760, #4985, #6442, #1283, #1145, #2914, #7290, #1427, #1266, #2305, #1307, #595, #1544, #1944, #1332, #5181, #2928, #1467, #6117, #4500, #1795, #4423, #386, #7313, #6055, #420, #5656, #2192, #16, #3516, #4823, #4943, #710, #2733, #7785, #5700, #3050, #6374, #913, #4277, #3190, #7094, #2452, #2227, #617, #6920, #3951, #7223, #102, #673, #5937, #2603, #3608, #3109, #4242, #6768, #6180, #7622, #5219, #5498, #3646, #4338, #4885, #4351, #3803, #7056, #1578, #6599, #5904, #4749, #6806, #4388, #4075, #3840, #4027, #978, #515, #1100 ) ) ;
#6428 = FACE_BOUND ( 'NONE', #2527, .T. ) ;
#6429 = ORIENTED_EDGE ( 'NONE', *, *, #1132, .F. ) ;
#6430 = DIRECTION ( 'NONE',  ( -0.0000000000000000000, -0.0000000000000000000, 1.000000000000000000 ) ) ;
#6431 = CARTESIAN_POINT ( 'NONE',  ( -14.99999999999999600, 10.00000000000000000, 10.00000000000000000 ) ) ;
#6432 = VECTOR ( 'NONE', #7246, 1000.000000000000000 ) ;
#6433 = ORIENTED_EDGE ( 'NONE', *, *, #2750, .F. ) ;
#6434 = EDGE_CURVE ( 'NONE', #4196, #100, #7087, .T. ) ;
#6435 = CARTESIAN_POINT ( 'NONE',  ( 0.0000000000000000000, 0.0000000000000000000, 10.00000000000000000 ) ) ;
#6436 = EDGE_LOOP ( 'NONE', ( #7788, #7649, #1965, #2505 ) ) ;
#6437 = DIRECTION ( 'NONE',  ( 0.0000000000000000000, 0.0000000000000000000, 1.000000000000000000 ) ) ;
#6438 = DIRECTION ( 'NONE',  ( -1.000000000000000000, 0.0000000000000000000, 0.0000000000000000000 ) ) ;
#6439 = CIRCLE ( 'NONE', #6541, 3.999999999999996400 ) ;
#6440 = LINE ( 'NONE', #5354, #7848 ) ;
#6441 = ORIENTED_EDGE ( 'NONE', *, *, #6024, .T. ) ;
#6442 = ADVANCED_FACE ( 'NONE', ( #5501 ), #2460, .T. ) ;
#6443 = EDGE_LOOP ( 'NONE', ( #806, #1217, #533, #1265 ) ) ;
#6444 = AXIS2_PLACEMENT_3D ( 'NONE', #5172, #1526, #4526 ) ;
#6445 = CARTESIAN_POINT ( 'NONE',  ( 0.0000000000000000000, 13.00000000000000200, 10.00000000000000000 ) ) ;
#6446 = DIRECTION ( 'NONE',  ( 0.0000000000000000000, 0.0000000000000000000, 1.000000000000000000 ) ) ;
#6447 = LINE ( 'NONE', #5316, #3434 ) ;
#6448 = DIRECTION ( 'NONE',  ( -0.0000000000000000000, -0.0000000000000000000, -1.000000000000000000 ) ) ;
#6449 = LINE ( 'NONE', #2528, #5803 ) ;
#6450 = VERTEX_POINT ( 'NONE', #3997 ) ;
#6451 = CARTESIAN_POINT ( 'NONE',  ( 40.09401076758509000, 0.0000000000000000000, 57.99999999999997900 ) ) ;
#6452 = COLOUR_RGB ( '',1.000000000000000000, 1.000000000000000000, 1.000000000000000000 ) ;
#6453 = CIRCLE ( 'NONE', #1342, 2.100000000000004500 ) ;
#6454 = ADVANCED_BREP_SHAPE_REPRESENTATION ( '', ( #7850, #7414 ), #6870 ) ;
#6455 = LINE ( 'NONE', #333, #1518 ) ;
#6456 = ORIENTED_EDGE ( 'NONE', *, *, #6192, .F. ) ;
#6457 = DIRECTION ( 'NONE',  ( 0.0000000000000000000, 0.0000000000000000000, -1.000000000000000000 ) ) ;
#6458 = CARTESIAN_POINT ( 'NONE',  ( 14.00000000000000000, 1.714505518806294600E-015, 30.00000000000000000 ) ) ;
#6459 = ORIENTED_EDGE ( 'NONE', *, *, #7482, .F. ) ;
#6460 = CARTESIAN_POINT ( 'NONE',  ( -53.00000000000000700, -10.00000000000000000, 6.000000000000000000 ) ) ;
#6461 = EDGE_CURVE ( 'NONE', #7324, #7686, #258, .T. ) ;
#6462 = FACE_OUTER_BOUND ( 'NONE', #144, .T. ) ;
#6463 =( NAMED_UNIT ( * ) SI_UNIT ( $, .STERADIAN. ) SOLID_ANGLE_UNIT ( ) );
#6464 = VECTOR ( 'NONE', #6138, 1000.000000000000000 ) ;
#6465 = ORIENTED_EDGE ( 'NONE', *, *, #5214, .T. ) ;
#6466 = CIRCLE ( 'NONE', #7063, 1.650000000000000400 ) ;
#6467 = ORIENTED_EDGE ( 'NONE', *, *, #3272, .T. ) ;
#6468 = DIRECTION ( 'NONE',  ( 1.000000000000000000, 0.0000000000000000000, 0.0000000000000000000 ) ) ;
#6469 = EDGE_LOOP ( 'NONE', ( #3727, #3559, #1448, #4107 ) ) ;
#6470 = EDGE_CURVE ( 'NONE', #7784, #7392, #4181, .T. ) ;
#6471 = AXIS2_PLACEMENT_3D ( 'NONE', #7437, #6868, #2038 ) ;
#6472 = LINE ( 'NONE', #1882, #6464 ) ;
#6473 = ORIENTED_EDGE ( 'NONE', *, *, #1243, .T. ) ;
#6474 = ORIENTED_EDGE ( 'NONE', *, *, #5759, .F. ) ;
#6475 = DIRECTION ( 'NONE',  ( 0.0000000000000000000, 0.0000000000000000000, -1.000000000000000000 ) ) ;
#6476 = VECTOR ( 'NONE', #7212, 1000.000000000000000 ) ;
#6477 = ORIENTED_EDGE ( 'NONE', *, *, #2276, .T. ) ;
#6478 = ORIENTED_EDGE ( 'NONE', *, *, #1085, .F. ) ;
#6479 = EDGE_CURVE ( 'NONE', #5267, #7599, #6169, .T. ) ;
#6480 = ADVANCED_FACE ( 'NONE', ( #5307 ), #2271, .F. ) ;
#6481 = AXIS2_PLACEMENT_3D ( 'NONE', #2005, #6333, #783 ) ;
#6482 = CARTESIAN_POINT ( 'NONE',  ( 79.99999999999994300, 60.00000000000000700, 5.000000000000000000 ) ) ;
#6483 = DIRECTION ( 'NONE',  ( 1.000000000000000000, 0.0000000000000000000, 0.0000000000000000000 ) ) ;
#6484 = DIRECTION ( 'NONE',  ( 0.0000000000000000000, 0.0000000000000000000, -1.000000000000000000 ) ) ;
#6485 = DIRECTION ( 'NONE',  ( -0.7071067811865473500, 8.659560562354930400E-017, 0.7071067811865477900 ) ) ;
#6486 = LINE ( 'NONE', #153, #2316 ) ;
#6487 = ORIENTED_EDGE ( 'NONE', *, *, #1942, .T. ) ;
#6488 = CARTESIAN_POINT ( 'NONE',  ( -80.00000000000001400, -40.00000000000000000, 5.000000000000000000 ) ) ;
#6489 = AXIS2_PLACEMENT_3D ( 'NONE', #5388, #5995, #2991 ) ;
#6490 = EDGE_CURVE ( 'NONE', #704, #6845, #1310, .T. ) ;
#6491 = DIRECTION ( 'NONE',  ( 0.0000000000000000000, 1.000000000000000000, 0.0000000000000000000 ) ) ;
#6492 = AXIS2_PLACEMENT_3D ( 'NONE', #2170, #347, #2689 ) ;
#6493 = FACE_BOUND ( 'NONE', #7052, .T. ) ;
#6494 = DIRECTION ( 'NONE',  ( -1.000000000000000000, 0.0000000000000000000, 0.0000000000000000000 ) ) ;
#6495 = EDGE_LOOP ( 'NONE', ( #5342, #7818, #2371, #6267 ) ) ;
#6496 = VERTEX_POINT ( 'NONE', #4572 ) ;
#6497 = CARTESIAN_POINT ( 'NONE',  ( 0.0000000000000000000, 0.0000000000000000000, 0.5000000000000004400 ) ) ;
#6498 = CARTESIAN_POINT ( 'NONE',  ( -99.99999999999998600, 30.00000000000000000, 10.00000000000000000 ) ) ;
#6499 = EDGE_LOOP ( 'NONE', ( #7222, #1258, #474, #2564 ) ) ;
#6500 = VERTEX_POINT ( 'NONE', #412 ) ;
#6501 = DIRECTION ( 'NONE',  ( -0.0000000000000000000, -0.0000000000000000000, -1.000000000000000000 ) ) ;
#6502 = EDGE_CURVE ( 'NONE', #6774, #3758, #844, .T. ) ;
#6503 = DIRECTION ( 'NONE',  ( -1.000000000000000000, 0.0000000000000000000, 0.0000000000000000000 ) ) ;
#6504 = CARTESIAN_POINT ( 'NONE',  ( 0.0000000000000000000, 13.00000000000000200, 20.00000000000000000 ) ) ;
#6505 = ORIENTED_EDGE ( 'NONE', *, *, #4101, .T. ) ;
#6506 = DIRECTION ( 'NONE',  ( 0.0000000000000000000, 0.0000000000000000000, -1.000000000000000000 ) ) ;
#6507 = DIRECTION ( 'NONE',  ( -1.000000000000000000, 0.0000000000000000000, 0.0000000000000000000 ) ) ;
#6508 = VECTOR ( 'NONE', #506, 1000.000000000000000 ) ;
#6509 = ORIENTED_EDGE ( 'NONE', *, *, #5920, .F. ) ;
#6510 = DIRECTION ( 'NONE',  ( 0.0000000000000000000, 0.0000000000000000000, 1.000000000000000000 ) ) ;
#6511 = EDGE_LOOP ( 'NONE', ( #6109, #951, #7428, #6943 ) ) ;
#6512 = CARTESIAN_POINT ( 'NONE',  ( -5.000000000000018700, -30.00000000000000400, 5.000000000000000000 ) ) ;
#6513 = EDGE_CURVE ( 'NONE', #2097, #6888, #6726, .T. ) ;
#6514 = CARTESIAN_POINT ( 'NONE',  ( -69.99999999999998600, 50.00000000000002800, 5.000000000000000000 ) ) ;
#6515 = FACE_OUTER_BOUND ( 'NONE', #2954, .T. ) ;
#6516 = AXIS2_PLACEMENT_3D ( 'NONE', #2957, #4230, #2926 ) ;
#6517 = SURFACE_STYLE_FILL_AREA ( #7076 ) ;
#6518 = CARTESIAN_POINT ( 'NONE',  ( 0.0000000000000000000, 0.0000000000000000000, 10.00000000000000000 ) ) ;
#6519 = ORIENTED_EDGE ( 'NONE', *, *, #2363, .F. ) ;
#6520 = CARTESIAN_POINT ( 'NONE',  ( -79.99999999999998600, -35.00000000000000000, 0.0000000000000000000 ) ) ;
#6521 = CARTESIAN_POINT ( 'NONE',  ( 1.650000000000000100, -13.00000000000000200, 20.00000000000000000 ) ) ;
#6522 = DIRECTION ( 'NONE',  ( 0.0000000000000000000, 0.0000000000000000000, -1.000000000000000000 ) ) ;
#6523 = DIRECTION ( 'NONE',  ( 1.000000000000000000, 0.0000000000000000000, 0.0000000000000000000 ) ) ;
#6524 = ORIENTED_EDGE ( 'NONE', *, *, #1122, .T. ) ;
#6525 = DIRECTION ( 'NONE',  ( -1.000000000000000000, 0.0000000000000000000, -0.0000000000000000000 ) ) ;
#6526 = VECTOR ( 'NONE', #733, 1000.000000000000000 ) ;
#6527 = ORIENTED_EDGE ( 'NONE', *, *, #2978, .F. ) ;
#6528 = EDGE_CURVE ( 'NONE', #2448, #7143, #5492, .T. ) ;
#6529 =( GEOMETRIC_REPRESENTATION_CONTEXT ( 3 ) GLOBAL_UNCERTAINTY_ASSIGNED_CONTEXT ( ( #4239 ) ) GLOBAL_UNIT_ASSIGNED_CONTEXT ( ( #3763, #3184, #5609 ) ) REPRESENTATION_CONTEXT ( 'NONE', 'WORKASPACE' ) );
#6530 = CARTESIAN_POINT ( 'NONE',  ( 49.00000000000000000, -42.00000000000000000, 6.000000000000000000 ) ) ;
#6531 = COLOUR_RGB ( '',1.000000000000000000, 1.000000000000000000, 1.000000000000000000 ) ;
#6532 = CIRCLE ( 'NONE', #7717, 8.000000000000000000 ) ;
#6533 = ORIENTED_EDGE ( 'NONE', *, *, #5099, .F. ) ;
#6534 = DIRECTION ( 'NONE',  ( 0.0000000000000000000, 0.0000000000000000000, -1.000000000000000000 ) ) ;
#6535 = EDGE_LOOP ( 'NONE', ( #1722, #1195 ) ) ;
#6536 = CARTESIAN_POINT ( 'NONE',  ( 50.00000000000000000, -14.49999999999999800, 6.000000000000000000 ) ) ;
#6537 = DIRECTION ( 'NONE',  ( -0.0000000000000000000, 0.0000000000000000000, -1.000000000000000000 ) ) ;
#6538 = AXIS2_PLACEMENT_3D ( 'NONE', #544, #4232, #4852 ) ;
#6539 = LINE ( 'NONE', #5454, #1017 ) ;
#6540 = EDGE_CURVE ( 'NONE', #7766, #6226, #7471, .T. ) ;
#6541 = AXIS2_PLACEMENT_3D ( 'NONE', #1780, #1125, #5971 ) ;
#6542 = LINE ( 'NONE', #5792, #3428 ) ;
#6543 = ORIENTED_EDGE ( 'NONE', *, *, #4391, .T. ) ;
#6544 = CARTESIAN_POINT ( 'NONE',  ( -1.650000000000000100, -13.00000000000000200, 20.00000000000000000 ) ) ;
#6545 = VECTOR ( 'NONE', #5833, 1000.000000000000000 ) ;
#6546 = CARTESIAN_POINT ( 'NONE',  ( 60.10000000000000100, -55.00000000000000000, 0.0000000000000000000 ) ) ;
#6547 = VERTEX_POINT ( 'NONE', #1585 ) ;
#6548 = AXIS2_PLACEMENT_3D ( 'NONE', #5963, #2428, #7745 ) ;
#6549 = ORIENTED_EDGE ( 'NONE', *, *, #618, .F. ) ;
#6550 = DIRECTION ( 'NONE',  ( -0.0000000000000000000, -0.0000000000000000000, -1.000000000000000000 ) ) ;
#6551 = DIRECTION ( 'NONE',  ( 0.0000000000000000000, 0.0000000000000000000, 1.000000000000000000 ) ) ;
#6552 = FACE_OUTER_BOUND ( 'NONE', #847, .T. ) ;
#6553 = ORIENTED_EDGE ( 'NONE', *, *, #1887, .F. ) ;
#6554 = ORIENTED_EDGE ( 'NONE', *, *, #7862, .F. ) ;
#6555 = FACE_BOUND ( 'NONE', #4449, .T. ) ;
#6556 = ORIENTED_EDGE ( 'NONE', *, *, #5712, .T. ) ;
#6557 = DIRECTION ( 'NONE',  ( 0.0000000000000000000, 1.000000000000000000, 0.0000000000000000000 ) ) ;
#6558 = EDGE_CURVE ( 'NONE', #1339, #7478, #5026, .T. ) ;
#6559 = VERTEX_POINT ( 'NONE', #3468 ) ;
#6560 = DIRECTION ( 'NONE',  ( 0.0000000000000000000, 0.0000000000000000000, -1.000000000000000000 ) ) ;
#6561 = CARTESIAN_POINT ( 'NONE',  ( 49.00000000000000000, -42.00000000000000000, 0.0000000000000000000 ) ) ;
#6562 = VERTEX_POINT ( 'NONE', #332 ) ;
#6563 = ADVANCED_FACE ( 'NONE', ( #3891 ), #3426, .T. ) ;
#6564 = CYLINDRICAL_SURFACE ( 'NONE', #5081, 1.650000000000000400 ) ;
#6565 = ORIENTED_EDGE ( 'NONE', *, *, #6178, .F. ) ;
#6566 = ORIENTED_EDGE ( 'NONE', *, *, #5823, .T. ) ;
#6567 = ORIENTED_EDGE ( 'NONE', *, *, #2033, .F. ) ;
#6568 = EDGE_CURVE ( 'NONE', #1951, #5636, #4077, .T. ) ;
#6569 = STYLED_ITEM ( 'NONE', ( #728 ), #4470 ) ;
#6570 = CARTESIAN_POINT ( 'NONE',  ( -1.650000000000000100, 13.00000000000000200, 10.00000000000000000 ) ) ;
#6571 = DIRECTION ( 'NONE',  ( -1.000000000000000000, 0.0000000000000000000, 0.0000000000000000000 ) ) ;
#6572 = CARTESIAN_POINT ( 'NONE',  ( 8.000000000000001800, 0.0000000000000000000, 17.99999999999999300 ) ) ;
#6573 = EDGE_LOOP ( 'NONE', ( #6099, #5903, #2107, #5927 ) ) ;
#6574 = ORIENTED_EDGE ( 'NONE', *, *, #5277, .T. ) ;
#6575 = CARTESIAN_POINT ( 'NONE',  ( 6.000000000000000900, 0.0000000000000000000, 15.00000000000000400 ) ) ;
#6576 = DIRECTION ( 'NONE',  ( 0.0000000000000000000, 0.0000000000000000000, 1.000000000000000000 ) ) ;
#6577 = EDGE_CURVE ( 'NONE', #7843, #1403, #3046, .T. ) ;
#6578 = ORIENTED_EDGE ( 'NONE', *, *, #3557, .F. ) ;
#6579 = CARTESIAN_POINT ( 'NONE',  ( 0.0000000000000000000, -13.00000000000000200, 20.00000000000000000 ) ) ;
#6580 = PLANE ( 'NONE',  #4824 ) ;
#6581 = DIRECTION ( 'NONE',  ( 1.000000000000000000, 0.0000000000000000000, 0.0000000000000000000 ) ) ;
#6582 = DIRECTION ( 'NONE',  ( -1.000000000000000000, 0.0000000000000000000, 0.0000000000000000000 ) ) ;
#6583 = DIRECTION ( 'NONE',  ( 1.000000000000000000, 0.0000000000000000000, -0.0000000000000000000 ) ) ;
#6584 = VERTEX_POINT ( 'NONE', #4211 ) ;
#6585 = VERTEX_POINT ( 'NONE', #7781 ) ;
#6586 = DIRECTION ( 'NONE',  ( -1.000000000000000000, 0.0000000000000000000, -0.0000000000000000000 ) ) ;
#6587 = AXIS2_PLACEMENT_3D ( 'NONE', #4171, #2931, #4777 ) ;
#6588 = AXIS2_PLACEMENT_3D ( 'NONE', #3362, #2179, #7572 ) ;
#6589 = DIRECTION ( 'NONE',  ( -0.0000000000000000000, -0.0000000000000000000, -1.000000000000000000 ) ) ;
#6590 = AXIS2_PLACEMENT_3D ( 'NONE', #3408, #6936, #940 ) ;
#6591 = LINE ( 'NONE', #7125, #1761 ) ;
#6592 = VERTEX_POINT ( 'NONE', #3495 ) ;
#6593 = ORIENTED_EDGE ( 'NONE', *, *, #7357, .F. ) ;
#6594 = CARTESIAN_POINT ( 'NONE',  ( 32.00000000000000700, -55.00000000000000000, -0.0000000000000000000 ) ) ;
#6595 = DIRECTION ( 'NONE',  ( 0.0000000000000000000, -0.0000000000000000000, 1.000000000000000000 ) ) ;
#6596 = AXIS2_PLACEMENT_3D ( 'NONE', #4387, #2613, #5520 ) ;
#6597 = ORIENTED_EDGE ( 'NONE', *, *, #4747, .T. ) ;
#6598 = VECTOR ( 'NONE', #6366, 1000.000000000000000 ) ;
#6599 = ADVANCED_FACE ( 'NONE', ( #1791 ), #2259, .F. ) ;
#6600 = CIRCLE ( 'NONE', #7493, 3.999999999999996400 ) ;
#6601 = ORIENTED_EDGE ( 'NONE', *, *, #6275, .F. ) ;
#6602 =( GEOMETRIC_REPRESENTATION_CONTEXT ( 3 ) GLOBAL_UNCERTAINTY_ASSIGNED_CONTEXT ( ( #7372 ) ) GLOBAL_UNIT_ASSIGNED_CONTEXT ( ( #7418, #3817, #4413 ) ) REPRESENTATION_CONTEXT ( 'NONE', 'WORKASPACE' ) );
#6603 = ORIENTED_EDGE ( 'NONE', *, *, #2125, .T. ) ;
#6604 = EDGE_CURVE ( 'NONE', #22, #2249, #1974, .T. ) ;
#6605 = CARTESIAN_POINT ( 'NONE',  ( 0.0000000000000000000, 0.0000000000000000000, 0.5000000000000004400 ) ) ;
#6606 = DIRECTION ( 'NONE',  ( 0.0000000000000000000, 0.0000000000000000000, 1.000000000000000000 ) ) ;
#6607 = DIRECTION ( 'NONE',  ( 0.0000000000000000000, 0.0000000000000000000, 1.000000000000000000 ) ) ;
#6608 = FACE_OUTER_BOUND ( 'NONE', #373, .T. ) ;
#6609 = CIRCLE ( 'NONE', #1998, 14.99999999999999800 ) ;
#6610 = VERTEX_POINT ( 'NONE', #7197 ) ;
#6611 = FACE_OUTER_BOUND ( 'NONE', #6368, .T. ) ;
#6612 = ORIENTED_EDGE ( 'NONE', *, *, #4267, .F. ) ;
#6613 = CARTESIAN_POINT ( 'NONE',  ( 14.99999999999999300, 10.00000000000000000, 10.00000000000000000 ) ) ;
#6614 = DIRECTION ( 'NONE',  ( -0.0000000000000000000, -0.0000000000000000000, 1.000000000000000000 ) ) ;
#6615 = EDGE_CURVE ( 'NONE', #6325, #6547, #353, .T. ) ;
#6616 = DIRECTION ( 'NONE',  ( -1.000000000000000000, 0.0000000000000000000, 0.0000000000000000000 ) ) ;
#6617 = CIRCLE ( 'NONE', #769, 3.999999999999996400 ) ;
#6618 = VECTOR ( 'NONE', #2656, 1000.000000000000000 ) ;
#6619 = ORIENTED_EDGE ( 'NONE', *, *, #4934, .T. ) ;
#6620 = PLANE ( 'NONE',  #4768 ) ;
#6621 = CARTESIAN_POINT ( 'NONE',  ( -90.00000000000002800, -50.00000000000000000, 5.000000000000000000 ) ) ;
#6622 = DIRECTION ( 'NONE',  ( 0.0000000000000000000, 0.0000000000000000000, 1.000000000000000000 ) ) ;
#6623 = CARTESIAN_POINT ( 'NONE',  ( 14.99999999999999300, 10.00000000000000000, 10.00000000000000000 ) ) ;
#6624 = LINE ( 'NONE', #1482, #2953 ) ;
#6625 = ORIENTED_EDGE ( 'NONE', *, *, #58, .F. ) ;
#6626 = EDGE_CURVE ( 'NONE', #879, #1011, #6439, .T. ) ;
#6627 = AXIS2_PLACEMENT_3D ( 'NONE', #1167, #7234, #3642 ) ;
#6628 = FILL_AREA_STYLE_COLOUR ( '', #6260 ) ;
#6629 = VECTOR ( 'NONE', #3352, 1000.000000000000000 ) ;
#6630 = CARTESIAN_POINT ( 'NONE',  ( 75.00000000000007100, -45.00000000000000000, 5.000000000000000000 ) ) ;
#6631 = VECTOR ( 'NONE', #3728, 1000.000000000000000 ) ;
#6632 = VERTEX_POINT ( 'NONE', #6498 ) ;
#6633 = CARTESIAN_POINT ( 'NONE',  ( -66.00000000000000000, -10.00000000000000000, 10.00000000000000000 ) ) ;
#6634 = DIRECTION ( 'NONE',  ( 1.000000000000000000, 0.0000000000000000000, 0.0000000000000000000 ) ) ;
#6635 = CARTESIAN_POINT ( 'NONE',  ( -5.000000000000004400, -60.00000000000000000, 5.000000000000000000 ) ) ;
#6636 = AXIS2_PLACEMENT_3D ( 'NONE', #6338, #5646, #4011 ) ;
#6637 = EDGE_CURVE ( 'NONE', #100, #4196, #2071, .T. ) ;
#6638 = AXIS2_PLACEMENT_3D ( 'NONE', #198, #6446, #7113 ) ;
#6639 = CARTESIAN_POINT ( 'NONE',  ( -32.00000000000000700, 55.00000000000000000, 0.0000000000000000000 ) ) ;
#6640 = VECTOR ( 'NONE', #2054, 1000.000000000000000 ) ;
#6641 = DIRECTION ( 'NONE',  ( -0.0000000000000000000, -0.0000000000000000000, 1.000000000000000000 ) ) ;
#6642 = CARTESIAN_POINT ( 'NONE',  ( 41.00000000000000700, -68.00000000000000000, -0.0000000000000000000 ) ) ;
#6643 = LINE ( 'NONE', #5802, #465 ) ;
#6644 = FACE_OUTER_BOUND ( 'NONE', #2422, .T. ) ;
#6645 = ADVANCED_FACE ( 'NONE', ( #1397 ), #5394, .F. ) ;
#6646 = ORIENTED_EDGE ( 'NONE', *, *, #5467, .T. ) ;
#6647 = DIRECTION ( 'NONE',  ( -0.0000000000000000000, -0.0000000000000000000, -1.000000000000000000 ) ) ;
#6648 = DIRECTION ( 'NONE',  ( -0.0000000000000000000, -0.0000000000000000000, 1.000000000000000000 ) ) ;
#6649 = CIRCLE ( 'NONE', #4102, 5.000000000000004400 ) ;
#6650 = VECTOR ( 'NONE', #7635, 1000.000000000000000 ) ;
#6651 = ORIENTED_EDGE ( 'NONE', *, *, #4292, .T. ) ;
#6652 = AXIS2_PLACEMENT_3D ( 'NONE', #1837, #3638, #5480 ) ;
#6653 =( LENGTH_UNIT ( ) NAMED_UNIT ( * ) SI_UNIT ( .MILLI., .METRE. ) );
#6654 = LINE ( 'NONE', #2182, #6853 ) ;
#6655 = ORIENTED_EDGE ( 'NONE', *, *, #6944, .F. ) ;
#6656 = PLANE ( 'NONE',  #1563 ) ;
#6657 =( NAMED_UNIT ( * ) PLANE_ANGLE_UNIT ( ) SI_UNIT ( $, .RADIAN. ) );
#6658 = EDGE_LOOP ( 'NONE', ( #4315, #1840, #3964, #498 ) ) ;
#6659 = VERTEX_POINT ( 'NONE', #4700 ) ;
#6660 = CARTESIAN_POINT ( 'NONE',  ( 8.000000000000000000, 9.797174393178825700E-016, 0.0000000000000000000 ) ) ;
#6661 = CARTESIAN_POINT ( 'NONE',  ( -54.00000000000000700, 55.00000000000000000, 6.000000000000000000 ) ) ;
#6662 = DIRECTION ( 'NONE',  ( 0.0000000000000000000, 0.0000000000000000000, -1.000000000000000000 ) ) ;
#6663 = EDGE_CURVE ( 'NONE', #5187, #1314, #7652, .T. ) ;
#6664 = AXIS2_PLACEMENT_3D ( 'NONE', #4092, #2147, #5176 ) ;
#6665 = LINE ( 'NONE', #4765, #3934 ) ;
#6666 = DIRECTION ( 'NONE',  ( -0.0000000000000000000, -0.0000000000000000000, 1.000000000000000000 ) ) ;
#6667 = ORIENTED_EDGE ( 'NONE', *, *, #3008, .F. ) ;
#6668 = ORIENTED_EDGE ( 'NONE', *, *, #3160, .F. ) ;
#6669 = CARTESIAN_POINT ( 'NONE',  ( -5.000000000000011500, -45.00000000000000000, 0.0000000000000000000 ) ) ;
#6670 = DIRECTION ( 'NONE',  ( 0.0000000000000000000, 0.0000000000000000000, -1.000000000000000000 ) ) ;
#6671 = DIRECTION ( 'NONE',  ( 1.000000000000000000, 0.0000000000000000000, 0.0000000000000000000 ) ) ;
#6672 = LINE ( 'NONE', #2268, #7427 ) ;
#6673 = DIRECTION ( 'NONE',  ( 0.0000000000000000000, 0.0000000000000000000, -1.000000000000000000 ) ) ;
#6674 = ORIENTED_EDGE ( 'NONE', *, *, #524, .T. ) ;
#6675 = VERTEX_POINT ( 'NONE', #5924 ) ;
#6676 = EDGE_CURVE ( 'NONE', #5715, #4541, #6065, .T. ) ;
#6677 = AXIS2_PLACEMENT_3D ( 'NONE', #7395, #5661, #1962 ) ;
#6678 = DIRECTION ( 'NONE',  ( -0.0000000000000000000, -0.0000000000000000000, 1.000000000000000000 ) ) ;
#6679 = CARTESIAN_POINT ( 'NONE',  ( 25.00000000000000000, 15.00000000000000000, 4.000000000000000000 ) ) ;
#6680 = DIRECTION ( 'NONE',  ( 0.0000000000000000000, 0.0000000000000000000, -1.000000000000000000 ) ) ;
#6681 = ORIENTED_EDGE ( 'NONE', *, *, #1423, .F. ) ;
#6682 = ORIENTED_EDGE ( 'NONE', *, *, #6777, .T. ) ;
#6683 = ADVANCED_FACE ( 'NONE', ( #2942 ), #523, .T. ) ;
#6684 = DIRECTION ( 'NONE',  ( 1.000000000000000000, 0.0000000000000000000, 0.0000000000000000000 ) ) ;
#6685 = CYLINDRICAL_SURFACE ( 'NONE', #490, 2.099999999999997900 ) ;
#6686 = DIRECTION ( 'NONE',  ( 0.0000000000000000000, 0.0000000000000000000, 1.000000000000000000 ) ) ;
#6687 = EDGE_CURVE ( 'NONE', #1708, #5866, #4451, .T. ) ;
#6688 = CARTESIAN_POINT ( 'NONE',  ( 47.10000000000000100, -68.00000000000000000, 10.00000000000000000 ) ) ;
#6689 = ORIENTED_EDGE ( 'NONE', *, *, #3272, .F. ) ;
#6690 = DIRECTION ( 'NONE',  ( -1.000000000000000000, 0.0000000000000000000, 0.0000000000000000000 ) ) ;
#6691 = EDGE_LOOP ( 'NONE', ( #6143, #5378 ) ) ;
#6692 = CARTESIAN_POINT ( 'NONE',  ( 72.10000000000000900, -0.5000000000000000000, 6.000000000000000000 ) ) ;
#6693 = ORIENTED_EDGE ( 'NONE', *, *, #2501, .F. ) ;
#6694 = VECTOR ( 'NONE', #4137, 1000.000000000000000 ) ;
#6695 = EDGE_LOOP ( 'NONE', ( #746, #7887, #4960, #3584, #908, #2430 ) ) ;
#6696 = AXIS2_PLACEMENT_3D ( 'NONE', #6889, #3280, #3878 ) ;
#6697 = VERTEX_POINT ( 'NONE', #7756 ) ;
#6698 = CARTESIAN_POINT ( 'NONE',  ( 14.99999999999999300, -10.00000000000000000, 16.00000000000000000 ) ) ;
#6699 = CARTESIAN_POINT ( 'NONE',  ( 58.00000000000000000, -55.00000000000000000, 0.0000000000000000000 ) ) ;
#6700 = EDGE_CURVE ( 'NONE', #5068, #1597, #1874, .T. ) ;
#6701 = ADVANCED_FACE ( 'NONE', ( #4539 ), #6224, .F. ) ;
#6702 = FACE_OUTER_BOUND ( 'NONE', #4974, .T. ) ;
#6703 = FACE_OUTER_BOUND ( 'NONE', #693, .T. ) ;
#6704 = CARTESIAN_POINT ( 'NONE',  ( 8.000000000000000000, 9.797174393178825700E-016, 10.00000000000000000 ) ) ;
#6705 = ORIENTED_EDGE ( 'NONE', *, *, #4922, .T. ) ;
#6706 =( NAMED_UNIT ( * ) PLANE_ANGLE_UNIT ( ) SI_UNIT ( $, .RADIAN. ) );
#6707 = AXIS2_PLACEMENT_3D ( 'NONE', #476, #2858, #4732 ) ;
#6708 = EDGE_CURVE ( 'NONE', #7279, #1641, #1208, .T. ) ;
#6709 = CYLINDRICAL_SURFACE ( 'NONE', #3785, 2.099999999999997900 ) ;
#6710 = CYLINDRICAL_SURFACE ( 'NONE', #2514, 1.650000000000000100 ) ;
#6711 = EDGE_LOOP ( 'NONE', ( #4119, #909, #5343, #6441 ) ) ;
#6712 = CARTESIAN_POINT ( 'NONE',  ( 11.35000000000000100, 0.0000000000000000000, 10.00000000000000000 ) ) ;
#6713 = ORIENTED_EDGE ( 'NONE', *, *, #3480, .F. ) ;
#6714 = DIRECTION ( 'NONE',  ( -1.000000000000000000, 0.0000000000000000000, 0.0000000000000000000 ) ) ;
#6715 = VECTOR ( 'NONE', #4805, 1000.000000000000000 ) ;
#6716 = LINE ( 'NONE', #5191, #5115 ) ;
#6717 = LINE ( 'NONE', #3902, #2361 ) ;
#6718 = EDGE_LOOP ( 'NONE', ( #6328, #3742, #5694, #3003 ) ) ;
#6719 = DIRECTION ( 'NONE',  ( 1.000000000000000000, 0.0000000000000000000, 0.0000000000000000000 ) ) ;
#6720 = ORIENTED_EDGE ( 'NONE', *, *, #6984, .T. ) ;
#6721 = EDGE_CURVE ( 'NONE', #7348, #6794, #7078, .T. ) ;
#6722 = DIRECTION ( 'NONE',  ( 0.0000000000000000000, 1.000000000000000000, 0.0000000000000000000 ) ) ;
#6723 = ADVANCED_FACE ( 'NONE', ( #2454 ), #4270, .T. ) ;
#6724 = AXIS2_PLACEMENT_3D ( 'NONE', #3462, #4059, #7688 ) ;
#6725 = DIRECTION ( 'NONE',  ( -0.0000000000000000000, -0.0000000000000000000, 1.000000000000000000 ) ) ;
#6726 = CIRCLE ( 'NONE', #6140, 8.000000000000000000 ) ;
#6727 = DIRECTION ( 'NONE',  ( -0.0000000000000000000, -0.0000000000000000000, -1.000000000000000000 ) ) ;
#6728 = PRODUCT_DEFINITION_CONTEXT ( 'detailed design', #900, 'design' ) ;
#6729 = LINE ( 'NONE', #2232, #5227 ) ;
#6730 = ORIENTED_EDGE ( 'NONE', *, *, #2441, .T. ) ;
#6731 = ORIENTED_EDGE ( 'NONE', *, *, #4091, .T. ) ;
#6732 = PLANE ( 'NONE',  #5770 ) ;
#6733 = DIRECTION ( 'NONE',  ( 1.051613052770068500E-016, -0.0000000000000000000, -1.000000000000000000 ) ) ;
#6734 = DIRECTION ( 'NONE',  ( -0.0000000000000000000, -0.0000000000000000000, -1.000000000000000000 ) ) ;
#6735 = FACE_BOUND ( 'NONE', #4349, .T. ) ;
#6736 = EDGE_CURVE ( 'NONE', #1115, #7143, #551, .T. ) ;
#6737 = AXIS2_PLACEMENT_3D ( 'NONE', #2076, #1489, #6924 ) ;
#6738 = FACE_OUTER_BOUND ( 'NONE', #3704, .T. ) ;
#6739 = ORIENTED_EDGE ( 'NONE', *, *, #6348, .T. ) ;
#6740 =( NAMED_UNIT ( * ) SI_UNIT ( $, .STERADIAN. ) SOLID_ANGLE_UNIT ( ) );
#6741 = ORIENTED_EDGE ( 'NONE', *, *, #5582, .T. ) ;
#6742 = CARTESIAN_POINT ( 'NONE',  ( 11.35000000000000100, 0.0000000000000000000, 18.00000000000000400 ) ) ;
#6743 = CIRCLE ( 'NONE', #6839, 3.999999999999996400 ) ;
#6744 = ORIENTED_EDGE ( 'NONE', *, *, #1579, .F. ) ;
#6745 = CARTESIAN_POINT ( 'NONE',  ( -14.99999999999999600, 10.00000000000000000, 10.00000000000000000 ) ) ;
#6746 = ADVANCED_FACE ( 'NONE', ( #642 ), #1300, .F. ) ;
#6747 = AXIS2_PLACEMENT_3D ( 'NONE', #3766, #3189, #94 ) ;
#6748 = VERTEX_POINT ( 'NONE', #3726 ) ;
#6749 = EDGE_CURVE ( 'NONE', #2856, #1347, #154, .T. ) ;
#6750 = AXIS2_PLACEMENT_3D ( 'NONE', #5069, #3776, #1978 ) ;
#6751 = DIRECTION ( 'NONE',  ( 1.000000000000000000, 0.0000000000000000000, 0.0000000000000000000 ) ) ;
#6752 = DIRECTION ( 'NONE',  ( -0.0000000000000000000, -0.0000000000000000000, 1.000000000000000000 ) ) ;
#6753 = ORIENTED_EDGE ( 'NONE', *, *, #5851, .T. ) ;
#6754 = DIRECTION ( 'NONE',  ( 0.0000000000000000000, 0.0000000000000000000, 1.000000000000000000 ) ) ;
#6755 = FACE_BOUND ( 'NONE', #1247, .T. ) ;
#6756 = VERTEX_POINT ( 'NONE', #2440 ) ;
#6757 = CARTESIAN_POINT ( 'NONE',  ( 49.00000000000000000, -68.00000000000000000, 0.0000000000000000000 ) ) ;
#6758 = VERTEX_POINT ( 'NONE', #1286 ) ;
#6759 = CARTESIAN_POINT ( 'NONE',  ( 1.650000000000000100, -13.00000000000000200, 10.00000000000000000 ) ) ;
#6760 = AXIS2_PLACEMENT_3D ( 'NONE', #7872, #4867, #4268 ) ;
#6761 = ORIENTED_EDGE ( 'NONE', *, *, #7331, .F. ) ;
#6762 = LINE ( 'NONE', #7822, #5162 ) ;
#6763 = DIRECTION ( 'NONE',  ( 1.067522139062651900E-016, -1.000000000000000000, 0.0000000000000000000 ) ) ;
#6764 = EDGE_CURVE ( 'NONE', #7764, #2288, #5875, .T. ) ;
#6765 = DIRECTION ( 'NONE',  ( -0.0000000000000000000, -0.0000000000000000000, 1.000000000000000000 ) ) ;
#6766 = VERTEX_POINT ( 'NONE', #1207 ) ;
#6767 = VERTEX_POINT ( 'NONE', #629 ) ;
#6768 = ADVANCED_FACE ( 'NONE', ( #2660, #5299 ), #3071, .T. ) ;
#6769 = FILL_AREA_STYLE ('',( #1934 ) ) ;
#6770 = VECTOR ( 'NONE', #5317, 1000.000000000000000 ) ;
#6771 = FILL_AREA_STYLE ('',( #1810 ) ) ;
#6772 = EDGE_LOOP ( 'NONE', ( #1691, #6395 ) ) ;
#6773 = CARTESIAN_POINT ( 'NONE',  ( 1.650000000000000100, -13.00000000000000200, 20.00000000000000000 ) ) ;
#6774 = VERTEX_POINT ( 'NONE', #5680 ) ;
#6775 = DIRECTION ( 'NONE',  ( -0.0000000000000000000, -0.0000000000000000000, -1.000000000000000000 ) ) ;
#6776 = CARTESIAN_POINT ( 'NONE',  ( 6.000000000000000900, 0.0000000000000000000, 18.00000000000000400 ) ) ;
#6777 = EDGE_CURVE ( 'NONE', #6852, #5643, #7748, .T. ) ;
#6778 = AXIS2_PLACEMENT_3D ( 'NONE', #3915, #3463, #4015 ) ;
#6779 = CIRCLE ( 'NONE', #4169, 11.00000000000000000 ) ;
#6780 = DIRECTION ( 'NONE',  ( -0.0000000000000000000, -0.0000000000000000000, -1.000000000000000000 ) ) ;
#6781 = ORIENTED_EDGE ( 'NONE', *, *, #2884, .T. ) ;
#6782 = CARTESIAN_POINT ( 'NONE',  ( -90.00000000000000000, 9.999999999999994700, 0.0000000000000000000 ) ) ;
#6783 = VECTOR ( 'NONE', #2623, 1000.000000000000000 ) ;
#6784 = DIRECTION ( 'NONE',  ( -0.0000000000000000000, -0.0000000000000000000, 1.000000000000000000 ) ) ;
#6785 = EDGE_CURVE ( 'NONE', #3210, #322, #4832, .T. ) ;
#6786 = VERTEX_POINT ( 'NONE', #1318 ) ;
#6787 = ORIENTED_EDGE ( 'NONE', *, *, #2211, .F. ) ;
#6788 = CARTESIAN_POINT ( 'NONE',  ( -14.99999999999999600, -10.00000000000000000, 31.00000000000000000 ) ) ;
#6789 = CARTESIAN_POINT ( 'NONE',  ( -10.99999999999999500, -10.00000000000000000, 31.00000000000000000 ) ) ;
#6790 = CARTESIAN_POINT ( 'NONE',  ( -47.10000000000000100, 68.00000000000000000, 6.000000000000000000 ) ) ;
#6791 = CARTESIAN_POINT ( 'NONE',  ( 70.97371110333809000, -35.73236583858654600, 195.0000000000000000 ) ) ;
#6792 = LINE ( 'NONE', #5377, #1081 ) ;
#6793 = VERTEX_POINT ( 'NONE', #6269 ) ;
#6794 = VERTEX_POINT ( 'NONE', #768 ) ;
#6795 = AXIS2_PLACEMENT_3D ( 'NONE', #2217, #2792, #2742 ) ;
#6796 = DIRECTION ( 'NONE',  ( 0.0000000000000000000, 0.0000000000000000000, 1.000000000000000000 ) ) ;
#6797 = EDGE_CURVE ( 'NONE', #7102, #4955, #1008, .T. ) ;
#6798 = AXIS2_PLACEMENT_3D ( 'NONE', #2118, #272, #2062 ) ;
#6799 = DIRECTION ( 'NONE',  ( -0.0000000000000000000, -0.0000000000000000000, -1.000000000000000000 ) ) ;
#6800 = MANIFOLD_SOLID_BREP ( '切除-旋转2', #6427 ) ;
#6801 = CARTESIAN_POINT ( 'NONE',  ( -54.65000000000001300, -10.00000000000000000, 6.000000000000000000 ) ) ;
#6802 = ORIENTED_EDGE ( 'NONE', *, *, #1269, .F. ) ;
#6803 = ORIENTED_EDGE ( 'NONE', *, *, #85, .F. ) ;
#6804 = EDGE_LOOP ( 'NONE', ( #5789, #997 ) ) ;
#6805 = CARTESIAN_POINT ( 'NONE',  ( 0.0000000000000000000, -13.00000000000000200, 20.00000000000000000 ) ) ;
#6806 = ADVANCED_FACE ( 'NONE', ( #3701, #7068 ), #4359, .T. ) ;
#6807 = CARTESIAN_POINT ( 'NONE',  ( 14.99999999999998900, 6.000000000000000000, 31.00000000000000000 ) ) ;
#6808 = DIRECTION ( 'NONE',  ( 0.0000000000000000000, -1.000000000000000000, 0.0000000000000000000 ) ) ;
#6809 = CIRCLE ( 'NONE', #7073, 1.650000000000000100 ) ;
#6810 = CYLINDRICAL_SURFACE ( 'NONE', #5512, 2.100000000000004500 ) ;
#6811 = ORIENTED_EDGE ( 'NONE', *, *, #5028, .F. ) ;
#6812 = DIRECTION ( 'NONE',  ( -0.0000000000000000000, -0.0000000000000000000, -1.000000000000000000 ) ) ;
#6813 = CYLINDRICAL_SURFACE ( 'NONE', #6905, 8.000000000000000000 ) ;
#6814 = EDGE_CURVE ( 'NONE', #3099, #4050, #5781, .T. ) ;
#6815 = ORIENTED_EDGE ( 'NONE', *, *, #1539, .T. ) ;
#6816 = DIRECTION ( 'NONE',  ( -1.000000000000000000, 0.0000000000000000000, 0.0000000000000000000 ) ) ;
#6817 = DIRECTION ( 'NONE',  ( 0.0000000000000000000, 0.0000000000000000000, 1.000000000000000000 ) ) ;
#6818 = DIRECTION ( 'NONE',  ( -1.000000000000000000, 0.0000000000000000000, 0.0000000000000000000 ) ) ;
#6819 = DIRECTION ( 'NONE',  ( 0.0000000000000000000, 0.0000000000000000000, -1.000000000000000000 ) ) ;
#6820 = CARTESIAN_POINT ( 'NONE',  ( 32.00000000000000700, -55.00000000000000000, 0.0000000000000000000 ) ) ;
#6821 = CYLINDRICAL_SURFACE ( 'NONE', #2962, 17.00000000000000000 ) ;
#6822 = CIRCLE ( 'NONE', #7108, 9.999999999999998200 ) ;
#6823 = VERTEX_POINT ( 'NONE', #3263 ) ;
#6824 = EDGE_LOOP ( 'NONE', ( #2473, #3351 ) ) ;
#6825 = SURFACE_SIDE_STYLE ('',( #759 ) ) ;
#6826 = EDGE_CURVE ( 'NONE', #2703, #3389, #4631, .T. ) ;
#6827 = PLANE ( 'NONE',  #6677 ) ;
#6828 = VECTOR ( 'NONE', #5252, 1000.000000000000000 ) ;
#6829 = ORIENTED_EDGE ( 'NONE', *, *, #1301, .T. ) ;
#6830 = DIRECTION ( 'NONE',  ( 0.0000000000000000000, 0.0000000000000000000, 1.000000000000000000 ) ) ;
#6831 = CARTESIAN_POINT ( 'NONE',  ( -66.00000000000000000, -23.00000000000000000, 6.000000000000000000 ) ) ;
#6832 = ORIENTED_EDGE ( 'NONE', *, *, #3030, .T. ) ;
#6833 = DIRECTION ( 'NONE',  ( 1.000000000000000000, 0.0000000000000000000, 0.0000000000000000000 ) ) ;
#6834 = CARTESIAN_POINT ( 'NONE',  ( 66.00000000000000000, -0.5000000000000000000, 6.000000000000000000 ) ) ;
#6835 = LINE ( 'NONE', #4551, #939 ) ;
#6836 = FACE_OUTER_BOUND ( 'NONE', #4036, .T. ) ;
#6837 = VERTEX_POINT ( 'NONE', #2521 ) ;
#6838 = EDGE_CURVE ( 'NONE', #4050, #1490, #736, .T. ) ;
#6839 = AXIS2_PLACEMENT_3D ( 'NONE', #655, #1282, #4911 ) ;
#6840 = DIRECTION ( 'NONE',  ( -1.000000000000000000, 0.0000000000000000000, -0.0000000000000000000 ) ) ;
#6841 = CYLINDRICAL_SURFACE ( 'NONE', #1853, 1.650000000000000100 ) ;
#6842 = CARTESIAN_POINT ( 'NONE',  ( 0.0000000000000000000, -13.00000000000000200, 20.00000000000000000 ) ) ;
#6843 = VECTOR ( 'NONE', #1203, 1000.000000000000000 ) ;
#6844 = CARTESIAN_POINT ( 'NONE',  ( -66.00000000000000000, -10.00000000000000000, 0.0000000000000000000 ) ) ;
#6845 = VERTEX_POINT ( 'NONE', #7438 ) ;
#6846 = DIRECTION ( 'NONE',  ( 0.0000000000000000000, 0.0000000000000000000, -1.000000000000000000 ) ) ;
#6847 = EDGE_CURVE ( 'NONE', #186, #6305, #7172, .T. ) ;
#6848 = AXIS2_PLACEMENT_3D ( 'NONE', #4681, #5984, #421 ) ;
#6849 = ADVANCED_FACE ( 'NONE', ( #1391 ), #7475, .F. ) ;
#6850 = SURFACE_STYLE_USAGE ( .BOTH. , #6825 ) ;
#6851 = LINE ( 'NONE', #7684, #6650 ) ;
#6852 = VERTEX_POINT ( 'NONE', #3179 ) ;
#6853 = VECTOR ( 'NONE', #1557, 999.9999999999998900 ) ;
#6854 = EDGE_LOOP ( 'NONE', ( #3774, #5509 ) ) ;
#6855 = CARTESIAN_POINT ( 'NONE',  ( 24.36811466635144500, 5.968466725480593300E-015, 35.84315225237544700 ) ) ;
#6856 = CARTESIAN_POINT ( 'NONE',  ( -89.99999999999991500, 75.00000000000000000, 0.0000000000000000000 ) ) ;
#6857 = DIRECTION ( 'NONE',  ( 1.224646799147353200E-016, -1.000000000000000000, 0.0000000000000000000 ) ) ;
#6858 = ORIENTED_EDGE ( 'NONE', *, *, #552, .T. ) ;
#6859 = EDGE_LOOP ( 'NONE', ( #4644, #918, #1040, #614 ) ) ;
#6860 = CARTESIAN_POINT ( 'NONE',  ( 42.90000000000000600, -68.00000000000000000, 0.0000000000000000000 ) ) ;
#6861 = ORIENTED_EDGE ( 'NONE', *, *, #4761, .T. ) ;
#6862 = PRODUCT_DEFINITION_SHAPE ( 'NONE', 'NONE',  #7896 ) ;
#6863 = CARTESIAN_POINT ( 'NONE',  ( -10.00000000000000200, -6.999999999999999100, 16.00000000000000000 ) ) ;
#6864 = DIRECTION ( 'NONE',  ( -1.000000000000000000, 0.0000000000000000000, 0.0000000000000000000 ) ) ;
#6865 = ORIENTED_EDGE ( 'NONE', *, *, #4033, .T. ) ;
#6866 = ORIENTED_EDGE ( 'NONE', *, *, #500, .T. ) ;
#6867 = CARTESIAN_POINT ( 'NONE',  ( 0.0000000000000000000, 0.0000000000000000000, 0.0000000000000000000 ) ) ;
#6868 = DIRECTION ( 'NONE',  ( -0.0000000000000000000, -0.0000000000000000000, 1.000000000000000000 ) ) ;
#6869 =( NAMED_UNIT ( * ) PLANE_ANGLE_UNIT ( ) SI_UNIT ( $, .RADIAN. ) );
#6870 =( GEOMETRIC_REPRESENTATION_CONTEXT ( 3 ) GLOBAL_UNCERTAINTY_ASSIGNED_CONTEXT ( ( #7611 ) ) GLOBAL_UNIT_ASSIGNED_CONTEXT ( ( #3788, #1369, #5634 ) ) REPRESENTATION_CONTEXT ( 'NONE', 'WORKASPACE' ) );
#6871 = EDGE_CURVE ( 'NONE', #6136, #1339, #1198, .T. ) ;
#6872 = DIRECTION ( 'NONE',  ( -0.0000000000000000000, -0.0000000000000000000, 1.000000000000000000 ) ) ;
#6873 = ORIENTED_EDGE ( 'NONE', *, *, #1680, .T. ) ;
#6874 = DIRECTION ( 'NONE',  ( 0.0000000000000000000, 0.0000000000000000000, 1.000000000000000000 ) ) ;
#6875 =( REPRESENTATION_RELATIONSHIP ('NONE','NONE', #2360, #7592 ) REPRESENTATION_RELATIONSHIP_WITH_TRANSFORMATION ( #1316 )SHAPE_REPRESENTATION_RELATIONSHIP( ) );
#6876 = CARTESIAN_POINT ( 'NONE',  ( 9.999999999999985800, -45.00000000000000000, 10.00000000000000000 ) ) ;
#6877 = DIRECTION ( 'NONE',  ( 1.000000000000000000, 0.0000000000000000000, 0.0000000000000000000 ) ) ;
#6878 = DIRECTION ( 'NONE',  ( 1.000000000000000000, 0.0000000000000000000, 0.0000000000000000000 ) ) ;
#6879 = EDGE_LOOP ( 'NONE', ( #5667, #5932, #6095, #2832 ) ) ;
#6880 = ORIENTED_EDGE ( 'NONE', *, *, #3665, .T. ) ;
#6881 = EDGE_CURVE ( 'NONE', #5636, #1951, #7463, .T. ) ;
#6882 = AXIS2_PLACEMENT_3D ( 'NONE', #3153, #3651, #7274 ) ;
#6883 = CARTESIAN_POINT ( 'NONE',  ( 17.00000000000000000, 2.081899558550500300E-015, 18.00000000000000400 ) ) ;
#6884 = CARTESIAN_POINT ( 'NONE',  ( 1.650000000000000100, -13.00000000000000200, 10.00000000000000000 ) ) ;
#6885 = ADVANCED_FACE ( 'NONE', ( #3232 ), #1982, .T. ) ;
#6886 = ORIENTED_EDGE ( 'NONE', *, *, #3557, .T. ) ;
#6887 = CARTESIAN_POINT ( 'NONE',  ( 50.00000000000000000, -14.49999999999999800, 0.0000000000000000000 ) ) ;
#6888 = VERTEX_POINT ( 'NONE', #2745 ) ;
#6889 = CARTESIAN_POINT ( 'NONE',  ( 80.00000000000000000, 50.00000000000000000, 5.000000000000000000 ) ) ;
#6890 = CARTESIAN_POINT ( 'NONE',  ( 74.00000000000001400, -14.49999999999999800, 0.0000000000000000000 ) ) ;
#6891 = EDGE_CURVE ( 'NONE', #7599, #3929, #4555, .T. ) ;
#6892 = DIRECTION ( 'NONE',  ( -0.0000000000000000000, -0.0000000000000000000, 1.000000000000000000 ) ) ;
#6893 = ORIENTED_EDGE ( 'NONE', *, *, #2859, .T. ) ;
#6894 = FACE_OUTER_BOUND ( 'NONE', #7154, .T. ) ;
#6895 = ORIENTED_EDGE ( 'NONE', *, *, #6202, .F. ) ;
#6896 = CARTESIAN_POINT ( 'NONE',  ( -11.00000000000000000, 1.347111479062088400E-015, 50.00000000000000000 ) ) ;
#6897 = ORIENTED_EDGE ( 'NONE', *, *, #3644, .F. ) ;
#6898 = DIRECTION ( 'NONE',  ( -0.0000000000000000000, -0.0000000000000000000, -1.000000000000000000 ) ) ;
#6899 = APPLICATION_PROTOCOL_DEFINITION ( 'draft international standard', 'automotive_design', 1998, #1483 ) ;
#6900 = SPHERICAL_SURFACE ( 'NONE', #3512, 17.00000000000000000 ) ;
#6901 = VECTOR ( 'NONE', #2374, 1000.000000000000000 ) ;
#6902 = ORIENTED_EDGE ( 'NONE', *, *, #6263, .T. ) ;
#6903 = AXIS2_PLACEMENT_3D ( 'NONE', #5481, #7844, #589 ) ;
#6904 = EDGE_CURVE ( 'NONE', #4669, #6016, #7838, .T. ) ;
#6905 = AXIS2_PLACEMENT_3D ( 'NONE', #6435, #7032, #4636 ) ;
#6906 = VERTEX_POINT ( 'NONE', #5757 ) ;
#6907 = CYLINDRICAL_SURFACE ( 'NONE', #7827, 9.999999999999998200 ) ;
#6908 = EDGE_LOOP ( 'NONE', ( #260, #1066, #6045, #5450 ) ) ;
#6909 = DIRECTION ( 'NONE',  ( -1.000000000000000000, 0.0000000000000000000, 0.0000000000000000000 ) ) ;
#6910 = VECTOR ( 'NONE', #5184, 1000.000000000000000 ) ;
#6911 = EDGE_CURVE ( 'NONE', #3517, #1740, #278, .T. ) ;
#6912 = LINE ( 'NONE', #5695, #1009 ) ;
#6913 = FACE_OUTER_BOUND ( 'NONE', #2622, .T. ) ;
#6914 = ORIENTED_EDGE ( 'NONE', *, *, #4813, .F. ) ;
#6915 = DIRECTION ( 'NONE',  ( -1.000000000000000000, 0.0000000000000000000, 0.0000000000000000000 ) ) ;
#6916 = DIRECTION ( 'NONE',  ( -1.000000000000000000, 0.0000000000000000000, 0.0000000000000000000 ) ) ;
#6917 = CIRCLE ( 'NONE', #59, 2.099999999999997900 ) ;
#6918 = LINE ( 'NONE', #2940, #2081 ) ;
#6919 = ORIENTED_EDGE ( 'NONE', *, *, #3587, .F. ) ;
#6920 = ADVANCED_FACE ( 'NONE', ( #4273, #5043 ), #4509, .T. ) ;
#6921 = APPLICATION_PROTOCOL_DEFINITION ( 'draft international standard', 'automotive_design', 1998, #5076 ) ;
#6922 = EDGE_CURVE ( 'NONE', #5286, #1562, #6244, .T. ) ;
#6923 = AXIS2_PLACEMENT_3D ( 'NONE', #2225, #4690, #4060 ) ;
#6924 = DIRECTION ( 'NONE',  ( 1.000000000000000000, 0.0000000000000000000, 0.0000000000000000000 ) ) ;
#6925 = LINE ( 'NONE', #2135, #3155 ) ;
#6926 = CARTESIAN_POINT ( 'NONE',  ( 14.65000000000000200, 2.020667218593133500E-016, 20.00000000000000000 ) ) ;
#6927 = FACE_OUTER_BOUND ( 'NONE', #3641, .T. ) ;
#6928 = VERTEX_POINT ( 'NONE', #217 ) ;
#6929 = ORIENTED_EDGE ( 'NONE', *, *, #7681, .F. ) ;
#6930 = EDGE_CURVE ( 'NONE', #2222, #967, #2055, .T. ) ;
#6931 = AXIS2_PLACEMENT_3D ( 'NONE', #3922, #5163, #329 ) ;
#6932 = DIRECTION ( 'NONE',  ( 1.000000000000000000, 0.0000000000000000000, 0.0000000000000000000 ) ) ;
#6933 = CARTESIAN_POINT ( 'NONE',  ( 1.650000000000000100, -13.00000000000000200, 10.00000000000000000 ) ) ;
#6934 = VERTEX_POINT ( 'NONE', #7544 ) ;
#6935 = CARTESIAN_POINT ( 'NONE',  ( 15.00000000000000400, 2.500000000000000900, 10.00000000000000000 ) ) ;
#6936 = DIRECTION ( 'NONE',  ( 0.0000000000000000000, 0.0000000000000000000, 1.000000000000000000 ) ) ;
#6937 = VERTEX_POINT ( 'NONE', #6896 ) ;
#6938 = DIRECTION ( 'NONE',  ( 0.0000000000000000000, 0.0000000000000000000, 1.000000000000000000 ) ) ;
#6939 = CARTESIAN_POINT ( 'NONE',  ( -79.99999999999998600, -55.00000000000000000, 5.000000000000000000 ) ) ;
#6940 = ORIENTED_EDGE ( 'NONE', *, *, #4138, .F. ) ;
#6941 = CARTESIAN_POINT ( 'NONE',  ( 17.00000000000011000, 15.00000000000000000, 9.999999999999998200 ) ) ;
#6942 = AXIS2_PLACEMENT_3D ( 'NONE', #3746, #6727, #5488 ) ;
#6943 = ORIENTED_EDGE ( 'NONE', *, *, #2033, .T. ) ;
#6944 = EDGE_CURVE ( 'NONE', #6165, #1, #2644, .T. ) ;
#6945 = APPLICATION_CONTEXT ( 'automotive_design' ) ;
#6946 = ORIENTED_EDGE ( 'NONE', *, *, #5608, .T. ) ;
#6947 = CIRCLE ( 'NONE', #5333, 14.00000000000000000 ) ;
#6948 = ORIENTED_EDGE ( 'NONE', *, *, #5500, .T. ) ;
#6949 = EDGE_LOOP ( 'NONE', ( #3057, #4930, #1090, #2197 ) ) ;
#6950 = CARTESIAN_POINT ( 'NONE',  ( 0.0000000000000000000, 0.0000000000000000000, 18.00000000000000000 ) ) ;
#6951 = ORIENTED_EDGE ( 'NONE', *, *, #5400, .F. ) ;
#6952 = CARTESIAN_POINT ( 'NONE',  ( -3.000000000000004400, 15.00000000000000000, 3.999999999999999100 ) ) ;
#6953 = AXIS2_PLACEMENT_3D ( 'NONE', #3353, #3402, #7613 ) ;
#6954 = CARTESIAN_POINT ( 'NONE',  ( -5.000000000000018700, -30.00000000000000400, 5.000000000000000000 ) ) ;
#6955 = ORIENTED_EDGE ( 'NONE', *, *, #2251, .T. ) ;
#6956 = ORIENTED_EDGE ( 'NONE', *, *, #3259, .F. ) ;
#6957 = ADVANCED_FACE ( 'NONE', ( #5771 ), #896, .F. ) ;
#6958 = CARTESIAN_POINT ( 'NONE',  ( -14.99999999999999600, 2.500000000000000900, 10.00000000000000000 ) ) ;
#6959 = CARTESIAN_POINT ( 'NONE',  ( 90.00000000000000000, 40.00000000000000000, 10.00000000000000000 ) ) ;
#6960 = CARTESIAN_POINT ( 'NONE',  ( 72.10000000000000900, -14.49999999999999800, 10.00000000000000000 ) ) ;
#6961 = LINE ( 'NONE', #3956, #5357 ) ;
#6962 = ORIENTED_EDGE ( 'NONE', *, *, #1221, .F. ) ;
#6963 = ORIENTED_EDGE ( 'NONE', *, *, #4797, .T. ) ;
#6964 = DIRECTION ( 'NONE',  ( -1.000000000000000000, 0.0000000000000000000, 0.0000000000000000000 ) ) ;
#6965 = DIRECTION ( 'NONE',  ( -1.000000000000000000, 0.0000000000000000000, 0.0000000000000000000 ) ) ;
#6966 = DIRECTION ( 'NONE',  ( -1.000000000000000000, 0.0000000000000000000, -0.0000000000000000000 ) ) ;
#6967 = EDGE_CURVE ( 'NONE', #5443, #3596, #6049, .T. ) ;
#6968 = ORIENTED_EDGE ( 'NONE', *, *, #7099, .T. ) ;
#6969 = ORIENTED_EDGE ( 'NONE', *, *, #890, .T. ) ;
#6970 = DIRECTION ( 'NONE',  ( 1.000000000000000000, 0.0000000000000000000, 0.0000000000000000000 ) ) ;
#6971 = EDGE_CURVE ( 'NONE', #1562, #5286, #5673, .T. ) ;
#6972 = MECHANICAL_DESIGN_GEOMETRIC_PRESENTATION_REPRESENTATION (  '', ( #6569 ), #1173 ) ;
#6973 = LINE ( 'NONE', #6235, #3771 ) ;
#6974 = EDGE_LOOP ( 'NONE', ( #2966, #4908, #7350, #2724 ) ) ;
#6975 = ORIENTED_EDGE ( 'NONE', *, *, #3943, .T. ) ;
#6976 = CARTESIAN_POINT ( 'NONE',  ( 50.00000000000000000, -14.49999999999999800, 10.00000000000000000 ) ) ;
#6977 = CARTESIAN_POINT ( 'NONE',  ( 75.00000000000007100, -45.00000000000000000, 5.000000000000000000 ) ) ;
#6978 = DIRECTION ( 'NONE',  ( -0.0000000000000000000, -0.0000000000000000000, 1.000000000000000000 ) ) ;
#6979 = DIRECTION ( 'NONE',  ( 1.000000000000000000, 0.0000000000000000000, 0.0000000000000000000 ) ) ;
#6980 = CYLINDRICAL_SURFACE ( 'NONE', #1558, 8.000000000000000000 ) ;
#6981 = ORIENTED_EDGE ( 'NONE', *, *, #6708, .T. ) ;
#6982 = DIRECTION ( 'NONE',  ( -1.000000000000000000, 0.0000000000000000000, 0.0000000000000000000 ) ) ;
#6983 = EDGE_LOOP ( 'NONE', ( #5368, #5881, #7476, #7354 ) ) ;
#6984 = EDGE_CURVE ( 'NONE', #6837, #698, #531, .T. ) ;
#6985 = CARTESIAN_POINT ( 'NONE',  ( 90.00000000000004300, 65.00000000000000000, 10.00000000000000000 ) ) ;
#6986 = CARTESIAN_POINT ( 'NONE',  ( 8.000000000000001800, 0.0000000000000000000, 18.00000000000000000 ) ) ;
#6987 = CARTESIAN_POINT ( 'NONE',  ( -9.999999999999998200, 7.000000000000000900, 10.00000000000000000 ) ) ;
#6988 = CARTESIAN_POINT ( 'NONE',  ( -45.00000000000000700, 55.00000000000000000, 0.0000000000000000000 ) ) ;
#6989 = LINE ( 'NONE', #3541, #923 ) ;
#6990 = VERTEX_POINT ( 'NONE', #7720 ) ;
#6991 = EDGE_LOOP ( 'NONE', ( #6787, #2171, #6218, #7543 ) ) ;
#6992 = ADVANCED_FACE ( 'NONE', ( #6608 ), #3880, .T. ) ;
#6993 = AXIS2_PLACEMENT_3D ( 'NONE', #4255, #7799, #5464 ) ;
#6994 = EDGE_CURVE ( 'NONE', #6422, #4915, #4623, .T. ) ;
#6995 = AXIS2_PLACEMENT_3D ( 'NONE', #4165, #6014, #6583 ) ;
#6996 = CIRCLE ( 'NONE', #6276, 1.650000000000000400 ) ;
#6997 = ORIENTED_EDGE ( 'NONE', *, *, #3797, .T. ) ;
#6998 = DIRECTION ( 'NONE',  ( 1.000000000000000000, 0.0000000000000000000, 0.0000000000000000000 ) ) ;
#6999 = EDGE_LOOP ( 'NONE', ( #2370, #3201, #722, #2433 ) ) ;
#7000 = VECTOR ( 'NONE', #7256, 1000.000000000000000 ) ;
#7001 = FACE_OUTER_BOUND ( 'NONE', #7695, .T. ) ;
#7002 = EDGE_LOOP ( 'NONE', ( #6291, #5906, #5556, #7253 ) ) ;
#7003 = ORIENTED_EDGE ( 'NONE', *, *, #4145, .T. ) ;
#7004 = CONTEXT_DEPENDENT_SHAPE_REPRESENTATION ( #5740, #361 ) ;
#7005 = MECHANICAL_DESIGN_GEOMETRIC_PRESENTATION_REPRESENTATION (  '', ( #5910 ), #6316 ) ;
#7006 = EDGE_CURVE ( 'NONE', #4043, #4928, #2349, .T. ) ;
#7007 = PRODUCT ( 'YH0701002_球柱', 'YH0701002_球柱', '', ( #7521 ) ) ;
#7008 = CIRCLE ( 'NONE', #6193, 1.650000000000000100 ) ;
#7009 = CARTESIAN_POINT ( 'NONE',  ( 40.09401076758509000, 0.0000000000000000000, 57.99999999999997900 ) ) ;
#7010 = EDGE_LOOP ( 'NONE', ( #3975, #6519, #1576, #2339 ) ) ;
#7011 = CARTESIAN_POINT ( 'NONE',  ( 0.0000000000000000000, 0.0000000000000000000, 18.00000000000000400 ) ) ;
#7012 = FACE_OUTER_BOUND ( 'NONE', #6023, .T. ) ;
#7013 = CIRCLE ( 'NONE', #6246, 4.000000000000003600 ) ;
#7014 = EDGE_CURVE ( 'NONE', #828, #1371, #1093, .T. ) ;
#7015 = AXIS2_PLACEMENT_3D ( 'NONE', #3094, #1284, #52 ) ;
#7016 = ORIENTED_EDGE ( 'NONE', *, *, #788, .F. ) ;
#7017 = CARTESIAN_POINT ( 'NONE',  ( 0.0000000000000000000, 0.0000000000000000000, 10.00000000000000000 ) ) ;
#7018 = CARTESIAN_POINT ( 'NONE',  ( 67.90000000000000600, -0.4999999999999997800, 0.0000000000000000000 ) ) ;
#7019 = VECTOR ( 'NONE', #3176, 1000.000000000000000 ) ;
#7020 = FACE_BOUND ( 'NONE', #4184, .T. ) ;
#7021 = ORIENTED_EDGE ( 'NONE', *, *, #1642, .T. ) ;
#7022 = LINE ( 'NONE', #6247, #4209 ) ;
#7023 = ORIENTED_EDGE ( 'NONE', *, *, #5051, .F. ) ;
#7024 = EDGE_CURVE ( 'NONE', #6934, #2098, #6989, .T. ) ;
#7025 = UNCERTAINTY_MEASURE_WITH_UNIT (LENGTH_MEASURE( 1.000000000000000100E-005 ), #62, 'distance_accuracy_value', 'NONE');
#7026 = ADVANCED_FACE ( 'NONE', ( #6702 ), #6900, .T. ) ;
#7027 = DIRECTION ( 'NONE',  ( -0.0000000000000000000, -0.0000000000000000000, -1.000000000000000000 ) ) ;
#7028 = EDGE_LOOP ( 'NONE', ( #616, #6190, #5280, #5496 ) ) ;
#7029 = DIRECTION ( 'NONE',  ( -1.224646799147353200E-016, 1.000000000000000000, -1.427617030286882000E-032 ) ) ;
#7030 = DIRECTION ( 'NONE',  ( -0.0000000000000000000, -0.0000000000000000000, -1.000000000000000000 ) ) ;
#7031 = ORIENTED_EDGE ( 'NONE', *, *, #3124, .F. ) ;
#7032 = DIRECTION ( 'NONE',  ( -0.0000000000000000000, -0.0000000000000000000, -1.000000000000000000 ) ) ;
#7033 = CARTESIAN_POINT ( 'NONE',  ( -79.00000000000000000, -10.00000000000000000, 0.0000000000000000000 ) ) ;
#7034 = AXIS2_PLACEMENT_3D ( 'NONE', #4380, #2461, #104 ) ;
#7035 = EDGE_CURVE ( 'NONE', #7384, #2880, #6809, .T. ) ;
#7036 = AXIS2_PLACEMENT_3D ( 'NONE', #3913, #3571, #1981 ) ;
#7037 = ORIENTED_EDGE ( 'NONE', *, *, #1004, .T. ) ;
#7038 = CARTESIAN_POINT ( 'NONE',  ( 32.00000000000000700, -55.00000000000000000, 6.000000000000000000 ) ) ;
#7039 = CARTESIAN_POINT ( 'NONE',  ( -5.000000000000011500, -45.00000000000000000, 5.000000000000000000 ) ) ;
#7040 = CIRCLE ( 'NONE', #2652, 2.099999999999997900 ) ;
#7041 = DIRECTION ( 'NONE',  ( 0.0000000000000000000, 0.0000000000000000000, 1.000000000000000000 ) ) ;
#7042 = DIRECTION ( 'NONE',  ( 0.0000000000000000000, 0.0000000000000000000, 1.000000000000000000 ) ) ;
#7043 = ORIENTED_EDGE ( 'NONE', *, *, #1842, .F. ) ;
#7044 = VERTEX_POINT ( 'NONE', #6521 ) ;
#7045 = CIRCLE ( 'NONE', #151, 7.999999999999892500 ) ;
#7046 = EDGE_CURVE ( 'NONE', #7701, #3932, #5578, .T. ) ;
#7047 = VERTEX_POINT ( 'NONE', #1175 ) ;
#7048 = PLANE ( 'NONE',  #7432 ) ;
#7049 = ORIENTED_EDGE ( 'NONE', *, *, #2668, .F. ) ;
#7050 = DIRECTION ( 'NONE',  ( 1.051613052770068500E-016, -0.0000000000000000000, -1.000000000000000000 ) ) ;
#7051 = ORIENTED_EDGE ( 'NONE', *, *, #4170, .T. ) ;
#7052 = EDGE_LOOP ( 'NONE', ( #6803, #3225 ) ) ;
#7053 = EDGE_CURVE ( 'NONE', #4971, #1758, #2246, .T. ) ;
#7054 = AXIS2_PLACEMENT_3D ( 'NONE', #2366, #7112, #6523 ) ;
#7055 = DIRECTION ( 'NONE',  ( -0.0000000000000000000, -0.0000000000000000000, -1.000000000000000000 ) ) ;
#7056 = ADVANCED_FACE ( 'NONE', ( #6345 ), #5389, .F. ) ;
#7057 = ORIENTED_EDGE ( 'NONE', *, *, #4544, .T. ) ;
#7058 = FACE_OUTER_BOUND ( 'NONE', #4837, .T. ) ;
#7059 = ORIENTED_EDGE ( 'NONE', *, *, #4391, .F. ) ;
#7060 = DIRECTION ( 'NONE',  ( -1.000000000000000000, 0.0000000000000000000, 0.0000000000000000000 ) ) ;
#7061 = DIRECTION ( 'NONE',  ( 1.000000000000000000, 0.0000000000000000000, -0.0000000000000000000 ) ) ;
#7062 = EDGE_CURVE ( 'NONE', #6496, #528, #1088, .T. ) ;
#7063 = AXIS2_PLACEMENT_3D ( 'NONE', #4699, #5304, #5922 ) ;
#7064 = VECTOR ( 'NONE', #2817, 1000.000000000000000 ) ;
#7065 = ORIENTED_EDGE ( 'NONE', *, *, #42, .T. ) ;
#7066 = ORIENTED_EDGE ( 'NONE', *, *, #2190, .F. ) ;
#7067 = DIRECTION ( 'NONE',  ( 0.0000000000000000000, 0.0000000000000000000, 1.000000000000000000 ) ) ;
#7068 = FACE_BOUND ( 'NONE', #6032, .T. ) ;
#7069 = DIRECTION ( 'NONE',  ( -0.0000000000000000000, -0.0000000000000000000, 1.000000000000000000 ) ) ;
#7070 = VECTOR ( 'NONE', #188, 1000.000000000000000 ) ;
#7071 = AXIS2_PLACEMENT_3D ( 'NONE', #1625, #4659, #5290 ) ;
#7072 = EDGE_CURVE ( 'NONE', #6823, #1490, #2533, .T. ) ;
#7073 = AXIS2_PLACEMENT_3D ( 'NONE', #7777, #6026, #4829 ) ;
#7074 = EDGE_LOOP ( 'NONE', ( #6556, #6265, #3968, #5031, #2397, #961, #113 ) ) ;
#7075 = CARTESIAN_POINT ( 'NONE',  ( 0.0000000000000000000, 0.0000000000000000000, 12.00000000000000200 ) ) ;
#7076 = FILL_AREA_STYLE ('',( #1686 ) ) ;
#7077 = CARTESIAN_POINT ( 'NONE',  ( -64.35000000000000900, -23.00000000000000000, 10.00000000000000000 ) ) ;
#7078 = CIRCLE ( 'NONE', #2897, 2.099999999999997900 ) ;
#7079 = DIRECTION ( 'NONE',  ( 0.0000000000000000000, 0.0000000000000000000, -1.000000000000000000 ) ) ;
#7080 = CYLINDRICAL_SURFACE ( 'NONE', #5107, 4.999999999999999100 ) ;
#7081 = VECTOR ( 'NONE', #2052, 1000.000000000000000 ) ;
#7082 = ORIENTED_EDGE ( 'NONE', *, *, #4533, .F. ) ;
#7083 = CARTESIAN_POINT ( 'NONE',  ( 85.00000000000000000, 49.99999999999996400, 5.000000000000000000 ) ) ;
#7084 = AXIS2_PLACEMENT_3D ( 'NONE', #888, #2712, #7535 ) ;
#7085 = DIRECTION ( 'NONE',  ( 1.000000000000000000, 1.067522139062651900E-016, -0.0000000000000000000 ) ) ;
#7086 = DIRECTION ( 'NONE',  ( 0.0000000000000000000, 0.0000000000000000000, -1.000000000000000000 ) ) ;
#7087 = CIRCLE ( 'NONE', #3055, 1.650000000000000400 ) ;
#7088 = EDGE_CURVE ( 'NONE', #6288, #395, #6154, .T. ) ;
#7089 = FACE_OUTER_BOUND ( 'NONE', #6499, .T. ) ;
#7090 = ORIENTED_EDGE ( 'NONE', *, *, #5310, .T. ) ;
#7091 = CARTESIAN_POINT ( 'NONE',  ( -37.00000000000000700, 55.00000000000000000, 10.00000000000000000 ) ) ;
#7092 = CIRCLE ( 'NONE', #6237, 8.000000000000000000 ) ;
#7093 = CARTESIAN_POINT ( 'NONE',  ( 80.00000000000000000, 50.00000000000000000, 10.00000000000000000 ) ) ;
#7094 = ADVANCED_FACE ( 'NONE', ( #6515, #3131 ), #6101, .T. ) ;
#7095 = LINE ( 'NONE', #825, #4096 ) ;
#7096 = ORIENTED_EDGE ( 'NONE', *, *, #4993, .F. ) ;
#7097 = CARTESIAN_POINT ( 'NONE',  ( -9.999999999999998200, 7.000000000000000900, 16.00000000000000000 ) ) ;
#7098 = ORIENTED_EDGE ( 'NONE', *, *, #3147, .T. ) ;
#7099 = EDGE_CURVE ( 'NONE', #2630, #4983, #5763, .T. ) ;
#7100 = CIRCLE ( 'NONE', #3302, 2.099999999999997900 ) ;
#7101 = LINE ( 'NONE', #1297, #2383 ) ;
#7102 = VERTEX_POINT ( 'NONE', #6834 ) ;
#7103 = CARTESIAN_POINT ( 'NONE',  ( 0.0000000000000000000, 0.0000000000000000000, 0.0000000000000000000 ) ) ;
#7104 = ADVANCED_FACE ( 'NONE', ( #4348 ), #1952, .F. ) ;
#7105 = CARTESIAN_POINT ( 'NONE',  ( 45.00000000000000700, -42.00000000000000000, 6.000000000000000000 ) ) ;
#7106 = ORIENTED_EDGE ( 'NONE', *, *, #3135, .T. ) ;
#7107 = EDGE_CURVE ( 'NONE', #2162, #1620, #6141, .T. ) ;
#7108 = AXIS2_PLACEMENT_3D ( 'NONE', #5334, #6622, #1069 ) ;
#7109 = CARTESIAN_POINT ( 'NONE',  ( -66.00000000000000000, 3.000000000000000900, 6.000000000000000000 ) ) ;
#7110 = ORIENTED_EDGE ( 'NONE', *, *, #3041, .F. ) ;
#7111 = DIRECTION ( 'NONE',  ( 0.0000000000000000000, 1.000000000000000000, 0.0000000000000000000 ) ) ;
#7112 = DIRECTION ( 'NONE',  ( 0.0000000000000000000, 0.0000000000000000000, 1.000000000000000000 ) ) ;
#7113 = DIRECTION ( 'NONE',  ( 1.000000000000000000, 0.0000000000000000000, 0.0000000000000000000 ) ) ;
#7114 = ORIENTED_EDGE ( 'NONE', *, *, #5532, .F. ) ;
#7115 = DIRECTION ( 'NONE',  ( -0.0000000000000000000, -0.0000000000000000000, 1.000000000000000000 ) ) ;
#7116 = ORIENTED_EDGE ( 'NONE', *, *, #6461, .T. ) ;
#7117 = DIRECTION ( 'NONE',  ( 1.000000000000000000, 9.251858538542976500E-017, 0.0000000000000000000 ) ) ;
#7118 = FACE_OUTER_BOUND ( 'NONE', #2386, .T. ) ;
#7119 = EDGE_LOOP ( 'NONE', ( #4904, #484, #2180, #712 ) ) ;
#7120 = ORIENTED_EDGE ( 'NONE', *, *, #7425, .T. ) ;
#7121 = CARTESIAN_POINT ( 'NONE',  ( 14.99999999999999300, 10.00000000000000000, 31.00000000000000000 ) ) ;
#7122 = EDGE_CURVE ( 'NONE', #6450, #6584, #7359, .T. ) ;
#7123 = DIRECTION ( 'NONE',  ( 9.251858538542976500E-017, -1.000000000000000000, 0.0000000000000000000 ) ) ;
#7124 = DIRECTION ( 'NONE',  ( -1.000000000000000000, 0.0000000000000000000, 0.0000000000000000000 ) ) ;
#7125 = CARTESIAN_POINT ( 'NONE',  ( 5.000000000000004400, 34.99999999999999300, 5.000000000000000000 ) ) ;
#7126 = ORIENTED_EDGE ( 'NONE', *, *, #6324, .F. ) ;
#7127 = VERTEX_POINT ( 'NONE', #5490 ) ;
#7128 = CARTESIAN_POINT ( 'NONE',  ( 0.0000000000000000000, 0.0000000000000000000, 0.0000000000000000000 ) ) ;
#7129 = CARTESIAN_POINT ( 'NONE',  ( -1.650000000000000100, -13.00000000000000200, 18.00000000000000400 ) ) ;
#7130 = PLANE ( 'NONE',  #820 ) ;
#7131 = AXIS2_PLACEMENT_3D ( 'NONE', #7454, #1472, #2085 ) ;
#7132 = EDGE_CURVE ( 'NONE', #5737, #4536, #3318, .T. ) ;
#7133 = DIRECTION ( 'NONE',  ( 0.0000000000000000000, -1.000000000000000000, 0.0000000000000000000 ) ) ;
#7134 = AXIS2_PLACEMENT_3D ( 'NONE', #10, #4301, #4980 ) ;
#7135 = CYLINDRICAL_SURFACE ( 'NONE', #903, 4.000000000000003600 ) ;
#7136 = DIRECTION ( 'NONE',  ( -0.0000000000000000000, -0.0000000000000000000, -1.000000000000000000 ) ) ;
#7137 = ORIENTED_EDGE ( 'NONE', *, *, #7319, .F. ) ;
#7138 = ORIENTED_EDGE ( 'NONE', *, *, #1801, .T. ) ;
#7139 = CARTESIAN_POINT ( 'NONE',  ( -8.000000000000000000, -16.00000000000000000, 17.99999999999999300 ) ) ;
#7140 = VECTOR ( 'NONE', #201, 1000.000000000000000 ) ;
#7141 = DIRECTION ( 'NONE',  ( -0.0000000000000000000, -0.0000000000000000000, -1.000000000000000000 ) ) ;
#7142 = FACE_BOUND ( 'NONE', #2233, .T. ) ;
#7143 = VERTEX_POINT ( 'NONE', #3200 ) ;
#7144 = AXIS2_PLACEMENT_3D ( 'NONE', #7231, #613, #1219 ) ;
#7145 = ORIENTED_EDGE ( 'NONE', *, *, #140, .T. ) ;
#7146 = ADVANCED_FACE ( 'NONE', ( #3781 ), #7742, .F. ) ;
#7147 = CARTESIAN_POINT ( 'NONE',  ( 10.00000000000000200, 7.000000000000000900, 16.00000000000000000 ) ) ;
#7148 = EDGE_CURVE ( 'NONE', #7587, #4807, #4912, .T. ) ;
#7149 = CARTESIAN_POINT ( 'NONE',  ( 45.00000000000000700, -68.00000000000000000, 0.0000000000000000000 ) ) ;
#7150 = CARTESIAN_POINT ( 'NONE',  ( 70.00000000000000000, -0.5000000000000000000, -0.0000000000000000000 ) ) ;
#7151 = CARTESIAN_POINT ( 'NONE',  ( -13.00000000000000200, 0.0000000000000000000, 18.00000000000000400 ) ) ;
#7152 = CARTESIAN_POINT ( 'NONE',  ( 32.00000000000000700, -55.00000000000000000, 0.0000000000000000000 ) ) ;
#7153 = ORIENTED_EDGE ( 'NONE', *, *, #7551, .F. ) ;
#7154 = EDGE_LOOP ( 'NONE', ( #7714, #5829, #527, #493 ) ) ;
#7155 = EDGE_CURVE ( 'NONE', #1, #6016, #5961, .T. ) ;
#7156 = CARTESIAN_POINT ( 'NONE',  ( -47.10000000000000100, 42.00000000000000000, 10.00000000000000000 ) ) ;
#7157 = ORIENTED_EDGE ( 'NONE', *, *, #2715, .F. ) ;
#7158 = VECTOR ( 'NONE', #518, 1000.000000000000000 ) ;
#7159 = AXIS2_PLACEMENT_3D ( 'NONE', #6805, #2627, #122 ) ;
#7160 = ORIENTED_EDGE ( 'NONE', *, *, #6814, .T. ) ;
#7161 = ORIENTED_EDGE ( 'NONE', *, *, #2141, .F. ) ;
#7162 = CARTESIAN_POINT ( 'NONE',  ( 47.90000000000000600, -0.5000000000000000000, 0.0000000000000000000 ) ) ;
#7163 = DIRECTION ( 'NONE',  ( 1.000000000000000000, 0.0000000000000000000, 0.0000000000000000000 ) ) ;
#7164 = DIRECTION ( 'NONE',  ( 0.0000000000000000000, 0.0000000000000000000, -1.000000000000000000 ) ) ;
#7165 = VECTOR ( 'NONE', #2306, 1000.000000000000000 ) ;
#7166 = CIRCLE ( 'NONE', #7426, 1.650000000000000400 ) ;
#7167 = ORIENTED_EDGE ( 'NONE', *, *, #6070, .F. ) ;
#7168 = DIRECTION ( 'NONE',  ( 0.0000000000000000000, 0.0000000000000000000, -1.000000000000000000 ) ) ;
#7169 = FACE_BOUND ( 'NONE', #3655, .T. ) ;
#7170 = EDGE_CURVE ( 'NONE', #2206, #7707, #719, .T. ) ;
#7171 = CARTESIAN_POINT ( 'NONE',  ( 45.00000000000000700, -55.00000000000000000, 0.0000000000000000000 ) ) ;
#7172 = LINE ( 'NONE', #814, #7374 ) ;
#7173 = FACE_OUTER_BOUND ( 'NONE', #813, .T. ) ;
#7174 = VECTOR ( 'NONE', #7299, 1000.000000000000000 ) ;
#7175 = ORIENTED_EDGE ( 'NONE', *, *, #1832, .F. ) ;
#7176 = CARTESIAN_POINT ( 'NONE',  ( -53.00000000000000700, -10.00000000000000000, 6.000000000000000000 ) ) ;
#7177 = ORIENTED_EDGE ( 'NONE', *, *, #5964, .F. ) ;
#7178 = DIRECTION ( 'NONE',  ( -1.000000000000000000, 0.0000000000000000000, -0.0000000000000000000 ) ) ;
#7179 = AXIS2_PLACEMENT_3D ( 'NONE', #4530, #5751, #4032 ) ;
#7180 = FACE_BOUND ( 'NONE', #676, .T. ) ;
#7181 = EDGE_CURVE ( 'NONE', #4709, #5621, #2927, .T. ) ;
#7182 = FACE_OUTER_BOUND ( 'NONE', #5092, .T. ) ;
#7183 = EDGE_LOOP ( 'NONE', ( #7525, #7157 ) ) ;
#7184 = CARTESIAN_POINT ( 'NONE',  ( -45.00000000000000700, 68.00000000000000000, 6.000000000000000000 ) ) ;
#7185 = DIRECTION ( 'NONE',  ( -0.0000000000000000000, -0.0000000000000000000, -1.000000000000000000 ) ) ;
#7186 = ORIENTED_EDGE ( 'NONE', *, *, #4946, .F. ) ;
#7187 = DIRECTION ( 'NONE',  ( 0.0000000000000000000, 0.0000000000000000000, 1.000000000000000000 ) ) ;
#7188 = ADVANCED_FACE ( 'NONE', ( #5571 ), #7410, .F. ) ;
#7189 = DIRECTION ( 'NONE',  ( 0.0000000000000000000, 0.0000000000000000000, -1.000000000000000000 ) ) ;
#7190 = CIRCLE ( 'NONE', #5372, 1.650000000000000100 ) ;
#7191 = CARTESIAN_POINT ( 'NONE',  ( 13.00000000000000200, 0.0000000000000000000, 10.00000000000000000 ) ) ;
#7192 = CYLINDRICAL_SURFACE ( 'NONE', #4185, 3.999999999999996400 ) ;
#7193 = ORIENTED_EDGE ( 'NONE', *, *, #6615, .T. ) ;
#7194 = AXIS2_PLACEMENT_3D ( 'NONE', #1164, #2420, #565 ) ;
#7196 = DIRECTION ( 'NONE',  ( 0.0000000000000000000, 0.0000000000000000000, -1.000000000000000000 ) ) ;
#7195 = PRESENTATION_STYLE_ASSIGNMENT (( #6850 ) ) ;
#7197 = CARTESIAN_POINT ( 'NONE',  ( 11.31244047484067000, 5.999999999999999100, 16.00000000000000000 ) ) ;
#7198 = EDGE_CURVE ( 'NONE', #6325, #828, #247, .T. ) ;
#7199 = CIRCLE ( 'NONE', #3260, 4.000000000000003600 ) ;
#7200 = FACE_OUTER_BOUND ( 'NONE', #4612, .T. ) ;
#7201 = EDGE_LOOP ( 'NONE', ( #5526, #6145, #3475, #3705 ) ) ;
#7202 = DIRECTION ( 'NONE',  ( -1.000000000000000000, 0.0000000000000000000, 0.0000000000000000000 ) ) ;
#7203 = DIRECTION ( 'NONE',  ( 0.0000000000000000000, -1.000000000000000000, 0.0000000000000000000 ) ) ;
#7204 = DIRECTION ( 'NONE',  ( -0.0000000000000000000, -0.0000000000000000000, 1.000000000000000000 ) ) ;
#7205 = CARTESIAN_POINT ( 'NONE',  ( 14.65000000000000200, 2.020667218593134000E-016, 10.00000000000000000 ) ) ;
#7206 = FACE_BOUND ( 'NONE', #7207, .T. ) ;
#7207 = EDGE_LOOP ( 'NONE', ( #4166, #5111 ) ) ;
#7208 = EDGE_CURVE ( 'NONE', #7492, #5182, #2751, .T. ) ;
#7209 = CYLINDRICAL_SURFACE ( 'NONE', #6931, 5.000000000000004400 ) ;
#7210 = ORIENTED_EDGE ( 'NONE', *, *, #4888, .F. ) ;
#7211 = DIRECTION ( 'NONE',  ( -0.0000000000000000000, -0.0000000000000000000, 1.000000000000000000 ) ) ;
#7212 = DIRECTION ( 'NONE',  ( -0.0000000000000000000, -0.0000000000000000000, 1.000000000000000000 ) ) ;
#7213 = ORIENTED_EDGE ( 'NONE', *, *, #3734, .F. ) ;
#7214 = DIRECTION ( 'NONE',  ( -1.000000000000000000, 0.0000000000000000000, 0.0000000000000000000 ) ) ;
#7215 = CARTESIAN_POINT ( 'NONE',  ( -57.00000000000000700, -10.00000000000000000, 6.000000000000000000 ) ) ;
#7216 = ORIENTED_EDGE ( 'NONE', *, *, #149, .F. ) ;
#7217 = CARTESIAN_POINT ( 'NONE',  ( -51.35000000000000100, -10.00000000000000000, 10.00000000000000000 ) ) ;
#7218 = EDGE_CURVE ( 'NONE', #6823, #6675, #325, .T. ) ;
#7219 = CIRCLE ( 'NONE', #2760, 1.650000000000000400 ) ;
#7220 = CARTESIAN_POINT ( 'NONE',  ( -24.36811466635144500, -2.984233362740297100E-015, 35.84315225237544700 ) ) ;
#7221 = EDGE_LOOP ( 'NONE', ( #512, #4018 ) ) ;
#7222 = ORIENTED_EDGE ( 'NONE', *, *, #1049, .F. ) ;
#7223 = ADVANCED_FACE ( 'NONE', ( #3404, #1669 ), #3174, .T. ) ;
#7224 = FILL_AREA_STYLE ('',( #1130 ) ) ;
#7225 = VECTOR ( 'NONE', #3143, 1000.000000000000000 ) ;
#7226 = CARTESIAN_POINT ( 'NONE',  ( -66.00000000000000000, -23.00000000000000000, 6.000000000000000000 ) ) ;
#7227 = EDGE_CURVE ( 'NONE', #2485, #3732, #37, .T. ) ;
#7228 = AXIS2_PLACEMENT_3D ( 'NONE', #6605, #6086, #5433 ) ;
#7229 = ORIENTED_EDGE ( 'NONE', *, *, #116, .T. ) ;
#7230 = DIRECTION ( 'NONE',  ( -1.000000000000000000, 0.0000000000000000000, 0.0000000000000000000 ) ) ;
#7231 = CARTESIAN_POINT ( 'NONE',  ( -89.99999999999998600, -65.00000000000000000, 0.0000000000000000000 ) ) ;
#7232 = CARTESIAN_POINT ( 'NONE',  ( 0.0000000000000000000, 0.0000000000000000000, 30.00000000000000400 ) ) ;
#7233 = FACE_BOUND ( 'NONE', #6535, .T. ) ;
#7234 = DIRECTION ( 'NONE',  ( 0.0000000000000000000, 0.0000000000000000000, 1.000000000000000000 ) ) ;
#7235 = PLANE ( 'NONE',  #7754 ) ;
#7236 = ORIENTED_EDGE ( 'NONE', *, *, #4445, .F. ) ;
#7237 = ORIENTED_EDGE ( 'NONE', *, *, #5500, .F. ) ;
#7238 = PLANE ( 'NONE',  #4640 ) ;
#7239 = AXIS2_PLACEMENT_3D ( 'NONE', #569, #1087, #6017 ) ;
#7240 = CARTESIAN_POINT ( 'NONE',  ( -90.00000000000000000, 65.00000000000000000, 10.00000000000000000 ) ) ;
#7241 = CYLINDRICAL_SURFACE ( 'NONE', #1600, 1.650000000000000100 ) ;
#7242 = CYLINDRICAL_SURFACE ( 'NONE', #575, 14.00000000000000000 ) ;
#7243 = EDGE_LOOP ( 'NONE', ( #7623, #3770, #721, #5249 ) ) ;
#7244 = EDGE_LOOP ( 'NONE', ( #5436, #739 ) ) ;
#7245 =( NAMED_UNIT ( * ) PLANE_ANGLE_UNIT ( ) SI_UNIT ( $, .RADIAN. ) );
#7246 = DIRECTION ( 'NONE',  ( -0.0000000000000000000, 1.000000000000000000, -0.0000000000000000000 ) ) ;
#7247 = AXIS2_PLACEMENT_3D ( 'NONE', #5185, #2828, #2782 ) ;
#7248 = ORIENTED_EDGE ( 'NONE', *, *, #6340, .F. ) ;
#7249 = FILL_AREA_STYLE ('',( #3706 ) ) ;
#7250 = CIRCLE ( 'NONE', #1241, 3.999999999999996400 ) ;
#7251 = VERTEX_POINT ( 'NONE', #4557 ) ;
#7252 = MECHANICAL_DESIGN_GEOMETRIC_PRESENTATION_REPRESENTATION (  '', ( #3380 ), #7516 ) ;
#7253 = ORIENTED_EDGE ( 'NONE', *, *, #3461, .T. ) ;
#7254 = EDGE_CURVE ( 'NONE', #1314, #5187, #3120, .T. ) ;
#7255 = COLOUR_RGB ( '',1.000000000000000000, 1.000000000000000000, 1.000000000000000000 ) ;
#7256 = DIRECTION ( 'NONE',  ( -0.0000000000000000000, -0.0000000000000000000, 1.000000000000000000 ) ) ;
#7257 = DIRECTION ( 'NONE',  ( -0.0000000000000000000, -0.0000000000000000000, 1.000000000000000000 ) ) ;
#7258 = CARTESIAN_POINT ( 'NONE',  ( 0.0000000000000000000, 13.00000000000000200, 20.00000000000000000 ) ) ;
#7259 = FACE_OUTER_BOUND ( 'NONE', #5451, .T. ) ;
#7260 = ORIENTED_EDGE ( 'NONE', *, *, #6, .T. ) ;
#7261 = VERTEX_POINT ( 'NONE', #6293 ) ;
#7262 = UNCERTAINTY_MEASURE_WITH_UNIT (LENGTH_MEASURE( 1.000000000000000100E-005 ), #2616, 'distance_accuracy_value', 'NONE');
#7263 = EDGE_CURVE ( 'NONE', #7599, #7654, #2740, .T. ) ;
#7264 = DIRECTION ( 'NONE',  ( -1.000000000000000000, 0.0000000000000000000, 0.0000000000000000000 ) ) ;
#7265 = ADVANCED_FACE ( 'NONE', ( #3593 ), #6980, .T. ) ;
#7266 = AXIS2_PLACEMENT_3D ( 'NONE', #7542, #1505, #1551 ) ;
#7267 = PLANE ( 'NONE',  #5128 ) ;
#7268 = SURFACE_STYLE_FILL_AREA ( #7224 ) ;
#7269 = LINE ( 'NONE', #2612, #5683 ) ;
#7270 = EDGE_LOOP ( 'NONE', ( #577, #3175, #2872, #543 ) ) ;
#7271 = DIRECTION ( 'NONE',  ( 1.000000000000000000, 0.0000000000000000000, 0.0000000000000000000 ) ) ;
#7272 = DIRECTION ( 'NONE',  ( -0.0000000000000000000, -0.0000000000000000000, -1.000000000000000000 ) ) ;
#7273 = CARTESIAN_POINT ( 'NONE',  ( 5.000000000000004400, 29.99999999999999600, 5.000000000000000000 ) ) ;
#7274 = DIRECTION ( 'NONE',  ( -1.000000000000000000, 0.0000000000000000000, 0.0000000000000000000 ) ) ;
#7275 = CARTESIAN_POINT ( 'NONE',  ( 17.37044324410520300, 0.0000000000000000000, 26.78495389014887400 ) ) ;
#7276 = SURFACE_STYLE_FILL_AREA ( #1930 ) ;
#7277 = VECTOR ( 'NONE', #6501, 1000.000000000000000 ) ;
#7278 = VECTOR ( 'NONE', #4576, 1000.000000000000000 ) ;
#7279 = VERTEX_POINT ( 'NONE', #5147 ) ;
#7280 = EDGE_CURVE ( 'NONE', #6043, #4371, #1494, .T. ) ;
#7281 = ORIENTED_EDGE ( 'NONE', *, *, #2051, .T. ) ;
#7282 =( NAMED_UNIT ( * ) SI_UNIT ( $, .STERADIAN. ) SOLID_ANGLE_UNIT ( ) );
#7283 = VECTOR ( 'NONE', #118, 1000.000000000000000 ) ;
#7284 = DIRECTION ( 'NONE',  ( -1.000000000000000000, 0.0000000000000000000, 0.0000000000000000000 ) ) ;
#7285 = LINE ( 'NONE', #5019, #1596 ) ;
#7286 = ORIENTED_EDGE ( 'NONE', *, *, #3233, .F. ) ;
#7287 = CARTESIAN_POINT ( 'NONE',  ( 8.000000000000000000, 9.797174393178825700E-016, 10.00000000000000000 ) ) ;
#7288 = DIRECTION ( 'NONE',  ( -1.000000000000000000, 0.0000000000000000000, 0.0000000000000000000 ) ) ;
#7289 = CARTESIAN_POINT ( 'NONE',  ( 0.0000000000000000000, 13.00000000000000200, 20.00000000000000000 ) ) ;
#7290 = ADVANCED_FACE ( 'NONE', ( #1294 ), #5948, .T. ) ;
#7291 = AXIS2_PLACEMENT_3D ( 'NONE', #3539, #1796, #2487 ) ;
#7292 = EDGE_CURVE ( 'NONE', #1025, #7044, #7558, .T. ) ;
#7293 = AXIS2_PLACEMENT_3D ( 'NONE', #3588, #6560, #7847 ) ;
#7294 = DIRECTION ( 'NONE',  ( 1.000000000000000000, 0.0000000000000000000, 0.0000000000000000000 ) ) ;
#7295 = FACE_OUTER_BOUND ( 'NONE', #2793, .T. ) ;
#7296 = CARTESIAN_POINT ( 'NONE',  ( -8.349999999999997900, 7.000000000000000900, 10.00000000000000000 ) ) ;
#7297 = VECTOR ( 'NONE', #3999, 1000.000000000000000 ) ;
#7298 = EDGE_LOOP ( 'NONE', ( #1177, #3895 ) ) ;
#7299 = DIRECTION ( 'NONE',  ( -0.0000000000000000000, -0.0000000000000000000, -1.000000000000000000 ) ) ;
#7300 = ORIENTED_EDGE ( 'NONE', *, *, #4051, .T. ) ;
#7301 = DIRECTION ( 'NONE',  ( -0.0000000000000000000, -0.0000000000000000000, -1.000000000000000000 ) ) ;
#7302 = CARTESIAN_POINT ( 'NONE',  ( -6.000000000000000900, 7.347880794884120700E-016, 12.00000000000000200 ) ) ;
#7303 = LINE ( 'NONE', #1871, #5323 ) ;
#7304 = CIRCLE ( 'NONE', #81, 2.099999999999997900 ) ;
#7305 = ORIENTED_EDGE ( 'NONE', *, *, #7254, .F. ) ;
#7306 = AXIS2_PLACEMENT_3D ( 'NONE', #4030, #6537, #4085 ) ;
#7307 = CARTESIAN_POINT ( 'NONE',  ( 14.65000000000000200, 2.020667218593134000E-016, 20.00000000000000000 ) ) ;
#7308 = FACE_OUTER_BOUND ( 'NONE', #6949, .T. ) ;
#7309 = CARTESIAN_POINT ( 'NONE',  ( -17.37044324410520000, -34.74088648821040000, 26.78495389014887400 ) ) ;
#7310 = EDGE_LOOP ( 'NONE', ( #7830, #3832, #7782, #5242 ) ) ;
#7311 = EDGE_CURVE ( 'NONE', #3264, #4945, #2151, .T. ) ;
#7312 = VERTEX_POINT ( 'NONE', #3909 ) ;
#7313 = ADVANCED_FACE ( 'NONE', ( #4152, #4527 ), #2060, .T. ) ;
#7314 = DIRECTION ( 'NONE',  ( 1.000000000000000000, 0.0000000000000000000, 0.0000000000000000000 ) ) ;
#7315 = VERTEX_POINT ( 'NONE', #2770 ) ;
#7316 = EDGE_LOOP ( 'NONE', ( #6549, #2320, #6256, #307 ) ) ;
#7317 = DIRECTION ( 'NONE',  ( 1.000000000000000000, 0.0000000000000000000, 0.0000000000000000000 ) ) ;
#7318 = DIRECTION ( 'NONE',  ( 0.0000000000000000000, 0.0000000000000000000, -1.000000000000000000 ) ) ;
#7319 = EDGE_CURVE ( 'NONE', #1641, #1011, #2939, .T. ) ;
#7320 = AXIS2_PLACEMENT_3D ( 'NONE', #5669, #1543, #856 ) ;
#7321 = LINE ( 'NONE', #2891, #5253 ) ;
#7322 = CARTESIAN_POINT ( 'NONE',  ( 75.00000000000000000, -7.500000000000000000, 0.0000000000000000000 ) ) ;
#7323 = ORIENTED_EDGE ( 'NONE', *, *, #1875, .F. ) ;
#7324 = VERTEX_POINT ( 'NONE', #2142 ) ;
#7325 = DIRECTION ( 'NONE',  ( 1.000000000000000000, 0.0000000000000000000, 0.0000000000000000000 ) ) ;
#7326 = CARTESIAN_POINT ( 'NONE',  ( -14.99999999999999600, 9.999999999999996400, 31.00000000000000000 ) ) ;
#7327 = CARTESIAN_POINT ( 'NONE',  ( 5.000000000000002700, 45.00000000000000000, 0.0000000000000000000 ) ) ;
#7328 = CARTESIAN_POINT ( 'NONE',  ( -24.36811466635144500, -2.984233362740297100E-015, 35.84315225237544700 ) ) ;
#7329 = ORIENTED_EDGE ( 'NONE', *, *, #7823, .F. ) ;
#7330 = ORIENTED_EDGE ( 'NONE', *, *, #1132, .T. ) ;
#7331 = EDGE_CURVE ( 'NONE', #7324, #4241, #7547, .T. ) ;
#7332 = AXIS2_PLACEMENT_3D ( 'NONE', #4569, #5077, #6303 ) ;
#7333 = DIRECTION ( 'NONE',  ( -1.000000000000000000, 0.0000000000000000000, -0.0000000000000000000 ) ) ;
#7334 = ADVANCED_FACE ( 'NONE', ( #7728 ), #4164, .F. ) ;
#7335 = CARTESIAN_POINT ( 'NONE',  ( 0.0000000000000000000, 0.0000000000000000000, 0.5000000000000004400 ) ) ;
#7336 = CARTESIAN_POINT ( 'NONE',  ( -55.90000000000000600, 55.00000000000000000, 0.0000000000000000000 ) ) ;
#7337 = VECTOR ( 'NONE', #2435, 1000.000000000000000 ) ;
#7338 = ORIENTED_EDGE ( 'NONE', *, *, #7170, .T. ) ;
#7339 = ORIENTED_EDGE ( 'NONE', *, *, #1704, .T. ) ;
#7340 =( NAMED_UNIT ( * ) PLANE_ANGLE_UNIT ( ) SI_UNIT ( $, .RADIAN. ) );
#7341 = AXIS2_PLACEMENT_3D ( 'NONE', #2436, #6673, #5421 ) ;
#7342 = FACE_OUTER_BOUND ( 'NONE', #5265, .T. ) ;
#7343 = CARTESIAN_POINT ( 'NONE',  ( 50.00000000000000000, -0.5000000000000002200, 6.000000000000000000 ) ) ;
#7344 = EDGE_CURVE ( 'NONE', #1394, #123, #526, .T. ) ;
#7345 = AXIS2_PLACEMENT_3D ( 'NONE', #1070, #1042, #6525 ) ;
#7346 = FACE_BOUND ( 'NONE', #7591, .T. ) ;
#7347 = DIRECTION ( 'NONE',  ( -0.0000000000000000000, -0.0000000000000000000, 1.000000000000000000 ) ) ;
#7348 = VERTEX_POINT ( 'NONE', #4743 ) ;
#7349 = CARTESIAN_POINT ( 'NONE',  ( 45.00000000000000700, -42.00000000000000000, 0.0000000000000000000 ) ) ;
#7350 = ORIENTED_EDGE ( 'NONE', *, *, #367, .T. ) ;
#7351 = DIRECTION ( 'NONE',  ( 1.000000000000000000, 0.0000000000000000000, 0.0000000000000000000 ) ) ;
#7352 = ORIENTED_EDGE ( 'NONE', *, *, #4326, .F. ) ;
#7353 = ADVANCED_FACE ( 'NONE', ( #926 ), #6813, .T. ) ;
#7354 = ORIENTED_EDGE ( 'NONE', *, *, #4687, .F. ) ;
#7355 = AXIS2_PLACEMENT_3D ( 'NONE', #564, #1759, #5955 ) ;
#7356 = ORIENTED_EDGE ( 'NONE', *, *, #6058, .F. ) ;
#7357 = EDGE_CURVE ( 'NONE', #501, #7312, #7370, .T. ) ;
#7358 = CARTESIAN_POINT ( 'NONE',  ( 0.0000000000000000000, 0.0000000000000000000, 12.00000000000000200 ) ) ;
#7359 = CIRCLE ( 'NONE', #4873, 3.999999999999996400 ) ;
#7360 = CARTESIAN_POINT ( 'NONE',  ( -13.00000000000000200, 0.0000000000000000000, 10.00000000000000000 ) ) ;
#7361 = EDGE_LOOP ( 'NONE', ( #6553, #6963, #3012, #902 ) ) ;
#7362 = DIRECTION ( 'NONE',  ( 1.000000000000000000, 0.0000000000000000000, 0.0000000000000000000 ) ) ;
#7363 = CARTESIAN_POINT ( 'NONE',  ( 50.00000000000000000, -14.49999999999999800, 6.000000000000000000 ) ) ;
#7364 = CARTESIAN_POINT ( 'NONE',  ( -34.02628889666196700, 26.76763416141346100, 195.0000000000000000 ) ) ;
#7365 = PRODUCT_RELATED_PRODUCT_CATEGORY ( 'part', '', ( #4741 ) ) ;
#7366 = EDGE_CURVE ( 'NONE', #1400, #4497, #5583, .T. ) ;
#7367 = CIRCLE ( 'NONE', #4305, 17.00000000000000000 ) ;
#7368 = ORIENTED_EDGE ( 'NONE', *, *, #5736, .T. ) ;
#7369 = DIRECTION ( 'NONE',  ( -0.0000000000000000000, -0.0000000000000000000, -1.000000000000000000 ) ) ;
#7370 = CIRCLE ( 'NONE', #4173, 4.000000000000003600 ) ;
#7371 = CARTESIAN_POINT ( 'NONE',  ( 13.00000000000000200, 0.0000000000000000000, 10.00000000000000000 ) ) ;
#7372 = UNCERTAINTY_MEASURE_WITH_UNIT (LENGTH_MEASURE( 1.000000000000000100E-005 ), #7418, 'distance_accuracy_value', 'NONE');
#7373 = CARTESIAN_POINT ( 'NONE',  ( 11.65000000000000000, -6.999999999999999100, 16.00000000000000000 ) ) ;
#7374 = VECTOR ( 'NONE', #6763, 1000.000000000000000 ) ;
#7375 = CYLINDRICAL_SURFACE ( 'NONE', #3370, 2.099999999999997900 ) ;
#7376 = CYLINDRICAL_SURFACE ( 'NONE', #2103, 4.000000000000003600 ) ;
#7377 = EDGE_LOOP ( 'NONE', ( #648, #683, #5080, #3298 ) ) ;
#7378 = EDGE_CURVE ( 'NONE', #5918, #4917, #1963, .T. ) ;
#7379 = AXIS2_PLACEMENT_3D ( 'NONE', #3545, #3603, #1152 ) ;
#7380 = DIRECTION ( 'NONE',  ( 1.165737771315651500E-016, -0.0000000000000000000, -1.000000000000000000 ) ) ;
#7381 = CARTESIAN_POINT ( 'NONE',  ( -85.00000000000001400, -50.00000000000000000, 5.000000000000000000 ) ) ;
#7382 = CIRCLE ( 'NONE', #1288, 1.650000000000000400 ) ;
#7383 = VECTOR ( 'NONE', #6872, 1000.000000000000000 ) ;
#7384 = VERTEX_POINT ( 'NONE', #3481 ) ;
#7385 = ORIENTED_EDGE ( 'NONE', *, *, #1579, .T. ) ;
#7386 = DIRECTION ( 'NONE',  ( -0.0000000000000000000, -0.0000000000000000000, -1.000000000000000000 ) ) ;
#7387 = CARTESIAN_POINT ( 'NONE',  ( 45.00000000000000700, -42.00000000000000000, 10.00000000000000000 ) ) ;
#7388 = DIRECTION ( 'NONE',  ( 0.0000000000000000000, 0.0000000000000000000, -1.000000000000000000 ) ) ;
#7389 = VECTOR ( 'NONE', #5151, 1000.000000000000000 ) ;
#7390 = EDGE_CURVE ( 'NONE', #395, #671, #2546, .T. ) ;
#7391 = FACE_OUTER_BOUND ( 'NONE', #3748, .T. ) ;
#7392 = VERTEX_POINT ( 'NONE', #2221 ) ;
#7393 = ADVANCED_FACE ( 'NONE', ( #6428, #2161, #535, #7169, #3976, #2352 ), #1655, .F. ) ;
#7394 = SURFACE_STYLE_USAGE ( .BOTH. , #4389 ) ;
#7395 = CARTESIAN_POINT ( 'NONE',  ( 75.00000000000007100, -45.00000000000000000, 5.000000000000000000 ) ) ;
#7396 = DIRECTION ( 'NONE',  ( 0.0000000000000000000, 0.0000000000000000000, -1.000000000000000000 ) ) ;
#7397 = FACE_OUTER_BOUND ( 'NONE', #321, .T. ) ;
#7398 = DIRECTION ( 'NONE',  ( 0.0000000000000000000, 0.0000000000000000000, 1.000000000000000000 ) ) ;
#7399 = CIRCLE ( 'NONE', #687, 2.099999999999997900 ) ;
#7400 = AXIS2_PLACEMENT_3D ( 'NONE', #4402, #758, #3805 ) ;
#7401 = EDGE_LOOP ( 'NONE', ( #5006, #3018, #562, #7216 ) ) ;
#7402 = EDGE_CURVE ( 'NONE', #1011, #879, #731, .T. ) ;
#7403 = CARTESIAN_POINT ( 'NONE',  ( -5.000000000000004400, -60.00000000000000000, 10.00000000000000000 ) ) ;
#7404 = LINE ( 'NONE', #5408, #576 ) ;
#7405 = ORIENTED_EDGE ( 'NONE', *, *, #6637, .T. ) ;
#7406 = DIRECTION ( 'NONE',  ( 0.0000000000000000000, 0.0000000000000000000, -1.000000000000000000 ) ) ;
#7407 = CARTESIAN_POINT ( 'NONE',  ( 75.00000000000007100, -45.00000000000000000, 10.00000000000000000 ) ) ;
#7408 = LINE ( 'NONE', #548, #6290 ) ;
#7409 = ORIENTED_EDGE ( 'NONE', *, *, #5712, .F. ) ;
#7410 = PLANE ( 'NONE',  #71 ) ;
#7411 = CARTESIAN_POINT ( 'NONE',  ( -75.00000000000000000, 49.99999999999999300, 10.00000000000000000 ) ) ;
#7412 = CARTESIAN_POINT ( 'NONE',  ( -85.00000000000001400, -50.00000000000000000, 0.0000000000000000000 ) ) ;
#7413 = CARTESIAN_POINT ( 'NONE',  ( -89.99999999999991500, -75.00000000000000000, 0.0000000000000000000 ) ) ;
#7414 = AXIS2_PLACEMENT_3D ( 'NONE', #2372, #3024, #7314 ) ;
#7415 = EDGE_CURVE ( 'NONE', #2311, #6219, #4819, .T. ) ;
#7416 = DIRECTION ( 'NONE',  ( -1.000000000000000000, 0.0000000000000000000, 0.0000000000000000000 ) ) ;
#7417 = ORIENTED_EDGE ( 'NONE', *, *, #1601, .F. ) ;
#7418 =( LENGTH_UNIT ( ) NAMED_UNIT ( * ) SI_UNIT ( .MILLI., .METRE. ) );
#7419 = CIRCLE ( 'NONE', #4377, 5.000000000000004400 ) ;
#7420 = CARTESIAN_POINT ( 'NONE',  ( -30.68489076841718700, 61.36978153683431000, 46.07477892059625900 ) ) ;
#7421 = ORIENTED_EDGE ( 'NONE', *, *, #6604, .T. ) ;
#7422 = DIRECTION ( 'NONE',  ( 1.000000000000000000, 0.0000000000000000000, 0.0000000000000000000 ) ) ;
#7423 = ORIENTED_EDGE ( 'NONE', *, *, #1181, .T. ) ;
#7424 = CARTESIAN_POINT ( 'NONE',  ( 24.99999999999999300, 15.00000000000000000, 4.000000000000000000 ) ) ;
#7425 = EDGE_CURVE ( 'NONE', #4955, #7102, #3606, .T. ) ;
#7426 = AXIS2_PLACEMENT_3D ( 'NONE', #7360, #5447, #2493 ) ;
#7427 = VECTOR ( 'NONE', #4656, 1000.000000000000000 ) ;
#7428 = ORIENTED_EDGE ( 'NONE', *, *, #5976, .T. ) ;
#7429 = ADVANCED_FACE ( 'NONE', ( #6611 ), #336, .F. ) ;
#7430 = CARTESIAN_POINT ( 'NONE',  ( 45.00000000000000000, -5.000000000000000000, 0.0000000000000000000 ) ) ;
#7431 = EDGE_CURVE ( 'NONE', #5068, #2471, #4626, .T. ) ;
#7432 = AXIS2_PLACEMENT_3D ( 'NONE', #4603, #6457, #5193 ) ;
#7433 = CARTESIAN_POINT ( 'NONE',  ( -79.99999999999998600, -30.00000000000000400, 5.000000000000000000 ) ) ;
#7434 = EDGE_LOOP ( 'NONE', ( #5061, #5843, #240, #1183 ) ) ;
#7435 = ORIENTED_EDGE ( 'NONE', *, *, #2932, .T. ) ;
#7436 = DIRECTION ( 'NONE',  ( 1.000000000000000000, 0.0000000000000000000, -0.0000000000000000000 ) ) ;
#7437 = CARTESIAN_POINT ( 'NONE',  ( -66.00000000000000000, 3.000000000000000900, 6.000000000000000000 ) ) ;
#7438 = CARTESIAN_POINT ( 'NONE',  ( -10.99999999999999500, -8.312440474840673900, 16.00000000000000000 ) ) ;
#7439 = DIRECTION ( 'NONE',  ( -0.0000000000000000000, -0.0000000000000000000, 1.000000000000000000 ) ) ;
#7440 = CARTESIAN_POINT ( 'NONE',  ( 0.0000000000000000000, 0.0000000000000000000, 0.0000000000000000000 ) ) ;
#7441 = VECTOR ( 'NONE', #6090, 1000.000000000000000 ) ;
#7442 = EDGE_LOOP ( 'NONE', ( #4104, #3927, #6902, #1754 ) ) ;
#7443 = ORIENTED_EDGE ( 'NONE', *, *, #6024, .F. ) ;
#7444 = SURFACE_SIDE_STYLE ('',( #354 ) ) ;
#7445 = EDGE_CURVE ( 'NONE', #1387, #22, #5013, .T. ) ;
#7446 = AXIS2_PLACEMENT_3D ( 'NONE', #6000, #7699, #6595 ) ;
#7447 = CARTESIAN_POINT ( 'NONE',  ( -36.00000000000000700, 55.00000000000000000, 0.0000000000000000000 ) ) ;
#7448 = ORIENTED_EDGE ( 'NONE', *, *, #6847, .F. ) ;
#7449 = ORIENTED_EDGE ( 'NONE', *, *, #2211, .T. ) ;
#7450 = ORIENTED_EDGE ( 'NONE', *, *, #7402, .F. ) ;
#7451 = CARTESIAN_POINT ( 'NONE',  ( 8.350000000000001400, 7.000000000000000900, 10.00000000000000000 ) ) ;
#7452 = PLANE ( 'NONE',  #7159 ) ;
#7453 = DIRECTION ( 'NONE',  ( -1.000000000000000000, 0.0000000000000000000, 0.0000000000000000000 ) ) ;
#7454 = CARTESIAN_POINT ( 'NONE',  ( 58.00000000000000000, -55.00000000000000000, -0.0000000000000000000 ) ) ;
#7455 = CARTESIAN_POINT ( 'NONE',  ( -37.00000000000000700, 55.00000000000000000, 0.0000000000000000000 ) ) ;
#7456 = CYLINDRICAL_SURFACE ( 'NONE', #3090, 1.650000000000000400 ) ;
#7457 = ORIENTED_EDGE ( 'NONE', *, *, #5028, .T. ) ;
#7458 = DIRECTION ( 'NONE',  ( 0.0000000000000000000, 0.0000000000000000000, 1.000000000000000000 ) ) ;
#7459 = EDGE_CURVE ( 'NONE', #6500, #4291, #3414, .T. ) ;
#7460 = CARTESIAN_POINT ( 'NONE',  ( 45.00000000000000700, -68.00000000000000000, 6.000000000000000000 ) ) ;
#7461 = DIRECTION ( 'NONE',  ( -0.0000000000000000000, -0.0000000000000000000, 1.000000000000000000 ) ) ;
#7462 = CARTESIAN_POINT ( 'NONE',  ( -89.99999999999991500, -75.00000000000000000, 10.00000000000000000 ) ) ;
#7463 = CIRCLE ( 'NONE', #6798, 4.000000000000003600 ) ;
#7464 = FACE_OUTER_BOUND ( 'NONE', #4260, .T. ) ;
#7465 = CIRCLE ( 'NONE', #1580, 3.999999999999996400 ) ;
#7466 = ORIENTED_EDGE ( 'NONE', *, *, #6904, .F. ) ;
#7467 = ADVANCED_FACE ( 'NONE', ( #6249 ), #5395, .F. ) ;
#7468 = APPLICATION_CONTEXT ( 'automotive_design' ) ;
#7469 = PRODUCT_RELATED_PRODUCT_CATEGORY ( 'part', '', ( #1057 ) ) ;
#7470 = EDGE_CURVE ( 'NONE', #3158, #6592, #1386, .T. ) ;
#7471 = CIRCLE ( 'NONE', #536, 1.650000000000000400 ) ;
#7472 = CARTESIAN_POINT ( 'NONE',  ( 79.99999999999997200, 55.00000000000000000, 5.000000000000000000 ) ) ;
#7473 = VECTOR ( 'NONE', #2941, 1000.000000000000000 ) ;
#7474 = FACE_OUTER_BOUND ( 'NONE', #1079, .T. ) ;
#7475 = CYLINDRICAL_SURFACE ( 'NONE', #5322, 1.649999999999998600 ) ;
#7476 = ORIENTED_EDGE ( 'NONE', *, *, #1765, .F. ) ;
#7477 = DIRECTION ( 'NONE',  ( -1.000000000000000000, 0.0000000000000000000, 0.0000000000000000000 ) ) ;
#7478 = VERTEX_POINT ( 'NONE', #7403 ) ;
#7479 = DIRECTION ( 'NONE',  ( -0.0000000000000000000, -0.0000000000000000000, -1.000000000000000000 ) ) ;
#7480 = CIRCLE ( 'NONE', #6737, 1.649999999999998600 ) ;
#7481 = ORIENTED_EDGE ( 'NONE', *, *, #586, .F. ) ;
#7482 = EDGE_CURVE ( 'NONE', #328, #6937, #1098, .T. ) ;
#7483 = AXIS2_PLACEMENT_3D ( 'NONE', #1776, #7755, #5390 ) ;
#7484 = DIRECTION ( 'NONE',  ( -1.000000000000000000, 0.0000000000000000000, 0.0000000000000000000 ) ) ;
#7485 = SHAPE_DEFINITION_REPRESENTATION ( #3191, #4902 ) ;
#7486 = CARTESIAN_POINT ( 'NONE',  ( -45.00000000000000700, 42.00000000000000000, 6.000000000000000000 ) ) ;
#7487 = FACE_OUTER_BOUND ( 'NONE', #4531, .T. ) ;
#7488 = CIRCLE ( 'NONE', #3777, 2.099999999999997900 ) ;
#7489 = LINE ( 'NONE', #6520, #2862 ) ;
#7490 = DIRECTION ( 'NONE',  ( 1.000000000000000000, 0.0000000000000000000, 0.0000000000000000000 ) ) ;
#7491 = CARTESIAN_POINT ( 'NONE',  ( 17.00000000000000000, 2.081899558550500300E-015, 18.00000000000000400 ) ) ;
#7492 = VERTEX_POINT ( 'NONE', #5534 ) ;
#7493 = AXIS2_PLACEMENT_3D ( 'NONE', #835, #266, #4504 ) ;
#7494 = EDGE_CURVE ( 'NONE', #4487, #5888, #3226, .T. ) ;
#7495 = AXIS2_PLACEMENT_3D ( 'NONE', #1774, #2906, #3600 ) ;
#7496 = CYLINDRICAL_SURFACE ( 'NONE', #1182, 5.000000000000004400 ) ;
#7497 = LINE ( 'NONE', #5611, #4383 ) ;
#7498 = ORIENTED_EDGE ( 'NONE', *, *, #5179, .T. ) ;
#7499 = FACE_OUTER_BOUND ( 'NONE', #2801, .T. ) ;
#7500 = ORIENTED_EDGE ( 'NONE', *, *, #3549, .T. ) ;
#7501 = CARTESIAN_POINT ( 'NONE',  ( -49.00000000000000000, 68.00000000000000000, 0.0000000000000000000 ) ) ;
#7502 = FACE_OUTER_BOUND ( 'NONE', #2342, .T. ) ;
#7503 = EDGE_LOOP ( 'NONE', ( #1149, #2446 ) ) ;
#7504 = ORIENTED_EDGE ( 'NONE', *, *, #7390, .F. ) ;
#7505 = EDGE_CURVE ( 'NONE', #5187, #6226, #737, .T. ) ;
#7506 = CARTESIAN_POINT ( 'NONE',  ( -13.00000000000000200, 0.0000000000000000000, 18.00000000000000400 ) ) ;
#7507 = ADVANCED_FACE ( 'NONE', ( #5301 ), #5401, .F. ) ;
#7508 = DIRECTION ( 'NONE',  ( -1.000000000000000000, 0.0000000000000000000, 0.0000000000000000000 ) ) ;
#7509 = VERTEX_POINT ( 'NONE', #3221 ) ;
#7510 = CYLINDRICAL_SURFACE ( 'NONE', #1092, 2.099999999999997900 ) ;
#7511 = EDGE_LOOP ( 'NONE', ( #6741, #884 ) ) ;
#7512 = ORIENTED_EDGE ( 'NONE', *, *, #2414, .F. ) ;
#7513 = DIRECTION ( 'NONE',  ( -1.000000000000000000, 0.0000000000000000000, 0.0000000000000000000 ) ) ;
#7514 = DIRECTION ( 'NONE',  ( 1.000000000000000000, 0.0000000000000000000, 0.0000000000000000000 ) ) ;
#7515 = DIRECTION ( 'NONE',  ( 0.0000000000000000000, -0.0000000000000000000, 1.000000000000000000 ) ) ;
#7516 =( GEOMETRIC_REPRESENTATION_CONTEXT ( 3 ) GLOBAL_UNCERTAINTY_ASSIGNED_CONTEXT ( ( #7262 ) ) GLOBAL_UNIT_ASSIGNED_CONTEXT ( ( #2616, #7340, #6740 ) ) REPRESENTATION_CONTEXT ( 'NONE', 'WORKASPACE' ) );
#7517 = EDGE_CURVE ( 'NONE', #3083, #2288, #6912, .T. ) ;
#7518 = CARTESIAN_POINT ( 'NONE',  ( -17.00000000000000000, 0.0000000000000000000, 18.00000000000000400 ) ) ;
#7519 = ORIENTED_EDGE ( 'NONE', *, *, #3923, .F. ) ;
#7520 = ORIENTED_EDGE ( 'NONE', *, *, #4400, .T. ) ;
#7521 = PRODUCT_CONTEXT ( 'NONE', #4439, 'mechanical' ) ;
#7522 = SHAPE_REPRESENTATION ( 'YH0701003_立板', ( #7414 ), #6870 ) ;
#7523 = VECTOR ( 'NONE', #624, 1000.000000000000000 ) ;
#7524 = DIRECTION ( 'NONE',  ( 0.0000000000000000000, 0.0000000000000000000, -1.000000000000000000 ) ) ;
#7525 = ORIENTED_EDGE ( 'NONE', *, *, #3665, .F. ) ;
#7526 = ORIENTED_EDGE ( 'NONE', *, *, #2298, .T. ) ;
#7527 = EDGE_CURVE ( 'NONE', #822, #3116, #3799, .T. ) ;
#7528 = CIRCLE ( 'NONE', #1556, 2.099999999999997900 ) ;
#7529 = FACE_OUTER_BOUND ( 'NONE', #5327, .T. ) ;
#7530 = CARTESIAN_POINT ( 'NONE',  ( -62.00000000000000000, 3.000000000000001300, 6.000000000000000000 ) ) ;
#7531 = ORIENTED_EDGE ( 'NONE', *, *, #3756, .F. ) ;
#7532 = CARTESIAN_POINT ( 'NONE',  ( 79.99999999999994300, 60.00000000000001400, 5.000000000000000000 ) ) ;
#7533 = ORIENTED_EDGE ( 'NONE', *, *, #2312, .T. ) ;
#7534 = CARTESIAN_POINT ( 'NONE',  ( 89.99999999999997200, -75.00000000000000000, 0.0000000000000000000 ) ) ;
#7535 = DIRECTION ( 'NONE',  ( 1.000000000000000000, 0.0000000000000000000, 0.0000000000000000000 ) ) ;
#7536 = PLANE ( 'NONE',  #3556 ) ;
#7537 = EDGE_CURVE ( 'NONE', #2977, #4074, #3893, .T. ) ;
#7538 = AXIS2_PLACEMENT_3D ( 'NONE', #2915, #7123, #4844 ) ;
#7539 = DIRECTION ( 'NONE',  ( -0.7071067811865474600, 8.659560562354932900E-017, 0.7071067811865474600 ) ) ;
#7540 = VERTEX_POINT ( 'NONE', #3824 ) ;
#7541 = CYLINDRICAL_SURFACE ( 'NONE', #5838, 4.000000000000003600 ) ;
#7542 = CARTESIAN_POINT ( 'NONE',  ( -59.99999999999999300, 30.00000000000000000, 0.0000000000000000000 ) ) ;
#7543 = ORIENTED_EDGE ( 'NONE', *, *, #3744, .F. ) ;
#7544 = CARTESIAN_POINT ( 'NONE',  ( -10.99999999999999500, -5.687559525159324300, 16.00000000000000000 ) ) ;
#7545 = ORIENTED_EDGE ( 'NONE', *, *, #4797, .F. ) ;
#7546 = ADVANCED_FACE ( 'NONE', ( #4735 ), #5207, .F. ) ;
#7547 = CIRCLE ( 'NONE', #6492, 2.099999999999997900 ) ;
#7548 = ORIENTED_EDGE ( 'NONE', *, *, #491, .F. ) ;
#7549 = AXIS2_PLACEMENT_3D ( 'NONE', #5664, #6282, #2024 ) ;
#7550 = DIRECTION ( 'NONE',  ( -0.0000000000000000000, -0.0000000000000000000, 1.000000000000000000 ) ) ;
#7551 = EDGE_CURVE ( 'NONE', #2160, #521, #3982, .T. ) ;
#7552 = AXIS2_PLACEMENT_3D ( 'NONE', #234, #2050, #3249 ) ;
#7553 = CARTESIAN_POINT ( 'NONE',  ( -89.99999999999998600, -65.00000000000000000, 10.00000000000000000 ) ) ;
#7554 = ORIENTED_EDGE ( 'NONE', *, *, #2102, .F. ) ;
#7555 = CARTESIAN_POINT ( 'NONE',  ( 23.00000000000000700, 15.00000000000000000, 4.000000000000000000 ) ) ;
#7556 = CYLINDRICAL_SURFACE ( 'NONE', #3348, 1.650000000000000400 ) ;
#7557 = ORIENTED_EDGE ( 'NONE', *, *, #7198, .F. ) ;
#7558 = CIRCLE ( 'NONE', #644, 1.650000000000000100 ) ;
#7559 = DIRECTION ( 'NONE',  ( -1.000000000000000000, 0.0000000000000000000, 0.0000000000000000000 ) ) ;
#7560 = AXIS2_PLACEMENT_3D ( 'NONE', #5907, #6484, #5289 ) ;
#7561 = CARTESIAN_POINT ( 'NONE',  ( 90.00000000000004300, 65.00000000000000000, 10.00000000000000000 ) ) ;
#7562 = DIRECTION ( 'NONE',  ( -0.0000000000000000000, -0.0000000000000000000, -1.000000000000000000 ) ) ;
#7563 = CIRCLE ( 'NONE', #6228, 5.000000000000004400 ) ;
#7564 = ORIENTED_EDGE ( 'NONE', *, *, #2595, .T. ) ;
#7565 = PRODUCT ( 'YH0701001_基板', 'YH0701001_基板', '', ( #1513 ) ) ;
#7566 = CARTESIAN_POINT ( 'NONE',  ( -5.000000000000011500, -45.00000000000000000, 5.000000000000000000 ) ) ;
#7567 = ORIENTED_EDGE ( 'NONE', *, *, #5532, .T. ) ;
#7568 = DIRECTION ( 'NONE',  ( -1.000000000000000000, 0.0000000000000000000, -0.0000000000000000000 ) ) ;
#7569 = CIRCLE ( 'NONE', #3205, 2.100000000000004500 ) ;
#7570 = LINE ( 'NONE', #3669, #3047 ) ;
#7571 = EDGE_LOOP ( 'NONE', ( #2015, #293 ) ) ;
#7572 = DIRECTION ( 'NONE',  ( 1.000000000000000000, 0.0000000000000000000, 0.0000000000000000000 ) ) ;
#7573 = EDGE_LOOP ( 'NONE', ( #2027, #4899, #7423, #3245 ) ) ;
#7574 = EDGE_CURVE ( 'NONE', #593, #3735, #541, .T. ) ;
#7575 = DIRECTION ( 'NONE',  ( 0.0000000000000000000, 0.0000000000000000000, -1.000000000000000000 ) ) ;
#7576 = VECTOR ( 'NONE', #5346, 1000.000000000000000 ) ;
#7577 = DIRECTION ( 'NONE',  ( -0.0000000000000000000, -0.0000000000000000000, 1.000000000000000000 ) ) ;
#7578 = VECTOR ( 'NONE', #5238, 1000.000000000000000 ) ;
#7579 = EDGE_LOOP ( 'NONE', ( #1519, #7229, #7567, #2434 ) ) ;
#7580 = VERTEX_POINT ( 'NONE', #2025 ) ;
#7581 = CARTESIAN_POINT ( 'NONE',  ( 0.0000000000000000000, 13.00000000000000200, 20.00000000000000000 ) ) ;
#7582 = LINE ( 'NONE', #4689, #1603 ) ;
#7583 = EDGE_CURVE ( 'NONE', #3150, #3335, #5690, .T. ) ;
#7584 = DIRECTION ( 'NONE',  ( 0.0000000000000000000, 0.0000000000000000000, 1.000000000000000000 ) ) ;
#7585 = ADVANCED_FACE ( 'NONE', ( #930 ), #6821, .T. ) ;
#7586 = FACE_BOUND ( 'NONE', #4083, .T. ) ;
#7587 = VERTEX_POINT ( 'NONE', #4447 ) ;
#7588 = DIRECTION ( 'NONE',  ( -0.0000000000000000000, -0.0000000000000000000, -1.000000000000000000 ) ) ;
#7589 = DIRECTION ( 'NONE',  ( -1.000000000000000000, 0.0000000000000000000, 0.0000000000000000000 ) ) ;
#7590 = CARTESIAN_POINT ( 'NONE',  ( 66.00000000000000000, -0.5000000000000000000, -0.0000000000000000000 ) ) ;
#7591 = EDGE_LOOP ( 'NONE', ( #4014, #2093 ) ) ;
#7592 = SHAPE_REPRESENTATION ( 'YH0701004_锥', ( #7414 ), #1158 ) ;
#7593 = CARTESIAN_POINT ( 'NONE',  ( -53.00000000000000700, -10.00000000000000000, 10.00000000000000000 ) ) ;
#7594 = CARTESIAN_POINT ( 'NONE',  ( 70.00000000000000000, -14.49999999999999800, 6.000000000000000000 ) ) ;
#7595 = CIRCLE ( 'NONE', #7560, 1.650000000000000400 ) ;
#7596 = ORIENTED_EDGE ( 'NONE', *, *, #3369, .T. ) ;
#7597 = DIRECTION ( 'NONE',  ( 0.0000000000000000000, 0.0000000000000000000, 1.000000000000000000 ) ) ;
#7598 = AXIS2_PLACEMENT_3D ( 'NONE', #984, #343, #1594 ) ;
#7599 = VERTEX_POINT ( 'NONE', #5668 ) ;
#7600 = EDGE_CURVE ( 'NONE', #4982, #3150, #1102, .T. ) ;
#7601 = AXIS2_PLACEMENT_3D ( 'NONE', #4486, #3884, #2694 ) ;
#7602 = ORIENTED_EDGE ( 'NONE', *, *, #2923, .F. ) ;
#7603 = CYLINDRICAL_SURFACE ( 'NONE', #699, 2.100000000000004500 ) ;
#7604 = DIRECTION ( 'NONE',  ( -0.0000000000000000000, -0.0000000000000000000, -1.000000000000000000 ) ) ;
#7605 = ORIENTED_EDGE ( 'NONE', *, *, #7790, .F. ) ;
#7606 = AXIS2_PLACEMENT_3D ( 'NONE', #1711, #983, #6507 ) ;
#7607 = CARTESIAN_POINT ( 'NONE',  ( 70.00000000000002800, -50.00000000000002800, 5.000000000000000000 ) ) ;
#7608 = EDGE_CURVE ( 'NONE', #6845, #7540, #3702, .T. ) ;
#7609 = VERTEX_POINT ( 'NONE', #6883 ) ;
#7610 = VERTEX_POINT ( 'NONE', #2212 ) ;
#7611 = UNCERTAINTY_MEASURE_WITH_UNIT (LENGTH_MEASURE( 1.000000000000000100E-005 ), #3788, 'distance_accuracy_value', 'NONE');
#7612 = CARTESIAN_POINT ( 'NONE',  ( 72.10000000000000900, -14.49999999999999800, 0.0000000000000000000 ) ) ;
#7613 = DIRECTION ( 'NONE',  ( -1.000000000000000000, 0.0000000000000000000, -0.0000000000000000000 ) ) ;
#7614 = CARTESIAN_POINT ( 'NONE',  ( 1.650000000000000100, 13.00000000000000200, 18.00000000000000400 ) ) ;
#7615 = DIRECTION ( 'NONE',  ( 0.0000000000000000000, 0.0000000000000000000, -1.000000000000000000 ) ) ;
#7616 = VECTOR ( 'NONE', #5702, 1000.000000000000000 ) ;
#7617 = ORIENTED_EDGE ( 'NONE', *, *, #5489, .F. ) ;
#7618 = CARTESIAN_POINT ( 'NONE',  ( 40.09401076758509000, 0.0000000000000000000, 57.99999999999998600 ) ) ;
#7619 = CARTESIAN_POINT ( 'NONE',  ( -5.000000000000011500, -45.00000000000000000, 10.00000000000000000 ) ) ;
#7620 = EDGE_CURVE ( 'NONE', #6990, #4848, #2755, .T. ) ;
#7621 = FACE_BOUND ( 'NONE', #778, .T. ) ;
#7622 = ADVANCED_FACE ( 'NONE', ( #7173, #2260 ), #4599, .T. ) ;
#7623 = ORIENTED_EDGE ( 'NONE', *, *, #1997, .F. ) ;
#7624 = ORIENTED_EDGE ( 'NONE', *, *, #4900, .T. ) ;
#7625 = DIRECTION ( 'NONE',  ( 1.000000000000000000, 0.0000000000000000000, 0.0000000000000000000 ) ) ;
#7626 = DIRECTION ( 'NONE',  ( -0.7071067811865415800, 8.659560562354858900E-017, 0.7071067811865535700 ) ) ;
#7627 = EDGE_CURVE ( 'NONE', #6257, #875, #5876, .T. ) ;
#7628 = AXIS2_PLACEMENT_3D ( 'NONE', #3130, #663, #638 ) ;
#7629 = CIRCLE ( 'NONE', #6347, 1.650000000000000100 ) ;
#7630 = ORIENTED_EDGE ( 'NONE', *, *, #165, .F. ) ;
#7631 = VERTEX_POINT ( 'NONE', #2158 ) ;
#7632 = DIRECTION ( 'NONE',  ( -1.000000000000000000, 0.0000000000000000000, 0.0000000000000000000 ) ) ;
#7633 = DIRECTION ( 'NONE',  ( 0.0000000000000000000, 0.0000000000000000000, 1.000000000000000000 ) ) ;
#7634 = VERTEX_POINT ( 'NONE', #7451 ) ;
#7635 = DIRECTION ( 'NONE',  ( -0.0000000000000000000, -0.0000000000000000000, 1.000000000000000000 ) ) ;
#7636 = CIRCLE ( 'NONE', #945, 1.650000000000005700 ) ;
#7637 = VERTEX_POINT ( 'NONE', #7607 ) ;
#7638 = PLANE ( 'NONE',  #7598 ) ;
#7639 = EDGE_CURVE ( 'NONE', #84, #6005, #2073, .T. ) ;
#7640 = AXIS2_PLACEMENT_3D ( 'NONE', #6633, #4194, #4293 ) ;
#7641 = CARTESIAN_POINT ( 'NONE',  ( -8.000000000000000000, 9.797174393178825700E-016, 0.5000000000000004400 ) ) ;
#7642 = DIRECTION ( 'NONE',  ( 0.0000000000000000000, -1.000000000000000000, 0.0000000000000000000 ) ) ;
#7643 = CIRCLE ( 'NONE', #4850, 6.000000000000000900 ) ;
#7644 = ORIENTED_EDGE ( 'NONE', *, *, #6615, .F. ) ;
#7645 = VERTEX_POINT ( 'NONE', #364 ) ;
#7646 = AXIS2_PLACEMENT_3D ( 'NONE', #12, #3856, #7325 ) ;
#7647 = CARTESIAN_POINT ( 'NONE',  ( 47.10000000000000100, -42.00000000000000000, 10.00000000000000000 ) ) ;
#7648 = CIRCLE ( 'NONE', #3490, 2.099999999999997900 ) ;
#7649 = ORIENTED_EDGE ( 'NONE', *, *, #4600, .T. ) ;
#7650 = DIRECTION ( 'NONE',  ( -1.000000000000000000, 0.0000000000000000000, -0.0000000000000000000 ) ) ;
#7651 = EDGE_LOOP ( 'NONE', ( #2443, #7049, #76, #7106 ) ) ;
#7652 = CIRCLE ( 'NONE', #1244, 1.650000000000000400 ) ;
#7653 = CONICAL_SURFACE ( 'NONE', #251, 8.000000000000000000, 0.7853981633974482800 ) ;
#7654 = VERTEX_POINT ( 'NONE', #6451 ) ;
#7655 = ADVANCED_FACE ( 'NONE', ( #4453 ), #7375, .F. ) ;
#7656 = DIRECTION ( 'NONE',  ( -0.0000000000000000000, -0.0000000000000000000, 1.000000000000000000 ) ) ;
#7657 = AXIS2_PLACEMENT_3D ( 'NONE', #4182, #4759, #4702 ) ;
#7658 = ORIENTED_EDGE ( 'NONE', *, *, #3886, .T. ) ;
#7659 = CARTESIAN_POINT ( 'NONE',  ( 80.00000000000000000, 40.00000000000000000, 5.000000000000000000 ) ) ;
#7660 = PRODUCT_DEFINITION ( '未知', '', #7875, #3326 ) ;
#7661 = CARTESIAN_POINT ( 'NONE',  ( 100.0000000000000300, 64.99999999999991500, 10.00000000000000000 ) ) ;
#7662 = EDGE_CURVE ( 'NONE', #2249, #7610, #4079, .T. ) ;
#7663 = LINE ( 'NONE', #1271, #63 ) ;
#7664 = CARTESIAN_POINT ( 'NONE',  ( 42.90000000000000600, -42.00000000000000000, 0.0000000000000000000 ) ) ;
#7665 = FACE_OUTER_BOUND ( 'NONE', #1274, .T. ) ;
#7666 = VERTEX_POINT ( 'NONE', #976 ) ;
#7667 = DIRECTION ( 'NONE',  ( 0.0000000000000000000, 0.0000000000000000000, 1.000000000000000000 ) ) ;
#7668 = CARTESIAN_POINT ( 'NONE',  ( -5.000000000000013300, -54.99999999999999300, 5.000000000000000000 ) ) ;
#7669 = DIRECTION ( 'NONE',  ( -0.0000000000000000000, -0.0000000000000000000, -1.000000000000000000 ) ) ;
#7670 = CYLINDRICAL_SURFACE ( 'NONE', #2835, 1.650000000000000100 ) ;
#7671 = FACE_OUTER_BOUND ( 'NONE', #2917, .T. ) ;
#7672 = LINE ( 'NONE', #3173, #4528 ) ;
#7673 = AXIS2_PLACEMENT_3D ( 'NONE', #4532, #6369, #7515 ) ;
#7674 = ORIENTED_EDGE ( 'NONE', *, *, #7072, .F. ) ;
#7675 = CARTESIAN_POINT ( 'NONE',  ( 0.0000000000000000000, 0.0000000000000000000, 18.00000000000000400 ) ) ;
#7676 = COLOUR_RGB ( '',1.000000000000000000, 1.000000000000000000, 1.000000000000000000 ) ;
#7677 = CIRCLE ( 'NONE', #7084, 14.00000000000000000 ) ;
#7678 = ORIENTED_EDGE ( 'NONE', *, *, #7107, .T. ) ;
#7679 = VECTOR ( 'NONE', #5055, 1000.000000000000000 ) ;
#7680 = ORIENTED_EDGE ( 'NONE', *, *, #6502, .F. ) ;
#7681 = EDGE_CURVE ( 'NONE', #4042, #2664, #6716, .T. ) ;
#7682 = AXIS2_PLACEMENT_3D ( 'NONE', #4425, #152, #7453 ) ;
#7683 = ORIENTED_EDGE ( 'NONE', *, *, #5106, .T. ) ;
#7684 = CARTESIAN_POINT ( 'NONE',  ( 52.10000000000000100, -14.49999999999999800, 0.0000000000000000000 ) ) ;
#7685 = DIRECTION ( 'NONE',  ( 1.000000000000000000, 0.0000000000000000000, 0.0000000000000000000 ) ) ;
#7686 = VERTEX_POINT ( 'NONE', #3452 ) ;
#7687 = CARTESIAN_POINT ( 'NONE',  ( 70.00000000000000000, -14.49999999999999800, -0.0000000000000000000 ) ) ;
#7688 = DIRECTION ( 'NONE',  ( -1.000000000000000000, 0.0000000000000000000, 0.0000000000000000000 ) ) ;
#7689 = DIRECTION ( 'NONE',  ( 0.0000000000000000000, 0.0000000000000000000, -1.000000000000000000 ) ) ;
#7690 = ORIENTED_EDGE ( 'NONE', *, *, #7608, .F. ) ;
#7691 = AXIS2_PLACEMENT_3D ( 'NONE', #2347, #5349, #5320 ) ;
#7692 = EDGE_CURVE ( 'NONE', #4559, #6585, #2455, .T. ) ;
#7693 = CARTESIAN_POINT ( 'NONE',  ( 14.99999999999999300, 10.00000000000000000, 16.00000000000000000 ) ) ;
#7694 = AXIS2_PLACEMENT_3D ( 'NONE', #3033, #4248, #591 ) ;
#7695 = EDGE_LOOP ( 'NONE', ( #6360, #2544, #7520, #426 ) ) ;
#7696 = ORIENTED_EDGE ( 'NONE', *, *, #3863, .T. ) ;
#7697 = ADVANCED_FACE ( 'NONE', ( #446 ), #1491, .T. ) ;
#7698 = DIRECTION ( 'NONE',  ( -0.0000000000000000000, -0.0000000000000000000, 1.000000000000000000 ) ) ;
#7699 = DIRECTION ( 'NONE',  ( -0.0000000000000000000, 1.000000000000000000, 0.0000000000000000000 ) ) ;
#7700 = DIRECTION ( 'NONE',  ( 1.000000000000000000, 0.0000000000000000000, 0.0000000000000000000 ) ) ;
#7701 = VERTEX_POINT ( 'NONE', #6401 ) ;
#7702 = AXIS2_PLACEMENT_3D ( 'NONE', #398, #1056, #4657 ) ;
#7703 = DIRECTION ( 'NONE',  ( -1.000000000000000000, 0.0000000000000000000, 0.0000000000000000000 ) ) ;
#7704 = EDGE_CURVE ( 'NONE', #5443, #2206, #1877, .T. ) ;
#7705 = FACE_OUTER_BOUND ( 'NONE', #4522, .T. ) ;
#7706 = DIRECTION ( 'NONE',  ( -1.000000000000000000, -1.156482317317872000E-016, 0.0000000000000000000 ) ) ;
#7707 = VERTEX_POINT ( 'NONE', #2786 ) ;
#7708 = CARTESIAN_POINT ( 'NONE',  ( -85.00000000000001400, -40.00000000000003600, 0.0000000000000000000 ) ) ;
#7709 = EDGE_LOOP ( 'NONE', ( #6433, #4369, #3485, #256 ) ) ;
#7710 = PLANE ( 'NONE',  #4235 ) ;
#7711 = CARTESIAN_POINT ( 'NONE',  ( -45.00000000000000700, 55.00000000000000000, 0.0000000000000000000 ) ) ;
#7712 = LINE ( 'NONE', #1967, #610 ) ;
#7713 = DIRECTION ( 'NONE',  ( -0.0000000000000000000, -0.0000000000000000000, 1.000000000000000000 ) ) ;
#7714 = ORIENTED_EDGE ( 'NONE', *, *, #7494, .F. ) ;
#7715 = EDGE_LOOP ( 'NONE', ( #2539, #5292, #7820, #2353 ) ) ;
#7716 = EDGE_CURVE ( 'NONE', #5565, #606, #2359, .T. ) ;
#7717 = AXIS2_PLACEMENT_3D ( 'NONE', #1778, #2338, #2282 ) ;
#7718 = DIRECTION ( 'NONE',  ( -0.0000000000000000000, -0.0000000000000000000, -1.000000000000000000 ) ) ;
#7719 = EDGE_LOOP ( 'NONE', ( #4628, #4433 ) ) ;
#7720 = CARTESIAN_POINT ( 'NONE',  ( 9.999999999999985800, -45.00000000000000000, 5.000000000000000000 ) ) ;
#7721 = CIRCLE ( 'NONE', #4364, 17.00000000000000000 ) ;
#7722 = ORIENTED_EDGE ( 'NONE', *, *, #1694, .T. ) ;
#7723 = ORIENTED_EDGE ( 'NONE', *, *, #5387, .F. ) ;
#7724 = CARTESIAN_POINT ( 'NONE',  ( 47.10000000000000100, -68.00000000000000000, 6.000000000000000000 ) ) ;
#7725 = CARTESIAN_POINT ( 'NONE',  ( 58.00000000000000000, -55.00000000000000000, 6.000000000000000000 ) ) ;
#7726 = EDGE_CURVE ( 'NONE', #5615, #786, #5783, .T. ) ;
#7727 = AXIS2_PLACEMENT_3D ( 'NONE', #2754, #5688, #6970 ) ;
#7728 = FACE_OUTER_BOUND ( 'NONE', #4062, .T. ) ;
#7729 = DIRECTION ( 'NONE',  ( 0.0000000000000000000, 0.0000000000000000000, -1.000000000000000000 ) ) ;
#7730 = VERTEX_POINT ( 'NONE', #5949 ) ;
#7731 = ORIENTED_EDGE ( 'NONE', *, *, #6394, .F. ) ;
#7732 = ORIENTED_EDGE ( 'NONE', *, *, #4593, .T. ) ;
#7733 = ADVANCED_FACE ( 'NONE', ( #4172 ), #7080, .F. ) ;
#7734 = CARTESIAN_POINT ( 'NONE',  ( -41.00000000000000700, 68.00000000000000000, 6.000000000000000000 ) ) ;
#7735 = CARTESIAN_POINT ( 'NONE',  ( -53.00000000000000700, -10.00000000000000000, 6.000000000000000000 ) ) ;
#7736 = CARTESIAN_POINT ( 'NONE',  ( 45.00000000000000000, -7.500000000000000000, 0.0000000000000000000 ) ) ;
#7737 = CYLINDRICAL_SURFACE ( 'NONE', #1003, 8.000000000000000000 ) ;
#7738 = VECTOR ( 'NONE', #7461, 1000.000000000000000 ) ;
#7739 = ORIENTED_EDGE ( 'NONE', *, *, #3194, .F. ) ;
#7740 = AXIS2_PLACEMENT_3D ( 'NONE', #4067, #7055, #5231 ) ;
#7741 = EDGE_CURVE ( 'NONE', #410, #4709, #2943, .T. ) ;
#7742 = CYLINDRICAL_SURFACE ( 'NONE', #2019, 1.650000000000000100 ) ;
#7743 = AXIS2_PLACEMENT_3D ( 'NONE', #7553, #3947, #823 ) ;
#7744 = CARTESIAN_POINT ( 'NONE',  ( -14.99999999999999600, -2.499999999999999100, 10.00000000000000000 ) ) ;
#7745 = DIRECTION ( 'NONE',  ( -1.000000000000000000, 0.0000000000000000000, 0.0000000000000000000 ) ) ;
#7746 = DIRECTION ( 'NONE',  ( 1.000000000000000000, 0.0000000000000000000, 0.0000000000000000000 ) ) ;
#7747 = ADVANCED_FACE ( 'NONE', ( #2662 ), #3138, .F. ) ;
#7748 = LINE ( 'NONE', #6623, #6161 ) ;
#7749 = VECTOR ( 'NONE', #2315, 1000.000000000000000 ) ;
#7750 = LINE ( 'NONE', #3745, #147 ) ;
#7751 = EDGE_LOOP ( 'NONE', ( #7849, #6108, #3985, #3949 ) ) ;
#7752 = CARTESIAN_POINT ( 'NONE',  ( -79.00000000000000000, -10.00000000000000000, 6.000000000000000000 ) ) ;
#7753 = CARTESIAN_POINT ( 'NONE',  ( 5.000000000000001800, 54.99999999999999300, 0.0000000000000000000 ) ) ;
#7754 = AXIS2_PLACEMENT_3D ( 'NONE', #1414, #2458, #1224 ) ;
#7755 = DIRECTION ( 'NONE',  ( 0.0000000000000000000, 0.0000000000000000000, 1.000000000000000000 ) ) ;
#7756 = CARTESIAN_POINT ( 'NONE',  ( -59.99999999999999300, 9.999999999999994700, 0.0000000000000000000 ) ) ;
#7757 = CONICAL_SURFACE ( 'NONE', #7228, 8.000000000000000000, 0.7853981633974482800 ) ;
#7758 = DIRECTION ( 'NONE',  ( 0.0000000000000000000, -1.000000000000000000, 0.0000000000000000000 ) ) ;
#7759 = CYLINDRICAL_SURFACE ( 'NONE', #3729, 1.650000000000000400 ) ;
#7760 = VERTEX_POINT ( 'NONE', #2287 ) ;
#7761 = CARTESIAN_POINT ( 'NONE',  ( 79.99999999999997200, 55.00000000000000000, 0.0000000000000000000 ) ) ;
#7762 = LINE ( 'NONE', #5954, #1797 ) ;
#7763 = VECTOR ( 'NONE', #3847, 1000.000000000000000 ) ;
#7764 = VERTEX_POINT ( 'NONE', #7091 ) ;
#7765 = PRODUCT_DEFINITION_FORMATION_WITH_SPECIFIED_SOURCE ( '任何', '', #1057, .NOT_KNOWN. ) ;
#7766 = VERTEX_POINT ( 'NONE', #1101 ) ;
#7767 = CARTESIAN_POINT ( 'NONE',  ( 0.0000000000000000000, 0.0000000000000000000, 57.99999999999997900 ) ) ;
#7768 = EDGE_CURVE ( 'NONE', #4971, #6005, #2555, .T. ) ;
#7769 = CIRCLE ( 'NONE', #6627, 5.000000000000004400 ) ;
#7770 = DIRECTION ( 'NONE',  ( 0.0000000000000000000, 0.0000000000000000000, -1.000000000000000000 ) ) ;
#7771 = LINE ( 'NONE', #747, #2777 ) ;
#7772 = CYLINDRICAL_SURFACE ( 'NONE', #1908, 1.650000000000000400 ) ;
#7773 = ORIENTED_EDGE ( 'NONE', *, *, #2115, .F. ) ;
#7774 = CARTESIAN_POINT ( 'NONE',  ( -80.00000000000001400, -50.00000000000000000, 0.0000000000000000000 ) ) ;
#7775 = EDGE_CURVE ( 'NONE', #3389, #6837, #4926, .T. ) ;
#7776 = AXIS2_PLACEMENT_3D ( 'NONE', #5364, #1725, #1151 ) ;
#7777 = CARTESIAN_POINT ( 'NONE',  ( 0.0000000000000000000, 13.00000000000000200, 10.00000000000000000 ) ) ;
#7778 = FACE_BOUND ( 'NONE', #1892, .T. ) ;
#7779 = ORIENTED_EDGE ( 'NONE', *, *, #1957, .F. ) ;
#7780 = CARTESIAN_POINT ( 'NONE',  ( -66.00000000000000000, -23.00000000000000000, 6.000000000000000000 ) ) ;
#7781 = CARTESIAN_POINT ( 'NONE',  ( 100.0000000000000300, -64.99999999999991500, 5.000000000000000000 ) ) ;
#7782 = ORIENTED_EDGE ( 'NONE', *, *, #1571, .F. ) ;
#7783 = CARTESIAN_POINT ( 'NONE',  ( -66.00000000000000000, -23.00000000000000000, 0.0000000000000000000 ) ) ;
#7784 = VERTEX_POINT ( 'NONE', #4076 ) ;
#7785 = ADVANCED_FACE ( 'NONE', ( #55 ), #7737, .F. ) ;
#7786 = CIRCLE ( 'NONE', #993, 3.999999999999996400 ) ;
#7787 = ORIENTED_EDGE ( 'NONE', *, *, #6284, .F. ) ;
#7788 = ORIENTED_EDGE ( 'NONE', *, *, #5769, .F. ) ;
#7789 = CARTESIAN_POINT ( 'NONE',  ( 0.0000000000000000000, -13.00000000000000200, 20.00000000000000000 ) ) ;
#7790 = EDGE_CURVE ( 'NONE', #7540, #3172, #1500, .T. ) ;
#7791 = DIRECTION ( 'NONE',  ( -1.577021341797097800E-016, 1.000000000000000000, -0.0000000000000000000 ) ) ;
#7792 = CIRCLE ( 'NONE', #4278, 5.000000000000004400 ) ;
#7793 = ORIENTED_EDGE ( 'NONE', *, *, #1911, .F. ) ;
#7794 = ORIENTED_EDGE ( 'NONE', *, *, #4946, .T. ) ;
#7795 = CARTESIAN_POINT ( 'NONE',  ( 70.00000000000000000, -0.5000000000000000000, 10.00000000000000000 ) ) ;
#7796 = CARTESIAN_POINT ( 'NONE',  ( 0.0000000000000000000, 0.0000000000000000000, 0.5000000000000004400 ) ) ;
#7797 = AXIS2_PLACEMENT_3D ( 'NONE', #1817, #6607, #5409 ) ;
#7798 = EDGE_CURVE ( 'NONE', #2826, #7492, #6617, .T. ) ;
#7799 = DIRECTION ( 'NONE',  ( 0.0000000000000000000, 0.0000000000000000000, 1.000000000000000000 ) ) ;
#7800 = AXIS2_PLACEMENT_3D ( 'NONE', #7581, #3350, #309 ) ;
#7801 = CYLINDRICAL_SURFACE ( 'NONE', #7400, 9.999999999999994700 ) ;
#7802 = EDGE_LOOP ( 'NONE', ( #1099, #4658 ) ) ;
#7803 = VERTEX_POINT ( 'NONE', #5369 ) ;
#7804 = DIRECTION ( 'NONE',  ( 0.0000000000000000000, -0.0000000000000000000, -1.000000000000000000 ) ) ;
#7805 = CARTESIAN_POINT ( 'NONE',  ( 54.00000000000000700, -14.49999999999999800, 0.0000000000000000000 ) ) ;
#7806 = CYLINDRICAL_SURFACE ( 'NONE', #3508, 2.100000000000001000 ) ;
#7807 = DIRECTION ( 'NONE',  ( -0.0000000000000000000, -0.0000000000000000000, 1.000000000000000000 ) ) ;
#7808 = EDGE_LOOP ( 'NONE', ( #91, #6456, #4354, #3349 ) ) ;
#7809 = AXIS2_PLACEMENT_3D ( 'NONE', #2883, #7141, #2909 ) ;
#7810 = VERTEX_POINT ( 'NONE', #6530 ) ;
#7811 = SURFACE_SIDE_STYLE ('',( #3418 ) ) ;
#7812 = PRESENTATION_LAYER_ASSIGNMENT (  '', '', ( #3478 ) ) ;
#7813 = EDGE_CURVE ( 'NONE', #5054, #5220, #345, .T. ) ;
#7814 = DIRECTION ( 'NONE',  ( 0.0000000000000000000, 0.0000000000000000000, 1.000000000000000000 ) ) ;
#7815 = CARTESIAN_POINT ( 'NONE',  ( -85.00000000000001400, -40.00000000000003600, 5.000000000000000000 ) ) ;
#7816 = DIRECTION ( 'NONE',  ( -1.000000000000000000, 0.0000000000000000000, 0.0000000000000000000 ) ) ;
#7817 = DIRECTION ( 'NONE',  ( -1.000000000000000000, 0.0000000000000000000, 0.0000000000000000000 ) ) ;
#7818 = ORIENTED_EDGE ( 'NONE', *, *, #1532, .F. ) ;
#7819 = DIRECTION ( 'NONE',  ( 0.0000000000000000000, 0.0000000000000000000, 1.000000000000000000 ) ) ;
#7820 = ORIENTED_EDGE ( 'NONE', *, *, #3041, .T. ) ;
#7821 = DIRECTION ( 'NONE',  ( -1.000000000000000000, 0.0000000000000000000, 0.0000000000000000000 ) ) ;
#7822 = CARTESIAN_POINT ( 'NONE',  ( 74.00000000000001400, -0.4999999999999994400, 6.000000000000000000 ) ) ;
#7823 = EDGE_CURVE ( 'NONE', #3932, #7701, #6150, .T. ) ;
#7824 = DIRECTION ( 'NONE',  ( -0.0000000000000000000, -0.0000000000000000000, 1.000000000000000000 ) ) ;
#7825 = VERTEX_POINT ( 'NONE', #1076 ) ;
#7826 = ADVANCED_FACE ( 'NONE', ( #7464 ), #5958, .F. ) ;
#7827 = AXIS2_PLACEMENT_3D ( 'NONE', #3725, #4914, #5544 ) ;
#7828 = FACE_BOUND ( 'NONE', #5254, .T. ) ;
#7829 = ORIENTED_EDGE ( 'NONE', *, *, #5721, .T. ) ;
#7830 = ORIENTED_EDGE ( 'NONE', *, *, #2774, .T. ) ;
#7831 = DIRECTION ( 'NONE',  ( -0.0000000000000000000, -0.0000000000000000000, -1.000000000000000000 ) ) ;
#7832 = DIRECTION ( 'NONE',  ( 1.000000000000000000, 0.0000000000000000000, 0.0000000000000000000 ) ) ;
#7833 = FILL_AREA_STYLE_COLOUR ( '', #7676 ) ;
#7834 = LINE ( 'NONE', #6544, #6426 ) ;
#7835 = ORIENTED_EDGE ( 'NONE', *, *, #1732, .F. ) ;
#7836 = ORIENTED_EDGE ( 'NONE', *, *, #4170, .F. ) ;
#7837 = EDGE_CURVE ( 'NONE', #5542, #580, #244, .T. ) ;
#7838 = CIRCLE ( 'NONE', #7601, 2.099999999999997900 ) ;
#7839 = CIRCLE ( 'NONE', #4146, 15.00000000000000200 ) ;
#7840 = ORIENTED_EDGE ( 'NONE', *, *, #881, .T. ) ;
#7841 = CARTESIAN_POINT ( 'NONE',  ( 25.00000000000000000, 15.00000000000000000, 10.00000000000000000 ) ) ;
#7842 = DIRECTION ( 'NONE',  ( 0.0000000000000000000, 0.0000000000000000000, -1.000000000000000000 ) ) ;
#7843 = VERTEX_POINT ( 'NONE', #4105 ) ;
#7844 = DIRECTION ( 'NONE',  ( -0.0000000000000000000, -0.0000000000000000000, 1.000000000000000000 ) ) ;
#7845 = AXIS2_PLACEMENT_3D ( 'NONE', #2250, #3515, #385 ) ;
#7846 = EDGE_CURVE ( 'NONE', #7509, #3388, #4633, .T. ) ;
#7847 = DIRECTION ( 'NONE',  ( -1.000000000000000000, 0.0000000000000000000, 0.0000000000000000000 ) ) ;
#7848 = VECTOR ( 'NONE', #5296, 1000.000000000000000 ) ;
#7849 = ORIENTED_EDGE ( 'NONE', *, *, #1209, .F. ) ;
#7850 = MANIFOLD_SOLID_BREP ( '切除-拉伸1', #2130 ) ;
#7851 = CARTESIAN_POINT ( 'NONE',  ( -17.00000000000000000, 0.0000000000000000000, 10.00000000000000000 ) ) ;
#7852 = ORIENTED_EDGE ( 'NONE', *, *, #393, .F. ) ;
#7853 = DIRECTION ( 'NONE',  ( 0.0000000000000000000, -0.0000000000000000000, 1.000000000000000000 ) ) ;
#7854 = DIRECTION ( 'NONE',  ( 1.000000000000000000, 0.0000000000000000000, 0.0000000000000000000 ) ) ;
#7855 = CIRCLE ( 'NONE', #5885, 4.000000000000003600 ) ;
#7856 = DIRECTION ( 'NONE',  ( -1.000000000000000000, 0.0000000000000000000, 0.0000000000000000000 ) ) ;
#7857 = ORIENTED_EDGE ( 'NONE', *, *, #946, .T. ) ;
#7858 = AXIS2_PLACEMENT_3D ( 'NONE', #7152, #4816, #6581 ) ;
#7859 = ORIENTED_EDGE ( 'NONE', *, *, #5860, .F. ) ;
#7860 = DIRECTION ( 'NONE',  ( 1.000000000000000000, 0.0000000000000000000, 0.0000000000000000000 ) ) ;
#7861 = CARTESIAN_POINT ( 'NONE',  ( 10.00000000000000200, 7.000000000000000900, 16.00000000000000000 ) ) ;
#7862 = EDGE_CURVE ( 'NONE', #100, #4746, #635, .T. ) ;
#7863 = CARTESIAN_POINT ( 'NONE',  ( 45.00000000000000700, -68.00000000000000000, -0.0000000000000000000 ) ) ;
#7864 = CYLINDRICAL_SURFACE ( 'NONE', #2313, 1.650000000000000400 ) ;
#7865 = FACE_OUTER_BOUND ( 'NONE', #5274, .T. ) ;
#7866 = VECTOR ( 'NONE', #3567, 1000.000000000000100 ) ;
#7867 = ADVANCED_FACE ( 'NONE', ( #1200 ), #6709, .F. ) ;
#7868 = SURFACE_SIDE_STYLE ('',( #7268 ) ) ;
#7869 = ORIENTED_EDGE ( 'NONE', *, *, #4638, .T. ) ;
#7870 = CARTESIAN_POINT ( 'NONE',  ( -54.00000000000000700, 55.00000000000000000, 0.0000000000000000000 ) ) ;
#7871 = CYLINDRICAL_SURFACE ( 'NONE', #5568, 3.999999999999996400 ) ;
#7872 = CARTESIAN_POINT ( 'NONE',  ( -10.00000000000000200, -6.999999999999999100, 16.00000000000000000 ) ) ;
#7873 = VECTOR ( 'NONE', #341, 1000.000000000000000 ) ;
#7874 = ORIENTED_EDGE ( 'NONE', *, *, #4687, .T. ) ;
#7875 = PRODUCT_DEFINITION_FORMATION_WITH_SPECIFIED_SOURCE ( '任何', '', #7565, .NOT_KNOWN. ) ;
#7876 = CARTESIAN_POINT ( 'NONE',  ( -41.00000000000000700, 42.00000000000000000, 0.0000000000000000000 ) ) ;
#7877 = EDGE_CURVE ( 'NONE', #1758, #7760, #4069, .T. ) ;
#7878 = AXIS2_PLACEMENT_3D ( 'NONE', #2843, #5861, #4613 ) ;
#7879 = FACE_OUTER_BOUND ( 'NONE', #1440, .T. ) ;
#7880 = VERTEX_POINT ( 'NONE', #558 ) ;
#7881 = DIRECTION ( 'NONE',  ( 1.000000000000000000, 0.0000000000000000000, 0.0000000000000000000 ) ) ;
#7882 = DIRECTION ( 'NONE',  ( -0.0000000000000000000, -0.0000000000000000000, -1.000000000000000000 ) ) ;
#7883 = EDGE_LOOP ( 'NONE', ( #7596, #448 ) ) ;
#7884 = DIRECTION ( 'NONE',  ( 0.0000000000000000000, -0.0000000000000000000, -1.000000000000000000 ) ) ;
#7885 = FACE_OUTER_BOUND ( 'NONE', #3366, .T. ) ;
#7886 = ORIENTED_EDGE ( 'NONE', *, *, #308, .T. ) ;
#7887 = ORIENTED_EDGE ( 'NONE', *, *, #7692, .F. ) ;
#7888 = CARTESIAN_POINT ( 'NONE',  ( -79.00000000000000000, -10.00000000000000000, 6.000000000000000000 ) ) ;
#7889 = EDGE_CURVE ( 'NONE', #1793, #2249, #2838, .T. ) ;
#7890 =( GEOMETRIC_REPRESENTATION_CONTEXT ( 3 ) GLOBAL_UNCERTAINTY_ASSIGNED_CONTEXT ( ( #2226 ) ) GLOBAL_UNIT_ASSIGNED_CONTEXT ( ( #6653, #7245, #4723 ) ) REPRESENTATION_CONTEXT ( 'NONE', 'WORKASPACE' ) );
#7891 = ORIENTED_EDGE ( 'NONE', *, *, #7639, .F. ) ;
#7892 = NEXT_ASSEMBLY_USAGE_OCCURRENCE ( 'NAUO1', ' ', ' ', #2140, #7660, $ ) ;
#7893 = NEXT_ASSEMBLY_USAGE_OCCURRENCE ( 'NAUO2', ' ', ' ', #2140, #2092, $ ) ;
#7894 = NEXT_ASSEMBLY_USAGE_OCCURRENCE ( 'NAUO3', ' ', ' ', #2140, #6057, $ ) ;
#7895 = NEXT_ASSEMBLY_USAGE_OCCURRENCE ( 'NAUO4', ' ', ' ', #2140, #3337, $ ) ;
#7896 = NEXT_ASSEMBLY_USAGE_OCCURRENCE ( 'NAUO5', ' ', ' ', #2140, #2921, $ ) ;
ENDSEC;
END-ISO-10303-21;
